ride_id,timestamp,pickup_zone,vehicle_type,hour,is_weekend,weather_severity,traffic_index,distance_km,ride_duration_min,demand,available_drivers,demand_supply_ratio,surge_multiplier,trip_cost
R0000000,2025-05-08 05:02:00,University,Economy,2,1,0.026,1.174,2.81,11.958,39,36,1.0833,1.035,7.27
R0000001,2025-08-02 05:56:00,Central,Economy,18,0,0.402,1.827,3.491,13.764,87,37,2.3514,1.5676,17.8
R0000002,2025-03-12 07:58:00,North,Economy,15,0,1.746,1.269,9.207,30.722,43,53,0.8113,1.0,21.35
R0000003,2025-02-14 23:32:00,Airport,Comfort,10,1,0.756,1.786,13.588,49.507,97,40,2.425,1.5985,74.09
R0000004,2025-12-23 18:05:00,Airport,Economy,10,0,0.145,1.639,7.489,26.077,80,36,2.2222,1.5133,29.84
R0000005,2025-05-04 20:26:00,Tech Park,Economy,20,1,1.672,1.82,9.946,38.42,79,29,2.7241,1.7241,52.24
R0000006,2025-06-26 23:55:00,Airport,Economy,2,0,0.183,1.053,14.26,44.617,46,59,0.7797,1.0,28.21
R0000007,2025-11-07 00:45:00,South,Premium,16,0,0.647,1.316,15.197,51.685,34,40,0.85,1.0,65.03
R0000008,2025-07-23 18:11:00,Tech Park,Economy,4,0,0.1,1.306,5.516,18.925,49,36,1.3611,1.1517,14.19
R0000009,2025-09-15 23:40:00,Airport,Economy,2,1,1.281,1.185,4.831,13.632,80,46,1.7391,1.3104,17.31
R0000010,2025-06-18 01:55:00,North,Economy,12,0,0.642,0.879,13.866,42.725,45,54,0.8333,1.0,27.09
R0000011,2025-06-12 06:58:00,Tech Park,Economy,23,1,0.809,1.441,9.972,32.546,52,48,1.0833,1.035,29.58
R0000012,2025-07-23 21:37:00,University,Comfort,17,1,0.776,1.988,10.738,40.003,82,42,1.9524,1.4,55.96
R0000013,2025-07-03 09:40:00,Central,Comfort,18,0,0.186,1.656,5.4,18.998,85,36,2.3611,1.5717,25.99
R0000014,2025-01-17 21:47:00,University,Economy,17,0,0.256,1.919,11.033,38.277,73,34,2.1471,1.4818,40.09
R0000015,2025-01-06 13:10:00,Tech Park,Premium,18,0,0.738,1.742,4.255,16.043,82,52,1.5769,1.2423,25.4
R0000016,2025-01-04 02:31:00,South,Economy,12,1,0.084,0.851,8.899,27.547,42,39,1.0769,1.0323,22.72
R0000017,2025-10-25 02:56:00,North,Comfort,3,0,1.091,0.96,8.26,24.221,39,34,1.1471,1.0618,23.14
R0000018,2025-09-22 22:19:00,Tech Park,Economy,20,0,0.484,1.399,8.292,31.304,70,47,1.4894,1.2055,28.7
R0000019,2025-04-26 15:49:00,Tech Park,Economy,10,0,0.593,1.658,11.937,45.598,62,44,1.4091,1.1718,39.35
R0000020,2025-11-14 20:10:00,Central,Comfort,12,0,0.642,1.032,4.432,16.429,53,38,1.3947,1.1658,16.35
R0000021,2025-04-01 15:45:00,University,Premium,8,1,0.141,1.471,11.272,34.446,59,36,1.6389,1.2683,48.77
R0000022,2025-07-14 12:10:00,University,Comfort,4,0,0.645,1.097,7.857,28.086,35,35,1.0,1.0,27.13
R0000023,2025-04-27 18:21:00,North,Comfort,22,0,0.983,1.331,5.026,16.97,45,34,1.3235,1.1359,19.11
R0000024,2025-09-13 07:18:00,Tech Park,Comfort,18,0,0.286,1.503,3.755,17.686,76,27,2.8148,1.7622,29.76
R0000025,2025-03-14 19:02:00,South,Comfort,15,0,0.251,0.916,21.95,62.266,40,35,1.1429,1.06,54.24
R0000026,2025-04-11 19:59:00,Tech Park,Economy,9,0,2.621,1.935,7.477,28.818,83,36,2.3056,1.5483,33.64
R0000027,2025-10-26 06:12:00,Tech Park,Economy,19,1,0.222,1.756,6.39,24.333,76,44,1.7273,1.3055,23.34
R0000028,2025-01-07 20:16:00,Airport,Comfort,13,0,0.393,1.058,4.141,11.663,47,35,1.3429,1.144,15.56
R0000029,2025-01-22 03:46:00,Airport,Economy,10,0,1.841,1.932,14.136,50.128,74,39,1.8974,1.3769,50.23
R0000030,2025-04-09 17:13:00,Central,Comfort,10,1,0.075,1.843,13.546,45.215,88,41,2.1463,1.4815,62.99
R0000031,2025-06-23 03:26:00,University,Economy,5,0,0.528,1.607,12.185,49.616,33,45,0.7333,1.0,32.92
R0000032,2025-07-20 18:17:00,North,Economy,2,0,0.965,1.289,7.511,21.458,39,38,1.0263,1.0111,14.65
R0000033,2025-08-28 17:23:00,University,Economy,13,0,0.56,1.198,11.742,33.891,44,52,0.8462,1.0,24.06
R0000034,2025-09-11 20:51:00,North,Comfort,21,1,0.058,1.347,4.938,18.535,68,42,1.619,1.26,21.51
R0000035,2025-01-19 09:23:00,Central,Economy,1,0,0.161,1.095,8.756,24.468,53,50,1.06,1.0252,19.89
R0000036,2025-06-23 17:28:00,University,Comfort,20,0,0.043,1.569,7.539,23.469,63,38,1.6579,1.2763,26.91
R0000037,2025-07-11 15:13:00,South,Economy,19,0,0.494,1.799,8.997,27.381,66,41,1.6098,1.2561,28.75
R0000038,2025-11-10 19:01:00,Central,Economy,6,0,0.844,1.081,2.866,10.652,71,46,1.5435,1.2283,11.26
R0000039,2025-05-28 22:03:00,Airport,Comfort,15,0,0.283,1.087,21.722,63.749,43,45,0.9556,1.0,53.98
R0000040,2025-10-16 23:52:00,Airport,Economy,3,0,0.423,1.185,18.919,60.758,60,42,1.4286,1.18,44.53
R0000041,2025-09-22 18:22:00,Central,Comfort,18,1,0.421,1.967,4.127,16.694,79,33,2.3939,1.5855,26.39
R0000042,2025-06-08 14:15:00,Central,Economy,16,1,1.609,1.571,10.671,37.815,65,41,1.5854,1.2459,37.97
R0000043,2025-11-20 02:23:00,South,Economy,8,0,0.728,1.909,3.429,13.094,57,36,1.5833,1.245,14.62
R0000044,2025-02-05 20:57:00,Central,Economy,1,1,0.643,1.247,8.135,26.189,60,38,1.5789,1.2432,22.62
R0000045,2025-01-13 02:02:00,Airport,Premium,23,1,1.407,1.176,2.322,6.611,62,53,1.1698,1.0713,13.22
R0000046,2025-08-28 08:28:00,Central,Economy,10,0,0.107,1.7,6.615,22.859,74,44,1.6818,1.2864,24.52
R0000047,2025-04-09 00:09:00,North,Economy,21,0,0.719,1.54,5.94,19.046,56,40,1.4,1.168,16.64
R0000048,2025-04-10 16:43:00,University,Comfort,16,1,0.338,1.024,14.676,47.688,43,43,1.0,1.0,43.74
R0000049,2025-08-25 14:31:00,North,Premium,18,0,1.788,2.192,19.446,76.725,58,36,1.6111,1.2567,134.74
R0000050,2025-07-16 06:35:00,Airport,Comfort,18,1,1.416,1.902,19.689,68.706,85,33,2.5758,1.6618,113.98
R0000051,2025-12-16 00:27:00,South,Comfort,4,0,0.338,1.102,14.688,45.935,34,50,0.68,1.0,40.87
R0000052,2025-05-22 17:17:00,University,Economy,8,0,0.45,1.695,8.128,28.105,74,50,1.48,1.2016,17.93
R0000053,2025-12-14 13:25:00,Tech Park,Economy,11,1,0.206,1.02,9.617,29.457,69,35,1.9714,1.408,25.44
R0000054,2025-12-11 19:37:00,Tech Park,Comfort,11,0,1.237,0.835,9.592,27.375,52,57,0.9123,1.0,24.95
R0000055,2025-12-30 15:44:00,University,Comfort,1,0,1.021,0.956,4.059,16.397,50,35,1.4286,1.18,19.34
R0000056,2025-08-13 02:02:00,South,Comfort,13,0,0.475,1.197,14.589,45.402,35,39,0.8974,1.0,39.25
R0000057,2025-11-07 03:05:00,University,Comfort,3,0,0.47,0.919,11.354,35.438,39,41,0.9512,1.0,24.93
R0000058,2025-01-16 13:45:00,Airport,Comfort,17,0,0.369,1.597,11.647,42.751,69,51,1.3529,1.1482,42.93
R0000059,2025-02-13 01:54:00,Tech Park,Economy,16,0,1.701,1.085,2.215,5.077,54,50,1.08,1.0336,4.5
R0000060,2025-03-10 07:04:00,Tech Park,Economy,22,0,0.518,0.964,9.964,30.504,53,48,1.1042,1.0438,20.16
R0000061,2025-10-23 15:43:00,University,Premium,17,0,0.384,1.618,13.506,46.097,64,43,1.4884,1.2051,66.22
R0000062,2025-12-19 00:32:00,North,Economy,8,0,1.138,1.921,7.703,27.211,62,39,1.5897,1.2477,27.8
R0000063,2025-03-02 07:30:00,Tech Park,Economy,23,1,0.442,1.282,5.898,17.367,65,61,1.0656,1.0275,12.87
R0000064,2025-03-18 02:21:00,Central,Economy,9,0,1.272,1.647,3.672,15.973,66,36,1.8333,1.35,18.42
R0000065,2025-07-06 01:27:00,South,Comfort,7,0,2.015,1.968,3.53,20.455,76,40,1.9,1.378,30.84
R0000066,2025-05-05 06:26:00,Central,Comfort,21,0,0.297,1.347,8.456,26.745,78,44,1.7727,1.3245,32.83
R0000067,2025-07-28 21:15:00,South,Comfort,8,0,0.922,1.726,6.827,25.987,53,35,1.5143,1.216,28.97
R0000068,2025-12-21 08:43:00,Tech Park,Economy,1,1,0.295,1.225,6.775,23.123,65,45,1.4444,1.1867,19.1
R0000069,2025-08-17 14:54:00,Central,Economy,11,0,2.793,1.491,18.01,60.072,66,56,1.1786,1.075,47.95
R0000070,2025-11-17 00:44:00,Central,Economy,19,0,0.68,1.909,3.893,18.896,67,34,1.9706,1.4076,20.84
R0000071,2025-02-15 12:37:00,Central,Comfort,4,1,1.015,1.333,6.423,26.78,59,47,1.2553,1.1072,28.34
R0000072,2025-03-21 10:31:00,Tech Park,Economy,11,1,0.02,1.047,19.722,58.17,48,52,0.9231,1.0,32.96
R0000073,2025-10-05 22:53:00,Tech Park,Economy,3,1,0.364,1.021,6.543,24.404,52,41,1.2683,1.1127,18.16
R0000074,2025-03-18 18:14:00,Tech Park,Economy,16,1,0.106,0.923,8.056,23.132,63,35,1.8,1.336,20.24
R0000075,2025-01-26 13:52:00,Central,Economy,11,1,0.679,0.86,7.055,18.983,73,43,1.6977,1.293,21.81
R0000076,2025-08-08 01:43:00,Tech Park,Economy,7,0,2.087,1.693,11.452,41.146,75,38,1.9737,1.4089,46.79
R0000077,2025-12-16 16:25:00,Tech Park,Comfort,5,0,1.196,1.394,2.509,11.528,47,39,1.2051,1.0862,14.65
R0000078,2025-10-13 21:05:00,Airport,Economy,13,0,0.951,1.444,6.946,24.033,64,31,2.0645,1.4471,24.64
R0000079,2025-07-08 08:29:00,Central,Economy,16,0,0.388,0.875,8.004,25.486,67,49,1.3673,1.1543,14.96
R0000080,2025-09-06 04:50:00,North,Economy,22,0,0.15,1.039,4.486,15.158,37,33,1.1212,1.0509,10.72
R0000081,2025-04-29 18:30:00,Central,Economy,10,0,0.556,1.367,9.384,34.614,73,32,2.2812,1.5381,32.88
R0000082,2025-06-28 06:28:00,Airport,Economy,3,0,1.051,1.013,11.971,37.52,55,40,1.375,1.1575,30.41
R0000083,2025-03-14 06:28:00,Central,Comfort,19,1,0.206,1.634,9.96,39.117,83,39,2.1282,1.4738,51.73
R0000084,2025-08-07 16:00:00,Airport,Economy,15,1,1.187,1.12,20.668,61.665,62,37,1.6757,1.2838,54.19
R0000085,2025-12-04 05:57:00,Airport,Comfort,16,0,0.714,0.784,6.121,17.676,56,48,1.1667,1.07,17.8
R0000086,2025-04-07 07:17:00,Central,Economy,2,0,0.252,1.355,10.219,34.212,64,44,1.4545,1.1909,25.41
R0000087,2025-09-18 17:35:00,Tech Park,Comfort,7,0,0.07,1.554,10.093,33.642,69,34,2.0294,1.4324,41.31
R0000088,2025-05-02 11:15:00,South,Economy,18,0,0.103,1.37,6.824,21.218,56,39,1.4359,1.1831,18.75
R0000089,2025-07-23 01:32:00,North,Economy,19,1,0.536,1.67,14.489,52.603,67,33,2.0303,1.4327,56.71
R0000090,2025-06-19 15:54:00,Tech Park,Economy,10,1,1.524,1.81,9.102,35.625,78,43,1.814,1.3419,37.81
R0000091,2025-09-21 21:29:00,South,Economy,19,1,0.256,1.672,4.013,15.676,74,39,1.8974,1.3769,17.77
R0000092,2025-01-30 08:37:00,Central,Economy,20,1,1.689,1.793,11.738,45.781,89,41,2.1707,1.4917,57.03
R0000093,2025-11-12 13:21:00,Central,Comfort,9,1,0.057,1.617,5.902,19.284,80,44,1.8182,1.3436,24.9
R0000094,2025-03-11 15:40:00,Central,Economy,21,0,0.627,1.833,6.504,24.107,84,43,1.9535,1.4005,24.37
R0000095,2025-06-22 01:41:00,South,Premium,6,0,0.569,0.865,6.775,17.775,41,47,0.8723,1.0,22.81
R0000096,2025-05-23 11:36:00,North,Comfort,5,0,0.85,1.028,11.64,35.84,32,45,0.7111,1.0,35.67
R0000097,2025-12-18 02:39:00,North,Economy,16,0,0.703,1.278,14.062,46.67,45,40,1.125,1.0525,35.08
R0000098,2025-07-03 17:44:00,South,Comfort,15,0,0.382,0.97,7.116,24.903,41,39,1.0513,1.0215,22.68
R0000099,2025-03-25 16:45:00,University,Economy,3,0,0.386,1.055,6.895,19.225,41,48,0.8542,1.0,10.62
R0000100,2025-10-31 16:07:00,Central,Economy,19,1,1.302,1.7,2.52,11.125,76,35,2.1714,1.492,13.29
R0000101,2025-10-13 17:10:00,South,Economy,4,0,0.659,1.045,5.257,20.107,41,39,1.0513,1.0215,15.43
R0000102,2025-11-08 11:06:00,North,Comfort,19,1,0.018,1.465,4.615,14.501,72,39,1.8462,1.3554,18.87
R0000103,2025-08-20 22:19:00,Tech Park,Economy,0,1,0.424,0.85,9.218,24.335,53,51,1.0392,1.0165,16.97
R0000104,2025-06-22 08:32:00,Tech Park,Economy,19,0,0.463,1.716,7.324,23.952,49,38,1.2895,1.1216,22.28
R0000105,2025-12-31 22:25:00,Tech Park,Comfort,18,0,0.46,1.824,4.712,19.84,81,36,2.25,1.525,28.17
R0000106,2025-10-02 22:18:00,Central,Economy,18,0,1.15,1.725,8.448,29.612,92,46,2.0,1.42,31.3
R0000107,2025-11-08 12:13:00,North,Economy,15,0,0.325,1.229,7.484,25.715,42,51,0.8235,1.0,20.11
R0000108,2025-12-21 02:44:00,Tech Park,Economy,11,0,0.758,1.048,1.921,6.673,42,57,0.7368,1.0,4.96
R0000109,2025-12-27 14:53:00,North,Comfort,16,1,2.115,1.282,14.287,50.316,51,58,0.8793,1.0,52.31
R0000110,2025-02-26 06:58:00,University,Economy,6,0,1.532,1.35,13.545,46.54,46,52,0.8846,1.0,34.48
R0000111,2025-09-11 06:31:00,Central,Economy,18,0,0.294,1.68,6.815,23.434,62,52,1.1923,1.0808,18.63
R0000112,2025-11-07 09:24:00,North,Premium,13,0,0.677,1.102,9.43,28.997,46,46,1.0,1.0,35.3
R0000113,2025-07-29 21:08:00,North,Premium,11,0,1.001,1.302,6.495,23.737,52,49,1.0612,1.0257,31.67
R0000114,2025-12-22 12:40:00,North,Economy,12,0,0.136,0.793,3.214,7.904,43,53,0.8113,1.0,8.1
R0000115,2025-06-12 21:19:00,Tech Park,Economy,13,0,0.592,1.052,25.535,79.277,65,48,1.3542,1.1488,50.39
R0000116,2025-11-26 19:40:00,Central,Economy,0,0,0.518,1.267,11.733,37.636,62,49,1.2653,1.1114,31.1
R0000117,2025-06-06 18:09:00,South,Premium,3,0,1.469,1.438,13.031,45.917,40,42,0.9524,1.0,59.55
R0000118,2025-08-14 10:39:00,South,Economy,5,0,0.763,1.288,6.643,21.957,37,56,0.6607,1.0,18.49
R0000119,2025-09-19 12:47:00,Tech Park,Economy,2,0,0.514,1.276,14.43,45.582,64,41,1.561,1.2356,38.48
R0000120,2025-12-22 05:03:00,South,Economy,10,0,1.061,1.674,3.656,12.684,52,32,1.625,1.2625,18.04
R0000121,2025-02-25 15:43:00,University,Economy,16,0,1.665,0.993,6.787,24.952,44,51,0.8627,1.0,17.49
R0000122,2025-12-29 07:50:00,University,Economy,15,0,0.008,0.955,11.669,34.243,27,43,0.6279,1.0,25.24
R0000123,2025-04-09 10:38:00,Central,Comfort,11,0,0.313,1.171,5.503,25.035,53,59,0.8983,1.0,20.17
R0000124,2025-07-30 16:04:00,Tech Park,Economy,20,0,2.163,2.083,12.819,50.811,61,31,1.9677,1.4065,60.11
R0000125,2025-06-09 00:25:00,University,Economy,13,0,3.0,1.445,9.18,29.726,65,55,1.1818,1.0764,29.77
R0000126,2025-01-05 22:00:00,Central,Comfort,1,0,0.25,0.871,8.717,22.334,54,44,1.2273,1.0955,21.99
R0000127,2025-11-06 04:49:00,South,Economy,18,0,1.284,1.625,5.228,22.149,68,50,1.36,1.1512,16.7
R0000128,2025-03-18 16:55:00,Central,Economy,13,0,0.249,0.947,9.703,28.774,51,43,1.186,1.0781,20.85
R0000129,2025-01-07 16:47:00,South,Economy,15,1,0.174,0.69,22.486,62.59,34,39,0.8718,1.0,36.18
R0000130,2025-04-02 09:27:00,Airport,Comfort,13,0,0.534,1.001,8.554,31.425,55,50,1.1,1.042,30.2
R0000131,2025-03-04 10:48:00,Tech Park,Economy,13,1,1.411,1.263,10.546,35.91,59,37,1.5946,1.2497,30.72
R0000132,2025-07-17 02:40:00,North,Comfort,2,0,0.47,1.067,11.438,36.064,42,45,0.9333,1.0,30.05
R0000133,2025-11-09 14:34:00,South,Economy,13,0,1.395,1.192,4.139,16.877,47,49,0.9592,1.0,12.45
R0000134,2025-04-14 23:08:00,Airport,Economy,19,1,1.504,1.697,7.222,28.488,78,38,2.0526,1.4421,31.81
R0000135,2025-07-06 01:47:00,Tech Park,Economy,7,1,0.368,1.513,7.102,22.415,74,29,2.5517,1.6517,27.65
R0000136,2025-04-29 06:42:00,North,Economy,14,1,0.357,0.964,2.414,11.359,61,38,1.6053,1.2542,12.18
R0000137,2025-05-28 09:52:00,South,Economy,0,0,0.483,1.214,11.988,38.345,39,30,1.3,1.126,29.96
R0000138,2025-03-19 00:13:00,Central,Comfort,8,1,0.613,1.66,4.653,20.996,80,61,1.3115,1.1308,20.92
R0000139,2025-01-14 15:23:00,Central,Economy,10,0,0.545,2.218,11.289,47.04,69,54,1.2778,1.1167,37.27
R0000140,2025-03-05 19:40:00,North,Economy,23,0,0.669,1.061,5.12,19.232,47,30,1.5667,1.238,16.37
R0000141,2025-08-01 23:55:00,University,Premium,5,0,0.397,1.15,23.883,73.318,52,34,1.5294,1.2224,99.81
R0000142,2025-05-14 12:23:00,Central,Economy,6,1,0.153,0.972,6.664,17.329,66,33,2.0,1.42,16.45
R0000143,2025-09-02 11:45:00,Tech Park,Economy,9,0,2.562,1.951,22.346,85.605,95,40,2.375,1.5775,105.51
R0000144,2025-04-30 11:41:00,Airport,Economy,23,1,0.313,1.338,7.064,26.161,52,44,1.1818,1.0764,22.07
R0000145,2025-02-16 22:55:00,Tech Park,Economy,20,0,0.067,1.742,7.543,26.903,61,46,1.3261,1.137,22.62
R0000146,2025-05-23 19:34:00,Central,Premium,0,1,1.132,0.888,18.387,52.623,68,46,1.4783,1.2009,72.64
R0000147,2025-08-29 17:20:00,North,Premium,5,0,0.193,0.851,4.69,9.633,29,41,0.7073,1.0,13.79
R0000148,2025-03-21 13:19:00,Central,Economy,19,1,1.038,1.712,7.984,29.147,79,41,1.9268,1.3893,30.16
R0000149,2025-12-15 03:28:00,Airport,Premium,1,0,0.298,0.96,10.451,28.707,55,55,1.0,1.0,37.16
R0000150,2025-10-25 23:29:00,Central,Economy,20,0,2.943,1.808,9.7,37.431,82,32,2.5625,1.6562,51.91
R0000151,2025-07-20 07:58:00,Central,Premium,6,0,1.879,1.359,7.954,27.73,44,47,0.9362,1.0,36.74
R0000152,2025-11-27 15:58:00,South,Comfort,22,0,0.505,0.753,7.375,21.372,39,33,1.1818,1.0764,20.24
R0000153,2025-03-23 23:21:00,University,Economy,7,0,0.953,1.744,12.373,48.121,65,35,1.8571,1.36,44.19
R0000154,2025-11-07 21:17:00,North,Economy,10,0,0.792,1.824,8.561,32.854,65,40,1.625,1.2625,32.03
R0000155,2025-10-09 07:57:00,University,Comfort,15,0,0.286,1.208,13.217,42.597,28,36,0.7778,1.0,36.41
R0000156,2025-10-04 12:14:00,North,Economy,3,0,1.098,1.172,9.636,31.559,40,49,0.8163,1.0,23.31
R0000157,2025-02-24 14:41:00,Airport,Economy,13,0,0.664,1.391,11.107,36.124,56,44,1.2727,1.1145,28.14
R0000158,2025-09-19 01:41:00,Central,Economy,12,1,0.753,1.195,14.49,48.107,71,51,1.3922,1.1647,37.71
R0000159,2025-03-14 17:44:00,North,Economy,18,0,1.022,1.886,6.55,23.413,59,38,1.5526,1.2321,26.54
R0000160,2025-09-16 12:43:00,Central,Economy,23,1,0.559,0.968,14.276,43.442,70,36,1.9444,1.3967,40.74
R0000161,2025-09-29 07:35:00,University,Economy,15,1,0.246,1.318,7.126,26.773,45,42,1.0714,1.03,15.35
R0000162,2025-05-04 23:51:00,Tech Park,Comfort,9,0,0.953,1.721,3.595,11.872,86,41,2.0976,1.461,20.55
R0000163,2025-11-14 08:18:00,South,Economy,9,1,1.181,2.046,6.481,23.108,76,43,1.7674,1.3223,28.09
R0000164,2025-01-30 19:52:00,North,Economy,10,0,1.186,2.008,5.22,18.814,58,39,1.4872,1.2046,15.73
R0000165,2025-04-24 05:01:00,North,Economy,19,0,1.208,1.814,9.549,39.794,71,35,2.0286,1.432,40.06
R0000166,2025-09-16 23:39:00,South,Economy,7,0,0.851,1.776,6.638,23.79,66,28,2.3571,1.57,30.53
R0000167,2025-07-21 19:46:00,Central,Comfort,4,0,0.073,0.981,8.334,22.891,47,27,1.7407,1.3111,28.3
R0000168,2025-10-28 17:34:00,Central,Economy,8,0,3.0,1.943,13.569,52.529,98,45,2.1778,1.4947,67.22
R0000169,2025-07-25 11:01:00,Central,Comfort,0,0,1.174,1.318,17.587,51.271,68,43,1.5814,1.2442,60.45
R0000170,2025-08-22 13:29:00,Central,Economy,2,1,0.421,1.174,9.125,27.209,57,43,1.3256,1.1367,24.23
R0000171,2025-09-28 02:08:00,Tech Park,Comfort,2,0,1.323,0.947,14.113,44.9,56,45,1.2444,1.1027,43.6
R0000172,2025-12-06 16:17:00,Airport,Economy,18,0,0.167,1.565,7.047,23.219,54,40,1.35,1.147,17.62
R0000173,2025-03-03 07:35:00,Central,Comfort,17,1,1.044,1.894,3.288,12.96,88,51,1.7255,1.3047,19.16
R0000174,2025-09-14 19:57:00,University,Economy,16,0,0.468,1.348,4.061,15.125,31,45,0.6889,1.0,12.15
R0000175,2025-01-30 08:46:00,University,Premium,11,0,0.179,1.163,6.975,23.342,42,41,1.0244,1.0102,28.31
R0000176,2025-05-30 14:00:00,North,Economy,17,1,0.175,1.308,12.032,38.376,57,30,1.9,1.378,36.52
R0000177,2025-09-25 06:41:00,North,Economy,3,0,0.908,0.974,6.986,22.806,28,47,0.5957,1.0,19.66
R0000178,2025-08-26 12:13:00,Tech Park,Economy,21,0,1.006,1.669,14.913,56.406,78,36,2.1667,1.49,59.71
R0000179,2025-12-13 06:48:00,Airport,Economy,12,0,0.227,1.293,21.272,66.146,28,33,0.8485,1.0,38.01
R0000180,2025-09-14 15:47:00,North,Economy,22,1,0.474,0.976,4.766,14.158,40,57,0.7018,1.0,9.74
R0000181,2025-12-15 22:06:00,Airport,Comfort,3,0,0.831,1.34,24.995,80.98,57,44,1.2955,1.1241,80.11
R0000182,2025-10-10 12:12:00,North,Comfort,11,0,0.36,0.953,3.161,12.079,28,43,0.6512,1.0,14.2
R0000183,2025-10-28 06:24:00,University,Economy,16,0,2.668,1.576,21.474,74.363,49,56,0.875,1.0,60.05
R0000184,2025-12-01 19:59:00,Tech Park,Premium,11,0,0.918,0.996,7.626,23.31,41,41,1.0,1.0,27.34
R0000185,2025-12-03 12:31:00,University,Economy,10,0,0.561,1.616,6.834,21.489,62,38,1.6316,1.2653,19.8
R0000186,2025-01-21 08:55:00,Tech Park,Economy,3,1,1.49,1.065,7.734,21.859,66,39,1.6923,1.2908,21.61
R0000187,2025-03-29 03:53:00,South,Comfort,9,1,0.987,1.987,5.003,20.631,66,33,2.0,1.42,31.54
R0000188,2025-06-04 00:37:00,Tech Park,Economy,5,0,0.838,1.026,17.741,52.205,56,51,1.098,1.0412,35.22
R0000189,2025-01-11 04:29:00,South,Economy,7,0,0.934,1.44,5.309,18.127,68,42,1.619,1.26,16.68
R0000190,2025-11-12 03:53:00,North,Economy,16,0,1.199,0.923,5.695,17.506,37,56,0.6607,1.0,12.4
R0000191,2025-03-08 03:13:00,Central,Economy,15,0,0.325,1.043,3.638,17.335,46,53,0.8679,1.0,12.22
R0000192,2025-02-08 22:47:00,South,Economy,14,0,0.046,0.926,5.197,15.15,40,51,0.7843,1.0,11.45
R0000193,2025-08-10 09:06:00,Central,Economy,8,0,1.592,1.953,5.285,24.16,77,49,1.5714,1.24,23.28
R0000194,2025-06-06 17:03:00,North,Economy,23,0,0.666,1.078,5.093,19.497,42,45,0.9333,1.0,14.8
R0000195,2025-07-12 08:36:00,Central,Comfort,2,0,0.395,1.281,7.052,25.404,55,45,1.2222,1.0933,28.63
R0000196,2025-01-31 01:24:00,South,Premium,8,0,0.244,1.525,4.208,13.714,62,44,1.4091,1.1718,21.71
R0000197,2025-12-19 07:32:00,Central,Economy,2,0,0.208,1.222,18.671,59.476,57,49,1.1633,1.0686,40.62
R0000198,2025-08-21 21:16:00,Central,Economy,8,0,0.733,1.511,7.142,24.451,92,43,2.1395,1.4786,24.46
R0000199,2025-02-07 13:39:00,North,Economy,23,1,0.608,0.839,9.542,32.297,47,51,0.9216,1.0,22.88
R0000200,2025-10-30 02:12:00,Central,Economy,8,1,1.506,1.673,12.478,45.727,103,34,3.0294,1.8524,61.99
R0000201,2025-03-20 14:06:00,University,Economy,21,1,1.026,1.532,23.658,80.33,65,28,2.3214,1.555,88.8
R0000202,2025-01-14 18:00:00,North,Economy,11,1,1.181,0.989,12.813,42.467,47,35,1.3429,1.144,37.46
R0000203,2025-01-07 02:13:00,Central,Comfort,16,0,1.443,1.334,6.778,22.307,80,44,1.8182,1.3436,29.29
R0000204,2025-01-19 18:50:00,Airport,Economy,10,1,0.769,1.641,4.306,17.546,85,37,2.2973,1.5449,20.68
R0000205,2025-04-01 01:03:00,Tech Park,Comfort,6,0,2.077,1.399,9.355,33.352,62,31,2.0,1.42,49.58
R0000206,2025-04-12 11:55:00,South,Comfort,18,0,0.306,1.7,13.933,50.962,58,40,1.45,1.189,50.79
R0000207,2025-05-27 19:03:00,North,Comfort,23,0,1.419,0.952,8.399,25.28,34,49,0.6939,1.0,24.72
R0000208,2025-10-30 16:28:00,Central,Economy,6,0,0.045,1.111,8.052,27.45,46,41,1.122,1.0512,18.42
R0000209,2025-05-15 21:31:00,Tech Park,Comfort,18,0,0.05,1.342,8.736,27.987,78,50,1.56,1.2352,30.36
R0000210,2025-11-08 11:58:00,University,Comfort,6,0,0.161,0.925,2.778,11.829,43,44,0.9773,1.0,8.13
R0000211,2025-01-18 11:05:00,North,Economy,17,0,0.563,1.311,8.42,27.522,56,43,1.3023,1.127,22.99
R0000212,2025-12-31 07:30:00,Central,Economy,18,1,0.037,1.674,11.62,44.803,76,39,1.9487,1.3985,47.48
R0000213,2025-07-31 06:22:00,Airport,Comfort,10,0,0.545,1.344,7.575,27.986,67,29,2.3103,1.5503,38.7
R0000214,2025-07-25 05:24:00,Airport,Economy,17,0,0.419,1.409,14.41,49.512,60,39,1.5385,1.2262,36.38
R0000215,2025-04-12 03:18:00,Tech Park,Economy,6,1,2.846,1.309,14.677,47.724,67,44,1.5227,1.2195,48.36
R0000216,2025-10-24 01:34:00,University,Economy,1,0,0.111,0.997,5.888,20.984,41,47,0.8723,1.0,12.72
R0000217,2025-01-21 23:10:00,University,Comfort,2,0,0.704,1.098,9.904,32.305,42,37,1.1351,1.0568,30.58
R0000218,2025-08-03 21:14:00,Tech Park,Economy,10,0,1.006,1.877,7.953,23.417,83,37,2.2432,1.5222,28.09
R0000219,2025-05-26 18:41:00,Central,Economy,21,0,1.97,1.886,2.545,8.999,80,46,1.7391,1.3104,10.94
R0000220,2025-07-03 00:15:00,University,Economy,3,0,1.159,1.382,7.008,24.473,55,41,1.3415,1.1434,21.9
R0000221,2025-12-05 20:57:00,Central,Comfort,10,1,1.607,1.908,4.406,18.292,83,46,1.8043,1.3378,26.42
R0000222,2025-09-01 00:52:00,Central,Comfort,16,1,0.797,0.973,8.362,27.115,62,52,1.1923,1.0808,23.43
R0000223,2025-11-30 21:09:00,Tech Park,Economy,4,0,0.272,0.929,11.308,37.017,48,52,0.9231,1.0,24.22
R0000224,2025-02-09 22:49:00,Airport,Economy,17,0,0.094,1.839,6.892,27.69,72,46,1.5652,1.2374,30.51
R0000225,2025-03-16 14:19:00,Tech Park,Economy,7,1,1.248,1.996,4.735,14.653,86,29,2.9655,1.8255,26.82
R0000226,2025-06-24 04:09:00,University,Economy,19,0,0.398,1.77,8.835,33.337,68,31,2.1935,1.5013,35.87
R0000227,2025-03-09 00:34:00,Tech Park,Comfort,13,0,0.026,1.177,29.786,95.029,40,46,0.8696,1.0,86.7
R0000228,2025-11-25 23:58:00,Tech Park,Economy,13,0,0.44,1.163,2.352,8.892,60,39,1.5385,1.2262,7.06
R0000229,2025-08-29 00:15:00,North,Comfort,4,0,0.604,1.169,8.829,28.82,40,40,1.0,1.0,27.2
R0000230,2025-08-01 11:24:00,Airport,Comfort,11,0,1.801,1.333,5.76,18.747,55,45,1.2222,1.0933,25.31
R0000231,2025-11-22 10:55:00,Tech Park,Comfort,20,0,0.48,1.942,6.145,26.33,70,45,1.5556,1.2333,30.06
R0000232,2025-04-29 11:03:00,South,Economy,0,0,0.609,1.026,7.333,22.151,28,46,0.6087,1.0,16.48
R0000233,2025-07-15 22:48:00,University,Economy,18,0,0.618,1.704,6.429,25.297,71,43,1.6512,1.2735,22.97
R0000234,2025-08-06 11:22:00,Airport,Economy,11,0,1.392,0.943,10.816,33.286,65,37,1.7568,1.3178,30.74
R0000235,2025-08-03 18:45:00,Central,Premium,17,0,0.281,1.343,6.801,23.324,66,44,1.5,1.21,34.93
R0000236,2025-07-03 11:36:00,Central,Comfort,15,1,0.893,1.487,2.365,10.405,67,50,1.34,1.1428,10.64
R0000237,2025-08-09 00:24:00,Tech Park,Economy,10,0,0.36,1.726,15.702,57.17,68,36,1.8889,1.3733,50.31
R0000238,2025-11-18 12:00:00,Tech Park,Comfort,7,0,1.768,1.83,14.456,56.43,82,50,1.64,1.2688,72.31
R0000239,2025-08-27 23:33:00,University,Economy,15,0,2.098,1.392,5.564,20.977,43,46,0.9348,1.0,14.39
R0000240,2025-11-30 09:17:00,Central,Economy,3,1,0.707,0.883,7.983,26.144,56,49,1.1429,1.06,18.43
R0000241,2025-11-28 11:22:00,North,Comfort,14,0,0.838,1.074,15.175,44.779,43,54,0.7963,1.0,36.01
R0000242,2025-08-23 11:32:00,Airport,Economy,2,1,0.491,0.826,13.712,37.417,54,47,1.1489,1.0626,22.77
R0000243,2025-08-25 10:29:00,Central,Premium,15,0,0.049,0.956,16.388,48.546,59,53,1.1132,1.0475,57.77
R0000244,2025-08-16 22:37:00,North,Premium,15,0,0.623,1.235,9.544,32.731,42,36,1.1667,1.07,42.08
R0000245,2025-02-15 10:40:00,South,Premium,2,0,0.569,1.184,11.861,38.922,36,47,0.766,1.0,45.2
R0000246,2025-08-05 13:19:00,North,Comfort,18,0,0.429,1.913,16.858,61.822,58,30,1.9333,1.392,78.11
R0000247,2025-12-02 21:02:00,Central,Economy,9,1,0.482,1.69,6.431,25.639,90,35,2.5714,1.66,32.04
R0000248,2025-09-17 17:06:00,South,Economy,18,1,0.903,1.266,9.898,31.065,64,28,2.2857,1.54,33.28
R0000249,2025-05-30 14:21:00,Tech Park,Economy,0,0,0.839,1.502,2.385,10.918,53,57,0.9298,1.0,8.55
R0000250,2025-05-04 03:08:00,Central,Comfort,4,1,0.495,0.938,3.258,11.406,75,40,1.875,1.3675,17.47
R0000251,2025-01-03 19:03:00,Central,Economy,11,0,1.896,1.37,10.227,33.882,52,40,1.3,1.126,28.18
R0000252,2025-08-06 06:46:00,Tech Park,Comfort,4,0,0.036,1.025,11.122,32.811,50,59,0.8475,1.0,30.46
R0000253,2025-08-08 10:43:00,Tech Park,Economy,7,0,0.297,1.647,6.278,23.449,74,35,2.1143,1.468,24.31
R0000254,2025-08-10 18:24:00,Tech Park,Economy,15,0,1.247,1.233,5.565,18.923,57,50,1.14,1.0588,17.19
R0000255,2025-11-16 18:11:00,Central,Economy,3,1,0.065,1.024,6.388,17.851,59,62,0.9516,1.0,13.26
R0000256,2025-07-08 11:32:00,South,Comfort,16,0,0.035,0.768,8.632,26.159,37,43,0.8605,1.0,23.06
R0000257,2025-08-23 03:34:00,University,Economy,2,0,0.293,1.518,2.176,11.314,35,42,0.8333,1.0,9.95
R0000258,2025-07-12 18:30:00,North,Economy,4,0,0.577,1.221,10.035,34.381,30,54,0.5556,1.0,24.87
R0000259,2025-01-09 11:04:00,North,Economy,14,0,0.375,1.077,7.908,25.641,33,26,1.2692,1.1131,22.41
R0000260,2025-09-08 19:12:00,University,Economy,19,0,0.732,2.013,8.9,33.987,50,43,1.1628,1.0684,25.91
R0000261,2025-07-12 09:33:00,Airport,Premium,4,0,0.041,0.814,7.257,21.684,42,49,0.8571,1.0,27.48
R0000262,2025-08-30 06:00:00,Tech Park,Economy,7,0,0.26,1.753,3.63,14.062,64,31,2.0645,1.4471,16.39
R0000263,2025-10-07 05:12:00,Tech Park,Economy,22,0,1.087,1.096,4.246,14.433,51,50,1.02,1.0084,8.89
R0000264,2025-02-10 23:51:00,Central,Economy,23,0,0.897,1.234,17.956,59.201,51,42,1.2143,1.09,44.82
R0000265,2025-06-09 00:12:00,Tech Park,Economy,13,0,0.321,1.134,5.455,17.704,48,43,1.1163,1.0488,15.1
R0000266,2025-06-22 19:22:00,North,Economy,10,0,0.686,1.253,12.113,35.19,68,36,1.8889,1.3733,34.75
R0000267,2025-03-24 10:48:00,Tech Park,Economy,8,1,0.565,1.394,4.283,17.115,79,44,1.7955,1.3341,16.98
R0000268,2025-04-02 20:30:00,University,Economy,14,1,0.581,1.39,7.704,27.271,48,41,1.1707,1.0717,18.99
R0000269,2025-12-13 23:57:00,University,Economy,14,0,0.787,1.096,6.096,20.007,44,46,0.9565,1.0,13.93
R0000270,2025-05-10 08:31:00,Airport,Economy,7,1,2.198,2.306,6.632,25.51,90,37,2.4324,1.6016,38.31
R0000271,2025-01-21 16:25:00,Tech Park,Comfort,0,0,2.235,1.638,6.443,21.849,51,51,1.0,1.0,24.07
R0000272,2025-09-21 16:26:00,University,Economy,3,0,0.067,0.972,17.187,49.367,39,45,0.8667,1.0,27.84
R0000273,2025-01-18 03:39:00,South,Comfort,23,0,0.468,1.029,22.424,65.79,40,51,0.7843,1.0,54.14
R0000274,2025-06-23 21:05:00,South,Economy,10,0,0.15,1.874,8.852,32.669,56,41,1.3659,1.1537,25.35
R0000275,2025-08-21 20:16:00,Airport,Comfort,11,1,0.848,1.531,6.191,19.648,66,35,1.8857,1.372,26.23
R0000276,2025-06-06 08:23:00,Tech Park,Economy,11,0,0.495,1.037,3.739,17.197,46,53,0.8679,1.0,13.74
R0000277,2025-04-25 19:42:00,Airport,Comfort,18,0,1.438,2.086,3.6,18.569,62,45,1.3778,1.1587,22.19
R0000278,2025-12-06 02:47:00,Central,Comfort,1,0,0.606,1.294,17.239,56.415,63,54,1.1667,1.07,53.29
R0000279,2025-11-30 22:47:00,University,Premium,1,0,1.961,1.569,3.463,13.147,47,52,0.9038,1.0,19.21
R0000280,2025-02-27 14:16:00,University,Comfort,6,0,2.305,1.433,6.097,25.444,56,44,1.2727,1.1145,30.66
R0000281,2025-10-23 17:35:00,University,Economy,11,0,1.905,1.222,8.461,31.203,44,42,1.0476,1.02,22.33
R0000282,2025-09-03 11:51:00,North,Premium,16,0,0.019,0.814,1.857,4.964,29,50,0.58,1.0,7.4
R0000283,2025-06-25 19:20:00,Central,Comfort,11,0,0.779,0.905,3.905,13.055,43,45,0.9556,1.0,11.77
R0000284,2025-04-03 08:13:00,North,Economy,10,0,0.425,1.97,3.721,14.957,51,33,1.5455,1.2291,16.23
R0000285,2025-06-22 17:03:00,Airport,Economy,22,0,0.495,1.091,5.386,16.945,47,34,1.3824,1.1606,11.64
R0000286,2025-04-17 02:10:00,University,Premium,3,0,1.247,1.018,8.956,27.248,41,42,0.9762,1.0,34.28
R0000287,2025-10-24 22:54:00,South,Economy,13,0,0.456,1.263,13.671,44.009,40,38,1.0526,1.0221,26.52
R0000288,2025-10-28 10:35:00,North,Comfort,13,0,0.642,1.029,5.393,17.737,34,42,0.8095,1.0,15.76
R0000289,2025-10-04 21:59:00,Airport,Economy,11,0,0.677,1.005,6.026,19.475,57,46,1.2391,1.1004,15.13
R0000290,2025-09-07 04:38:00,North,Comfort,19,0,0.036,1.929,7.273,31.499,52,36,1.4444,1.1867,36.25
R0000291,2025-08-19 15:48:00,University,Economy,6,1,0.388,0.83,4.988,13.47,51,46,1.1087,1.0457,8.17
R0000292,2025-03-21 11:59:00,Tech Park,Comfort,22,0,1.521,1.316,9.775,34.601,51,38,1.3421,1.1437,34.2
R0000293,2025-09-07 00:07:00,Airport,Economy,7,0,0.026,1.448,9.942,31.755,64,51,1.2549,1.1071,26.1
R0000294,2025-06-15 11:04:00,Central,Premium,13,0,0.993,1.044,1.739,7.128,56,57,0.9825,1.0,10.22
R0000295,2025-11-24 16:20:00,North,Economy,12,1,0.229,0.778,11.042,33.73,44,43,1.0233,1.0098,17.93
R0000296,2025-02-25 21:30:00,Airport,Economy,20,1,0.415,1.635,8.331,31.411,70,43,1.6279,1.2637,27.28
R0000297,2025-02-02 05:22:00,University,Economy,10,0,1.166,1.603,8.956,31.363,70,44,1.5909,1.2482,28.58
R0000298,2025-02-05 06:19:00,South,Economy,6,0,0.167,1.137,14.862,46.95,29,36,0.8056,1.0,28.17
R0000299,2025-03-16 06:12:00,Airport,Premium,0,0,0.454,1.073,2.908,13.75,35,54,0.6481,1.0,17.45
R0000300,2025-11-08 21:31:00,Tech Park,Economy,8,1,0.879,1.652,3.894,13.649,89,37,2.4054,1.5903,16.12
R0000301,2025-04-27 07:10:00,Central,Economy,19,0,0.263,1.441,7.474,27.221,62,55,1.1273,1.0535,20.04
R0000302,2025-07-26 10:10:00,Central,Comfort,0,0,0.101,1.276,2.167,10.415,45,39,1.1538,1.0646,10.52
R0000303,2025-05-15 11:12:00,South,Economy,21,1,0.606,1.792,6.914,25.35,64,38,1.6842,1.2874,24.77
R0000304,2025-02-25 08:54:00,Airport,Economy,13,1,0.063,0.889,12.371,40.022,67,49,1.3673,1.1543,30.52
R0000305,2025-02-16 04:29:00,North,Comfort,3,0,0.403,0.828,9.662,32.665,37,38,0.9737,1.0,29.65
R0000306,2025-08-11 04:03:00,Tech Park,Economy,7,0,0.235,1.253,8.113,29.176,72,34,2.1176,1.4694,31.99
R0000307,2025-08-26 13:08:00,University,Comfort,13,0,0.737,1.337,6.835,25.692,41,38,1.0789,1.0332,21.02
R0000308,2025-05-31 00:20:00,Central,Economy,7,0,0.752,1.849,6.139,19.931,64,39,1.641,1.2692,21.39
R0000309,2025-06-01 01:53:00,South,Economy,2,0,0.287,1.24,5.948,17.056,31,47,0.6596,1.0,14.18
R0000310,2025-07-17 13:07:00,Central,Economy,15,1,1.924,1.325,8.809,29.292,80,45,1.7778,1.3267,29.27
R0000311,2025-03-30 18:46:00,South,Comfort,16,1,1.46,1.408,3.31,10.8,59,36,1.6389,1.2683,16.08
R0000312,2025-01-17 17:03:00,Central,Economy,2,0,0.196,1.22,17.369,56.499,60,39,1.5385,1.2262,46.98
R0000313,2025-11-10 02:46:00,South,Comfort,6,0,3.0,1.527,5.177,12.571,52,46,1.1304,1.0548,17.29
R0000314,2025-02-17 09:28:00,Central,Economy,5,0,1.12,1.137,10.556,34.706,57,47,1.2128,1.0894,29.43
R0000315,2025-07-15 08:05:00,University,Economy,15,0,0.813,0.971,8.119,24.456,45,42,1.0714,1.03,17.87
R0000316,2025-05-23 19:55:00,University,Comfort,17,1,0.863,1.782,4.119,14.989,83,38,2.1842,1.4974,25.27
R0000317,2025-04-27 09:56:00,Central,Economy,17,0,0.135,1.675,15.815,60.632,68,42,1.619,1.26,52.3
R0000318,2025-01-13 17:52:00,Tech Park,Economy,22,0,1.658,1.225,14.081,44.351,49,38,1.2895,1.1216,33.52
R0000319,2025-10-29 20:31:00,Airport,Economy,18,0,0.037,1.505,3.274,8.843,58,37,1.5676,1.2384,10.72
R0000320,2025-12-06 18:02:00,Tech Park,Comfort,7,0,0.858,1.665,7.46,28.358,71,36,1.9722,1.4083,37.87
R0000321,2025-06-22 18:36:00,Central,Economy,2,0,1.476,1.408,8.706,30.609,48,46,1.0435,1.0183,26.05
R0000322,2025-11-14 23:36:00,Central,Economy,14,0,0.217,0.792,2.486,7.887,56,49,1.1429,1.06,6.94
R0000323,2025-06-02 23:17:00,Tech Park,Economy,21,1,1.188,1.565,2.42,14.852,74,50,1.48,1.2016,14.35
R0000324,2025-10-14 15:50:00,North,Premium,23,0,0.663,0.924,4.911,15.886,47,35,1.3429,1.144,21.39
R0000325,2025-09-20 18:19:00,South,Economy,5,1,1.252,1.199,3.772,15.31,55,47,1.1702,1.0715,13.27
R0000326,2025-05-29 08:18:00,South,Economy,5,0,1.421,1.313,4.376,16.063,48,41,1.1707,1.0717,15.27
R0000327,2025-12-08 15:01:00,Airport,Economy,0,1,2.063,1.179,3.773,15.81,84,41,2.0488,1.4405,19.7
R0000328,2025-07-30 14:08:00,Airport,Economy,3,0,1.718,1.473,7.262,24.752,59,53,1.1132,1.0475,25.11
R0000329,2025-09-19 14:28:00,South,Economy,13,0,0.048,1.272,4.755,14.05,44,33,1.3333,1.14,11.67
R0000330,2025-03-18 19:29:00,South,Comfort,13,1,0.202,1.111,14.335,46.106,40,47,0.8511,1.0,36.19
R0000331,2025-11-30 20:56:00,Airport,Comfort,8,0,0.94,1.921,8.578,33.751,70,45,1.5556,1.2333,41.31
R0000332,2025-07-13 07:49:00,North,Economy,7,0,1.437,1.644,12.024,44.699,60,49,1.2245,1.0943,37.13
R0000333,2025-12-29 21:09:00,South,Economy,19,0,0.168,1.42,3.069,10.14,55,38,1.4474,1.1879,8.49
R0000334,2025-11-05 18:32:00,South,Economy,11,0,1.1,1.291,5.499,19.861,39,36,1.0833,1.035,18.3
R0000335,2025-11-02 18:54:00,Tech Park,Economy,19,0,1.818,1.87,8.372,28.465,83,36,2.3056,1.5483,36.48
R0000336,2025-11-30 07:19:00,North,Economy,23,0,1.392,1.09,9.966,30.106,42,40,1.05,1.021,26.16
R0000337,2025-09-16 13:52:00,South,Economy,7,1,1.086,2.002,5.44,20.358,85,32,2.6562,1.6956,31.82
R0000338,2025-12-15 13:23:00,South,Premium,4,0,0.566,1.156,5.897,20.471,30,43,0.6977,1.0,26.36
R0000339,2025-06-28 01:59:00,Central,Economy,22,0,0.539,1.223,6.263,19.787,60,43,1.3953,1.166,17.09
R0000340,2025-03-23 01:15:00,Airport,Economy,15,0,2.909,1.402,6.594,19.858,54,44,1.2273,1.0955,18.14
R0000341,2025-05-20 14:02:00,Airport,Premium,6,1,0.381,1.371,25.542,82.374,49,40,1.225,1.0945,101.11
R0000342,2025-09-14 23:50:00,Tech Park,Economy,14,0,0.397,1.043,9.228,29.92,49,49,1.0,1.0,17.83
R0000343,2025-09-09 23:15:00,Central,Economy,12,0,1.235,1.406,7.94,27.553,56,57,0.9825,1.0,18.57
R0000344,2025-10-01 22:37:00,South,Economy,21,0,0.882,1.604,3.887,13.127,63,38,1.6579,1.2763,15.17
R0000345,2025-06-20 16:23:00,South,Premium,6,0,0.785,1.172,3.938,15.34,27,47,0.5745,1.0,20.34
R0000346,2025-07-02 07:28:00,North,Economy,23,1,1.308,1.336,6.908,26.95,50,42,1.1905,1.08,18.71
R0000347,2025-07-04 14:59:00,Tech Park,Economy,22,0,0.411,1.433,14.465,50.773,40,58,0.6897,1.0,32.18
R0000348,2025-11-24 14:39:00,Tech Park,Economy,4,1,0.998,1.1,6.962,17.208,71,44,1.6136,1.2577,15.97
R0000349,2025-10-18 02:39:00,Airport,Economy,3,0,0.053,1.046,7.128,22.971,38,52,0.7308,1.0,18.26
R0000350,2025-08-10 21:24:00,Tech Park,Economy,12,0,0.166,1.136,5.159,16.746,51,48,1.0625,1.0263,9.01
R0000351,2025-10-23 23:16:00,North,Economy,1,0,1.104,0.944,2.98,5.523,49,41,1.1951,1.082,9.82
R0000352,2025-11-24 12:12:00,Central,Premium,7,0,0.262,1.206,9.878,29.035,82,35,2.3429,1.564,54.87
R0000353,2025-03-23 05:34:00,Tech Park,Comfort,10,0,0.514,1.463,6.754,25.504,59,36,1.6389,1.2683,25.18
R0000354,2025-10-23 08:25:00,Tech Park,Economy,23,0,2.28,1.584,9.928,35.631,61,63,0.9683,1.0,27.33
R0000355,2025-08-11 14:06:00,Central,Economy,23,0,0.729,1.44,8.457,29.368,51,61,0.8361,1.0,22.07
R0000356,2025-06-11 04:22:00,University,Economy,3,0,0.734,0.966,4.571,13.194,43,42,1.0238,1.01,9.71
R0000357,2025-12-21 11:16:00,South,Economy,21,0,0.281,1.381,8.793,32.233,57,50,1.14,1.0588,22.5
R0000358,2025-05-04 09:52:00,South,Comfort,2,0,0.583,1.381,3.819,11.106,34,52,0.6538,1.0,15.77
R0000359,2025-11-23 03:52:00,Airport,Economy,17,0,0.094,1.465,8.755,28.398,66,41,1.6098,1.2561,23.82
R0000360,2025-12-30 06:20:00,Central,Comfort,20,0,0.716,1.612,7.504,26.466,91,34,2.6765,1.7041,41.58
R0000361,2025-01-13 23:38:00,North,Economy,21,0,0.572,1.916,18.126,64.815,53,34,1.5588,1.2347,58.99
R0000362,2025-08-28 07:41:00,South,Comfort,5,0,0.127,1.256,4.822,14.593,30,34,0.8824,1.0,11.88
R0000363,2025-11-07 03:02:00,North,Comfort,21,0,0.553,1.818,3.744,17.296,60,27,2.2222,1.5133,28.14
R0000364,2025-03-06 02:20:00,Tech Park,Comfort,2,0,0.728,0.823,6.189,16.659,44,38,1.1579,1.0663,18.25
R0000365,2025-11-16 18:51:00,Central,Premium,12,0,0.462,0.857,10.859,33.386,52,50,1.04,1.0168,42.73
R0000366,2025-06-04 22:17:00,Tech Park,Comfort,11,0,0.953,1.373,1.667,8.261,52,50,1.04,1.0168,10.56
R0000367,2025-04-10 04:09:00,Tech Park,Economy,7,0,0.176,1.639,12.573,44.418,82,35,2.3429,1.564,46.16
R0000368,2025-08-27 14:25:00,Tech Park,Economy,0,0,0.59,0.966,6.926,18.265,44,39,1.1282,1.0538,14.38
R0000369,2025-12-20 12:57:00,Tech Park,Economy,18,0,0.97,1.663,4.145,15.995,86,47,1.8298,1.3485,21.76
R0000370,2025-12-28 01:34:00,University,Comfort,8,1,0.4,1.822,6.345,19.691,57,32,1.7812,1.3281,26.96
R0000371,2025-06-06 09:49:00,Airport,Economy,15,0,2.687,1.759,5.168,18.655,49,42,1.1667,1.07,18.4
R0000372,2025-04-28 05:26:00,Tech Park,Premium,9,1,0.116,1.57,3.96,15.437,68,41,1.6585,1.2766,25.14
R0000373,2025-10-01 10:31:00,University,Economy,8,0,0.408,1.5,2.675,12.305,44,51,0.8627,1.0,10.97
R0000374,2025-12-26 06:12:00,South,Comfort,21,0,0.317,1.557,11.609,40.332,63,37,1.7027,1.2951,45.77
R0000375,2025-01-16 02:49:00,Central,Economy,2,0,0.583,1.347,5.71,18.405,53,59,0.8983,1.0,12.28
R0000376,2025-03-02 05:35:00,University,Premium,17,0,0.253,1.834,6.263,22.588,65,43,1.5116,1.2149,34.37
R0000377,2025-03-01 14:35:00,Central,Economy,17,1,0.64,1.7,12.362,43.677,79,44,1.7955,1.3341,39.09
R0000378,2025-03-31 02:48:00,Central,Economy,9,0,0.491,1.543,8.01,29.8,91,36,2.5278,1.6417,34.46
R0000379,2025-05-30 18:29:00,Central,Comfort,6,1,0.988,1.373,3.295,12.869,61,59,1.0339,1.0142,12.99
R0000380,2025-08-31 14:09:00,North,Economy,0,0,0.414,1.367,11.246,37.57,39,34,1.1471,1.0618,26.54
R0000381,2025-02-05 19:57:00,North,Economy,22,1,0.358,0.803,17.569,50.89,47,39,1.2051,1.0862,34.03
R0000382,2025-12-03 02:56:00,North,Premium,22,1,0.344,1.02,10.244,31.384,44,51,0.8627,1.0,36.79
R0000383,2025-08-04 02:25:00,University,Comfort,5,0,0.462,1.291,4.827,13.757,42,41,1.0244,1.0102,12.67
R0000384,2025-08-24 19:50:00,North,Economy,0,0,0.916,1.178,3.456,9.602,38,45,0.8444,1.0,11.54
R0000385,2025-04-05 12:08:00,North,Economy,2,0,0.811,1.058,4.731,16.778,44,44,1.0,1.0,14.98
R0000386,2025-03-10 21:59:00,University,Economy,1,0,1.153,1.241,8.221,24.001,48,48,1.0,1.0,19.34
R0000387,2025-04-14 18:41:00,Tech Park,Economy,19,1,0.499,1.707,17.021,60.246,67,37,1.8108,1.3405,57.03
R0000388,2025-06-08 11:45:00,Central,Economy,21,0,2.618,1.818,5.116,19.644,83,41,2.0244,1.4302,24.09
R0000389,2025-09-02 12:12:00,Airport,Economy,3,0,0.483,1.103,5.436,15.469,54,39,1.3846,1.1615,12.94
R0000390,2025-06-02 19:01:00,South,Economy,17,0,1.203,1.833,13.623,46.981,67,28,2.3929,1.585,54.74
R0000391,2025-07-02 20:14:00,Tech Park,Economy,4,0,0.902,1.074,6.118,17.044,56,59,0.9492,1.0,10.94
R0000392,2025-03-01 13:19:00,South,Comfort,8,1,0.641,1.525,19.939,64.242,59,45,1.3111,1.1307,63.74
R0000393,2025-03-21 06:54:00,Central,Economy,14,0,1.424,1.16,7.16,24.581,50,44,1.1364,1.0573,24.08
R0000394,2025-08-18 09:12:00,Tech Park,Economy,17,1,0.203,1.412,14.765,50.362,89,41,2.1707,1.4917,48.86
R0000395,2025-03-19 00:36:00,Tech Park,Premium,20,1,0.411,1.777,9.588,33.968,77,29,2.6552,1.6952,75.84
R0000396,2025-07-04 11:49:00,South,Comfort,1,0,0.858,0.977,11.46,31.508,39,26,1.5,1.21,37.87
R0000397,2025-05-01 19:13:00,University,Economy,4,0,0.467,1.118,7.047,25.209,34,54,0.6296,1.0,15.6
R0000398,2025-10-17 13:29:00,Tech Park,Premium,6,0,0.842,1.084,7.305,24.177,56,40,1.4,1.168,34.9
R0000399,2025-04-26 20:33:00,Tech Park,Economy,7,0,2.161,1.812,9.781,35.247,76,41,1.8537,1.3585,38.65
R0000400,2025-03-29 05:40:00,Tech Park,Economy,23,0,0.381,1.315,12.049,42.283,42,47,0.8936,1.0,30.01
R0000401,2025-12-04 14:15:00,Tech Park,Economy,18,1,1.158,1.735,10.374,38.369,96,37,2.5946,1.6697,48.99
R0000402,2025-03-10 12:29:00,South,Economy,7,0,0.152,1.457,2.939,11.863,63,37,1.7027,1.2951,15.27
R0000403,2025-09-30 16:51:00,North,Comfort,23,1,1.63,1.156,8.951,26.349,41,42,0.9762,1.0,26.86
R0000404,2025-08-13 12:27:00,Tech Park,Economy,11,1,1.214,1.28,5.413,15.149,70,44,1.5909,1.2482,17.41
R0000405,2025-04-09 02:02:00,South,Premium,12,1,0.04,1.156,5.753,15.493,39,41,0.9512,1.0,18.19
R0000406,2025-10-07 05:00:00,North,Economy,10,0,0.934,1.947,9.99,43.095,65,36,1.8056,1.3383,39.29
R0000407,2025-12-13 02:51:00,Central,Economy,3,0,0.035,0.976,19.764,56.593,43,33,1.303,1.1273,40.69
R0000408,2025-04-23 20:26:00,Tech Park,Economy,22,0,1.035,1.145,6.837,22.315,50,44,1.1364,1.0573,17.95
R0000409,2025-12-01 08:28:00,South,Economy,0,0,0.686,1.147,22.991,72.057,46,30,1.5333,1.224,58.28
R0000410,2025-03-04 20:05:00,Central,Premium,4,0,1.478,1.296,4.249,14.846,59,45,1.3111,1.1307,25.96
R0000411,2025-11-09 12:43:00,Central,Comfort,5,0,0.397,0.933,15.294,44.636,46,47,0.9787,1.0,38.37
R0000412,2025-06-09 15:49:00,Central,Comfort,6,0,0.718,1.392,9.844,32.943,55,56,0.9821,1.0,32.16
R0000413,2025-09-25 02:08:00,University,Comfort,3,0,0.948,1.175,8.712,29.114,45,56,0.8036,1.0,29.1
R0000414,2025-04-29 14:42:00,University,Economy,0,0,0.009,1.098,16.622,48.799,25,62,0.4032,1.0,29.97
R0000415,2025-10-08 20:57:00,South,Economy,16,0,0.909,1.24,5.473,17.521,37,33,1.1212,1.0509,13.44
R0000416,2025-04-25 23:06:00,North,Economy,23,0,0.269,1.121,15.684,43.53,37,29,1.2759,1.1159,36.26
R0000417,2025-06-22 23:17:00,Tech Park,Comfort,2,1,0.827,0.968,6.927,17.302,59,41,1.439,1.1844,21.04
R0000418,2025-01-11 07:50:00,South,Economy,7,0,1.078,1.743,5.457,17.914,55,30,1.8333,1.35,20.98
R0000419,2025-04-18 01:58:00,University,Economy,12,1,1.001,1.591,3.745,16.118,44,45,0.9778,1.0,11.65
R0000420,2025-05-11 03:35:00,Airport,Comfort,22,1,1.426,1.542,18.577,63.338,51,45,1.1333,1.056,64.19
R0000421,2025-07-11 05:37:00,Airport,Economy,16,0,0.061,1.039,14.551,45.72,44,42,1.0476,1.02,29.71
R0000422,2025-05-19 18:27:00,South,Economy,18,0,2.662,1.963,5.972,24.554,75,40,1.875,1.3675,28.76
R0000423,2025-10-05 23:46:00,Central,Economy,13,0,0.122,0.623,10.485,29.118,45,43,1.0465,1.0195,20.54
R0000424,2025-09-17 19:37:00,South,Economy,10,0,0.713,1.589,8.328,27.742,65,41,1.5854,1.2459,25.18
R0000425,2025-05-19 23:35:00,Tech Park,Economy,4,0,0.425,1.062,6.397,20.556,55,48,1.1458,1.0612,11.6
R0000426,2025-02-07 13:45:00,Central,Comfort,20,0,0.537,1.59,13.205,46.972,88,44,2.0,1.42,58.85
R0000427,2025-04-30 14:39:00,North,Comfort,19,1,2.368,1.932,5.507,26.673,80,35,2.2857,1.54,48.01
R0000428,2025-02-25 00:53:00,Tech Park,Economy,0,1,0.15,1.139,2.327,7.762,62,55,1.1273,1.0535,6.17
R0000429,2025-02-24 17:34:00,Tech Park,Comfort,17,1,2.087,1.746,8.961,34.778,89,37,2.4054,1.5903,63.78
R0000430,2025-11-11 14:46:00,North,Comfort,2,0,1.214,1.268,8.058,26.43,25,44,0.5682,1.0,26.62
R0000431,2025-10-06 23:36:00,Central,Comfort,17,0,0.599,1.638,5.605,19.25,89,50,1.78,1.3276,29.75
R0000432,2025-02-06 20:15:00,South,Premium,19,1,0.593,1.498,4.755,19.214,69,42,1.6429,1.27,29.26
R0000433,2025-08-31 04:47:00,North,Comfort,3,0,1.004,1.482,3.295,16.566,43,41,1.0488,1.0205,15.14
R0000434,2025-07-10 14:59:00,Tech Park,Economy,10,0,0.392,1.755,6.363,24.614,73,30,2.4333,1.602,29.0
R0000435,2025-07-18 07:19:00,South,Economy,2,0,0.479,0.945,4.8,13.692,38,44,0.8636,1.0,8.67
R0000436,2025-11-24 02:46:00,Central,Economy,13,0,0.709,1.221,13.203,43.293,53,46,1.1522,1.0639,29.85
R0000437,2025-04-23 05:42:00,Tech Park,Economy,22,0,1.902,1.092,10.32,32.853,43,56,0.7679,1.0,28.23
R0000438,2025-06-10 11:02:00,North,Premium,1,0,0.529,0.976,5.951,23.511,43,57,0.7544,1.0,26.97
R0000439,2025-07-22 07:58:00,Central,Economy,9,0,0.049,1.798,10.355,40.185,81,35,2.3143,1.552,39.01
R0000440,2025-12-31 13:54:00,South,Economy,23,0,0.737,1.196,7.322,21.9,35,32,1.0938,1.0394,17.46
R0000441,2025-01-20 16:38:00,University,Premium,7,0,0.562,1.7,6.698,27.713,52,43,1.2093,1.0879,40.74
R0000442,2025-03-03 17:17:00,Tech Park,Comfort,3,0,0.299,1.231,7.537,26.546,47,45,1.0444,1.0187,20.34
R0000443,2025-02-25 09:32:00,Central,Economy,11,0,0.848,1.263,20.578,67.829,52,46,1.1304,1.0548,43.05
R0000444,2025-08-17 05:11:00,Tech Park,Premium,12,1,0.311,1.008,11.07,34.657,69,45,1.5333,1.224,48.44
R0000445,2025-04-19 02:06:00,Central,Economy,15,0,0.516,1.261,6.592,24.299,62,46,1.3478,1.1461,17.44
R0000446,2025-12-23 10:04:00,South,Economy,7,0,0.712,1.374,12.7,43.339,53,44,1.2045,1.0859,31.7
R0000447,2025-02-05 23:00:00,South,Economy,22,1,0.78,1.02,12.451,37.262,48,42,1.1429,1.06,29.99
R0000448,2025-09-28 03:59:00,Central,Premium,12,0,0.912,1.147,8.961,28.898,50,46,1.087,1.0365,36.15
R0000449,2025-01-11 18:34:00,Central,Economy,6,1,1.029,1.284,6.484,21.612,67,54,1.2407,1.1011,19.01
R0000450,2025-10-22 01:13:00,University,Economy,23,0,0.698,1.067,6.252,20.739,36,48,0.75,1.0,16.11
R0000451,2025-03-24 11:35:00,Central,Comfort,22,0,0.073,0.692,4.3,13.02,65,61,1.0656,1.0275,11.25
R0000452,2025-12-27 01:07:00,Tech Park,Comfort,11,0,0.806,0.799,8.579,24.218,53,53,1.0,1.0,20.25
R0000453,2025-11-18 20:08:00,Tech Park,Economy,0,0,1.394,1.239,5.554,18.334,59,38,1.5526,1.2321,20.02
R0000454,2025-01-23 08:00:00,South,Economy,14,1,0.046,0.922,6.109,18.805,41,45,0.9111,1.0,13.16
R0000455,2025-01-03 07:08:00,Central,Premium,13,1,0.075,0.85,10.949,27.933,63,54,1.1667,1.07,34.52
R0000456,2025-05-17 17:16:00,Central,Comfort,3,1,0.255,0.852,19.648,58.259,47,39,1.2051,1.0862,51.1
R0000457,2025-10-20 06:57:00,Central,Economy,15,1,1.322,1.262,9.543,32.066,67,48,1.3958,1.1662,27.17
R0000458,2025-12-30 03:30:00,South,Economy,20,0,0.237,1.827,7.331,26.57,44,45,0.9778,1.0,20.07
R0000459,2025-07-28 00:29:00,University,Economy,2,1,1.338,1.265,7.688,26.827,58,36,1.6111,1.2567,23.12
R0000460,2025-12-26 00:20:00,University,Comfort,17,0,0.762,1.924,14.525,53.912,53,40,1.325,1.1365,59.55
R0000461,2025-01-18 21:53:00,Airport,Economy,3,1,0.327,0.992,9.614,28.194,51,36,1.4167,1.175,20.32
R0000462,2025-07-01 23:45:00,Central,Comfort,17,0,3.0,2.17,8.641,35.976,91,45,2.0222,1.4293,66.23
R0000463,2025-06-02 18:21:00,Central,Economy,10,0,0.125,1.816,8.985,36.934,80,39,2.0513,1.4415,38.32
R0000464,2025-10-04 12:16:00,University,Comfort,0,1,0.625,1.084,3.54,12.636,42,36,1.1667,1.07,14.18
R0000465,2025-08-20 05:04:00,Central,Economy,23,1,0.203,1.041,9.629,28.053,55,42,1.3095,1.13,19.12
R0000466,2025-06-13 08:01:00,Central,Comfort,3,0,0.841,1.084,4.8,14.989,57,44,1.2955,1.1241,18.86
R0000467,2025-01-30 14:34:00,South,Economy,14,0,0.215,1.145,9.65,32.544,30,38,0.7895,1.0,20.36
R0000468,2025-09-22 12:50:00,South,Economy,4,0,0.382,1.231,5.184,18.442,36,39,0.9231,1.0,14.64
R0000469,2025-02-09 06:39:00,Central,Economy,22,1,0.27,1.112,10.753,35.815,48,48,1.0,1.0,21.82
R0000470,2025-12-17 00:54:00,Tech Park,Economy,17,0,0.465,1.592,7.141,26.67,67,43,1.5581,1.2344,20.13
R0000471,2025-02-09 08:46:00,Airport,Economy,19,0,1.383,1.529,4.137,17.054,78,35,2.2286,1.516,24.29
R0000472,2025-02-01 17:55:00,Airport,Comfort,10,0,0.1,1.559,6.62,28.274,69,46,1.5,1.21,31.67
R0000473,2025-10-03 07:43:00,Airport,Premium,11,0,0.242,1.009,26.134,74.514,44,39,1.1282,1.0538,85.27
R0000474,2025-03-18 06:36:00,Central,Economy,15,0,0.4,1.114,2.225,13.465,40,52,0.7692,1.0,13.45
R0000475,2025-02-01 11:59:00,University,Economy,18,0,0.486,1.658,8.512,33.009,61,40,1.525,1.2205,28.58
R0000476,2025-08-07 05:00:00,South,Economy,20,1,1.802,2.157,4.456,24.58,85,38,2.2368,1.5195,34.73
R0000477,2025-08-17 07:29:00,Tech Park,Comfort,0,1,0.256,0.921,16.565,46.259,50,43,1.1628,1.0684,37.09
R0000478,2025-07-15 18:27:00,Central,Economy,15,1,1.332,0.956,12.17,37.182,75,41,1.8293,1.3483,34.64
R0000479,2025-04-20 11:10:00,Tech Park,Economy,2,0,1.99,1.152,8.604,27.918,59,49,1.2041,1.0857,23.13
R0000480,2025-01-21 10:50:00,University,Economy,6,0,0.518,0.979,12.866,40.527,57,56,1.0179,1.0075,24.27
R0000481,2025-08-07 05:09:00,Central,Economy,19,0,0.185,1.778,8.886,34.181,63,44,1.4318,1.1814,26.5
R0000482,2025-03-02 12:40:00,University,Economy,6,1,1.62,1.058,7.794,25.274,45,31,1.4516,1.1897,23.26
R0000483,2025-01-09 22:15:00,South,Economy,19,0,1.238,1.563,5.588,22.094,61,45,1.3556,1.1493,19.76
R0000484,2025-12-08 17:39:00,Tech Park,Economy,11,0,0.162,1.104,6.369,20.297,51,42,1.2143,1.09,15.21
R0000485,2025-07-11 18:28:00,Central,Comfort,5,1,2.241,1.556,6.018,20.663,62,48,1.2917,1.1225,25.08
R0000486,2025-11-07 12:09:00,South,Economy,8,0,0.286,1.323,7.812,27.295,67,49,1.3673,1.1543,23.75
R0000487,2025-10-27 16:04:00,North,Economy,12,1,0.51,0.773,2.744,7.788,45,38,1.1842,1.0774,5.91
R0000488,2025-02-03 23:40:00,University,Economy,18,0,1.069,1.601,13.685,47.899,73,34,2.1471,1.4818,50.94
R0000489,2025-10-12 05:20:00,University,Premium,14,0,2.031,1.484,22.664,73.376,41,51,0.8039,1.0,96.37
R0000490,2025-02-13 12:57:00,North,Comfort,22,0,0.798,1.169,6.124,20.265,35,44,0.7955,1.0,18.5
R0000491,2025-07-14 07:13:00,University,Economy,20,0,0.457,1.497,14.824,48.711,69,45,1.5333,1.224,34.67
R0000492,2025-07-04 16:36:00,University,Premium,18,1,0.391,1.753,7.216,26.973,67,24,2.7917,1.7525,59.96
R0000493,2025-03-19 09:28:00,South,Economy,14,0,0.457,1.105,5.577,15.781,43,48,0.8958,1.0,11.11
R0000494,2025-06-11 20:01:00,Airport,Economy,6,0,3.0,1.521,6.297,22.504,62,36,1.7222,1.3033,26.95
R0000495,2025-10-06 03:17:00,Central,Comfort,9,1,0.901,1.422,8.143,30.012,79,36,2.1944,1.5017,48.73
R0000496,2025-09-11 07:41:00,Airport,Comfort,2,1,0.7,0.987,5.224,15.283,52,36,1.4444,1.1867,18.25
R0000497,2025-07-18 05:47:00,Airport,Economy,8,1,1.248,2.127,10.842,41.273,81,40,2.025,1.4305,47.95
R0000498,2025-02-26 01:26:00,University,Economy,22,0,0.49,1.028,5.838,20.288,44,47,0.9362,1.0,13.07
R0000499,2025-04-16 18:40:00,Central,Economy,10,1,1.947,1.728,4.305,18.657,82,43,1.907,1.3809,22.91
R0000500,2025-02-17 09:12:00,Tech Park,Economy,2,0,0.97,1.106,7.683,25.405,60,59,1.0169,1.0071,18.34
R0000501,2025-12-05 20:50:00,South,Premium,15,0,0.445,1.102,5.303,16.314,30,38,0.7895,1.0,19.09
R0000502,2025-03-30 17:39:00,South,Economy,23,0,0.355,1.223,6.488,20.159,38,48,0.7917,1.0,13.05
R0000503,2025-07-14 06:35:00,Central,Premium,20,0,0.059,1.672,7.539,26.943,71,33,2.1515,1.4836,49.86
R0000504,2025-03-20 05:15:00,South,Economy,6,1,1.38,1.127,3.718,12.552,46,50,0.92,1.0,9.87
R0000505,2025-11-27 00:49:00,South,Comfort,10,0,0.098,1.796,17.329,59.69,49,30,1.6333,1.266,64.38
R0000506,2025-05-31 03:39:00,South,Premium,12,0,1.858,1.481,12.145,39.526,46,37,1.2432,1.1022,61.93
R0000507,2025-06-07 01:54:00,Central,Comfort,5,1,0.234,0.962,5.493,20.004,54,48,1.125,1.0525,21.44
R0000508,2025-12-27 08:18:00,Tech Park,Economy,6,0,0.271,1.026,7.687,24.416,38,44,0.8636,1.0,14.89
R0000509,2025-06-15 13:08:00,Airport,Economy,5,0,2.664,1.588,11.02,41.661,61,49,1.2449,1.1029,39.76
R0000510,2025-07-28 09:29:00,South,Economy,23,1,1.294,1.426,8.713,32.159,48,43,1.1163,1.0488,21.52
R0000511,2025-05-11 18:43:00,North,Economy,17,0,0.683,1.4,21.844,71.58,46,35,1.3143,1.132,50.41
R0000512,2025-09-11 14:25:00,Central,Premium,20,1,2.471,2.007,6.812,26.435,83,44,1.8864,1.3723,53.56
R0000513,2025-05-19 09:50:00,Tech Park,Economy,19,1,0.567,1.646,14.938,55.156,68,44,1.5455,1.2291,44.76
R0000514,2025-06-09 15:32:00,Central,Economy,23,1,0.375,0.965,3.728,13.869,56,64,0.875,1.0,10.55
R0000515,2025-05-05 14:46:00,University,Economy,2,1,0.745,1.03,4.057,15.544,50,27,1.8519,1.3578,14.08
R0000516,2025-09-03 23:23:00,University,Economy,21,0,1.46,2.003,19.618,75.081,63,42,1.5,1.21,66.93
R0000517,2025-10-04 16:24:00,Central,Economy,1,0,0.135,1.121,6.125,20.205,50,48,1.0417,1.0175,12.72
R0000518,2025-10-07 18:10:00,Central,Economy,11,0,0.264,1.427,4.087,14.274,44,50,0.88,1.0,11.7
R0000519,2025-04-13 06:06:00,Central,Comfort,14,1,0.191,0.932,7.567,22.887,63,39,1.6154,1.2585,25.54
R0000520,2025-01-03 04:01:00,University,Economy,8,0,0.152,1.602,15.568,53.105,42,37,1.1351,1.0568,40.63
R0000521,2025-03-23 10:05:00,South,Economy,3,1,0.51,1.147,5.104,16.777,58,38,1.5263,1.2211,12.5
R0000522,2025-07-12 18:22:00,Airport,Economy,4,0,0.148,1.188,7.592,24.377,48,43,1.1163,1.0488,19.72
R0000523,2025-11-16 22:37:00,North,Economy,19,0,0.046,1.803,2.801,10.525,61,36,1.6944,1.2917,13.93
R0000524,2025-09-28 06:36:00,Airport,Economy,7,0,0.262,1.614,6.002,23.779,67,38,1.7632,1.3205,21.76
R0000525,2025-12-24 00:28:00,South,Comfort,7,0,0.242,1.396,13.443,41.912,45,31,1.4516,1.1897,42.68
R0000526,2025-07-06 08:26:00,North,Economy,22,0,0.921,1.038,5.046,17.039,37,42,0.881,1.0,13.71
R0000527,2025-07-08 05:40:00,Airport,Comfort,3,0,1.355,1.27,3.859,11.548,50,29,1.7241,1.3041,18.78
R0000528,2025-01-23 06:34:00,Tech Park,Economy,21,1,0.311,1.808,5.069,17.817,79,43,1.8372,1.3516,15.7
R0000529,2025-03-01 10:47:00,Central,Economy,22,0,0.268,0.788,5.555,14.931,62,35,1.7714,1.324,13.99
R0000530,2025-07-07 12:35:00,South,Premium,14,0,2.55,1.248,11.829,39.339,48,35,1.3714,1.156,63.98
R0000531,2025-02-06 06:31:00,South,Premium,3,0,1.314,1.373,9.572,27.327,38,43,0.8837,1.0,36.5
R0000532,2025-04-14 03:38:00,University,Economy,3,0,0.832,0.917,10.645,31.991,44,38,1.1579,1.0663,23.47
R0000533,2025-08-12 21:06:00,North,Premium,6,0,0.431,0.875,7.89,23.644,42,34,1.2353,1.0988,27.54
R0000534,2025-06-25 11:22:00,University,Comfort,13,0,1.29,1.437,5.524,17.435,46,71,0.6479,1.0,17.65
R0000535,2025-10-12 22:41:00,Central,Economy,3,1,0.171,0.991,5.068,16.559,66,47,1.4043,1.1698,13.35
R0000536,2025-08-24 06:27:00,Tech Park,Economy,10,0,1.339,1.737,9.853,33.581,80,29,2.7586,1.7386,43.42
R0000537,2025-09-18 19:47:00,Central,Economy,2,0,0.962,1.419,18.615,62.022,53,45,1.1778,1.0747,48.56
R0000538,2025-06-09 18:04:00,Tech Park,Economy,12,0,1.127,1.012,4.63,12.221,47,44,1.0682,1.0286,10.31
R0000539,2025-11-23 18:44:00,Airport,Premium,0,0,0.691,0.897,4.438,18.491,50,51,0.9804,1.0,20.82
R0000540,2025-03-23 14:43:00,University,Economy,17,1,0.111,1.863,4.159,18.508,80,47,1.7021,1.2949,22.05
R0000541,2025-06-01 13:33:00,University,Economy,1,0,0.177,1.074,12.272,38.402,39,45,0.8667,1.0,25.61
R0000542,2025-07-03 09:27:00,North,Economy,4,1,1.008,1.304,7.59,23.369,50,47,1.0638,1.0268,18.51
R0000543,2025-12-09 18:52:00,South,Economy,4,0,0.919,1.109,10.543,32.449,38,49,0.7755,1.0,22.5
R0000544,2025-06-01 17:11:00,South,Comfort,19,0,0.35,1.594,5.874,20.985,60,38,1.5789,1.2432,23.95
R0000545,2025-09-07 03:44:00,Central,Economy,1,0,0.342,0.935,10.914,33.078,52,46,1.1304,1.0548,21.06
R0000546,2025-05-02 19:40:00,Tech Park,Economy,10,0,1.651,1.904,6.631,26.705,84,37,2.2703,1.5335,31.68
R0000547,2025-09-30 18:49:00,Tech Park,Economy,14,1,0.609,1.259,3.321,12.358,68,39,1.7436,1.3123,12.88
R0000548,2025-08-23 00:03:00,South,Comfort,12,0,0.245,1.079,12.905,40.548,39,52,0.75,1.0,30.64
R0000549,2025-08-21 10:27:00,Central,Comfort,16,1,1.869,1.527,7.615,26.623,56,31,1.8065,1.3387,39.17
R0000550,2025-04-26 17:07:00,University,Comfort,19,1,1.733,1.981,6.549,26.708,86,32,2.6875,1.7088,48.61
R0000551,2025-01-30 20:52:00,Airport,Economy,9,0,0.608,1.471,9.068,30.02,59,42,1.4048,1.17,26.93
R0000552,2025-07-19 21:14:00,South,Economy,19,0,0.733,1.656,3.51,11.298,60,42,1.4286,1.18,10.87
R0000553,2025-11-16 18:41:00,Airport,Comfort,7,0,1.318,1.707,9.844,40.026,74,40,1.85,1.357,53.99
R0000554,2025-09-09 22:31:00,Central,Comfort,23,0,1.072,1.328,5.597,20.211,66,49,1.3469,1.1457,20.48
R0000555,2025-04-07 19:27:00,Airport,Economy,12,1,0.105,1.102,7.129,26.765,63,33,1.9091,1.3818,23.1
R0000556,2025-05-30 00:10:00,Central,Comfort,17,0,1.918,1.918,14.536,54.395,87,47,1.8511,1.3574,75.35
R0000557,2025-02-05 21:42:00,South,Economy,21,1,0.076,1.746,11.059,45.888,61,42,1.4524,1.19,37.06
R0000558,2025-04-01 05:36:00,South,Economy,19,0,0.911,1.378,7.05,24.385,58,38,1.5263,1.2211,19.83
R0000559,2025-11-28 05:30:00,Tech Park,Premium,20,0,0.142,1.467,7.348,28.246,56,48,1.1667,1.07,38.67
R0000560,2025-09-04 21:00:00,Tech Park,Economy,12,0,1.07,1.099,1.9,7.242,55,38,1.4474,1.1879,8.67
R0000561,2025-04-11 07:21:00,Central,Premium,1,0,0.279,1.096,4.943,16.599,60,41,1.4634,1.1946,24.17
R0000562,2025-06-02 07:05:00,Airport,Economy,11,1,0.302,1.154,8.516,27.056,53,37,1.4324,1.1816,18.96
R0000563,2025-12-27 21:55:00,South,Premium,4,0,1.256,1.226,5.102,16.192,53,38,1.3947,1.1658,26.26
R0000564,2025-06-09 15:29:00,South,Economy,21,1,0.142,1.339,3.745,15.596,56,35,1.6,1.252,16.48
R0000565,2025-11-10 06:32:00,South,Comfort,5,1,0.349,1.136,10.116,31.985,51,45,1.1333,1.056,27.53
R0000566,2025-03-16 01:59:00,Central,Comfort,5,1,0.149,1.05,15.935,50.216,68,42,1.619,1.26,50.27
R0000567,2025-08-30 13:19:00,Tech Park,Economy,5,0,0.684,0.859,5.224,18.01,39,44,0.8864,1.0,12.74
R0000568,2025-06-01 02:55:00,Airport,Economy,15,1,0.146,0.973,12.569,40.774,72,44,1.6364,1.2673,31.59
R0000569,2025-11-21 11:59:00,South,Economy,13,0,0.843,1.219,11.573,38.142,45,52,0.8654,1.0,24.09
R0000570,2025-11-05 12:05:00,Central,Economy,22,1,1.715,1.606,4.539,13.678,61,33,1.8485,1.3564,18.01
R0000571,2025-10-25 10:27:00,South,Premium,9,0,0.027,1.359,5.206,17.48,60,32,1.875,1.3675,31.38
R0000572,2025-07-11 06:20:00,North,Economy,6,0,0.281,1.193,20.941,65.604,35,36,0.9722,1.0,40.83
R0000573,2025-08-28 12:53:00,Tech Park,Comfort,1,0,0.169,0.837,4.202,13.13,39,52,0.75,1.0,11.04
R0000574,2025-06-27 10:25:00,Airport,Economy,0,0,0.108,0.791,5.557,19.527,37,42,0.881,1.0,11.25
R0000575,2025-08-02 08:00:00,South,Economy,8,0,0.823,1.48,22.901,79.756,58,31,1.871,1.3658,80.43
R0000576,2025-07-30 10:56:00,Central,Premium,22,1,0.738,1.242,5.681,18.823,81,42,1.9286,1.39,32.65
R0000577,2025-09-27 14:36:00,Tech Park,Economy,12,0,1.909,1.367,16.349,59.357,48,52,0.9231,1.0,44.53
R0000578,2025-04-04 00:57:00,Airport,Economy,21,1,1.145,1.699,4.428,16.205,79,36,2.1944,1.5017,18.03
R0000579,2025-03-11 03:56:00,Airport,Economy,2,0,0.64,1.198,8.382,26.625,49,36,1.3611,1.1517,20.26
R0000580,2025-02-12 10:44:00,Tech Park,Economy,2,1,0.789,1.149,14.115,41.824,54,41,1.3171,1.1332,34.75
R0000581,2025-08-30 02:48:00,Airport,Economy,20,1,0.348,1.633,6.007,18.719,80,38,2.1053,1.4642,19.85
R0000582,2025-05-19 13:37:00,Central,Comfort,2,0,0.814,1.092,8.206,23.341,63,38,1.6579,1.2763,26.7
R0000583,2025-01-22 04:12:00,Tech Park,Economy,1,1,0.078,0.829,11.698,35.955,48,38,1.2632,1.1105,25.76
R0000584,2025-10-31 00:15:00,Tech Park,Comfort,9,1,0.528,1.949,4.73,20.665,82,33,2.4848,1.6236,33.14
R0000585,2025-11-15 20:46:00,Tech Park,Economy,22,1,0.935,1.42,26.634,86.313,58,50,1.16,1.0672,63.4
R0000586,2025-05-31 10:47:00,Central,Economy,16,0,0.5,1.376,13.746,45.979,49,51,0.9608,1.0,29.06
R0000587,2025-09-14 21:22:00,South,Economy,2,0,0.294,0.956,6.382,21.542,29,49,0.5918,1.0,14.68
R0000588,2025-03-30 19:13:00,Tech Park,Economy,20,1,0.668,1.547,6.827,20.001,76,38,2.0,1.42,23.51
R0000589,2025-02-15 06:49:00,Central,Comfort,20,0,0.244,1.519,22.23,79.68,96,51,1.8824,1.3706,90.74
R0000590,2025-05-30 08:15:00,Tech Park,Economy,19,1,0.47,1.828,6.391,26.846,74,36,2.0556,1.4433,26.42
R0000591,2025-12-18 16:19:00,Airport,Economy,21,0,1.241,1.773,5.991,24.597,63,39,1.6154,1.2585,23.87
R0000592,2025-11-11 11:40:00,University,Economy,5,1,1.308,1.138,14.591,48.166,48,46,1.0435,1.0183,31.49
R0000593,2025-12-17 10:48:00,South,Economy,23,0,0.752,1.201,3.596,8.05,42,41,1.0244,1.0102,7.34
R0000594,2025-03-06 07:01:00,North,Comfort,7,0,0.19,1.452,7.44,25.452,50,39,1.2821,1.1185,25.98
R0000595,2025-07-26 13:54:00,North,Economy,19,1,0.424,1.382,8.136,30.506,65,34,1.9118,1.3829,29.05
R0000596,2025-04-12 12:20:00,Central,Economy,13,1,0.679,1.146,5.275,17.434,64,36,1.7778,1.3267,19.18
R0000597,2025-01-03 11:10:00,Central,Economy,18,1,0.277,1.507,3.284,14.071,68,52,1.3077,1.1292,11.34
R0000598,2025-06-19 07:41:00,Tech Park,Comfort,15,1,2.331,1.417,8.069,30.947,67,56,1.1964,1.0825,35.0
R0000599,2025-11-13 01:23:00,South,Comfort,15,0,0.285,0.6,11.342,32.083,25,42,0.5952,1.0,29.72
R0000600,2025-03-20 04:28:00,South,Economy,14,0,0.637,0.954,5.347,16.23,33,33,1.0,1.0,12.9
R0000601,2025-11-25 13:32:00,Central,Economy,18,0,1.378,1.79,4.06,17.265,67,40,1.675,1.2835,20.77
R0000602,2025-07-17 13:45:00,Tech Park,Comfort,17,0,2.046,1.645,15.5,51.275,84,32,2.625,1.6825,88.21
R0000603,2025-02-20 14:22:00,North,Economy,3,0,0.185,0.766,10.386,30.636,30,34,0.8824,1.0,21.38
R0000604,2025-11-04 23:55:00,Central,Economy,19,1,0.082,1.572,6.366,24.705,66,42,1.5714,1.24,21.29
R0000605,2025-06-25 08:07:00,University,Economy,12,0,0.744,1.26,12.89,42.065,42,49,0.8571,1.0,25.25
R0000606,2025-04-06 03:19:00,North,Economy,7,0,2.55,1.849,8.873,36.185,61,32,1.9062,1.3806,43.47
R0000607,2025-12-07 02:16:00,South,Economy,12,0,0.104,0.972,20.782,61.877,45,40,1.125,1.0525,40.54
R0000608,2025-03-23 22:47:00,University,Economy,23,0,0.44,1.036,11.193,34.628,37,39,0.9487,1.0,23.02
R0000609,2025-11-05 01:07:00,Central,Economy,20,0,0.804,1.414,3.617,17.291,94,53,1.7736,1.3249,16.14
R0000610,2025-01-05 21:11:00,University,Economy,20,0,0.664,1.883,5.407,19.13,58,37,1.5676,1.2384,22.23
R0000611,2025-12-15 09:04:00,Tech Park,Economy,11,0,0.922,1.133,5.551,21.288,46,36,1.2778,1.1167,18.99
R0000612,2025-11-10 17:16:00,South,Economy,18,0,1.819,1.846,9.21,37.723,56,40,1.4,1.168,33.59
R0000613,2025-09-17 17:15:00,Central,Economy,9,1,1.401,1.869,6.574,27.281,79,36,2.1944,1.5017,35.84
R0000614,2025-09-11 23:37:00,Airport,Economy,16,0,0.43,0.797,4.179,12.006,45,37,1.2162,1.0908,12.65
R0000615,2025-04-03 22:46:00,North,Comfort,15,0,0.102,1.184,10.741,35.08,42,41,1.0244,1.0102,29.62
R0000616,2025-01-26 21:42:00,Airport,Premium,5,0,1.489,1.457,13.465,44.011,55,48,1.1458,1.0612,58.73
R0000617,2025-09-17 17:48:00,Airport,Economy,6,0,0.439,1.104,7.341,22.204,50,42,1.1905,1.08,17.98
R0000618,2025-12-15 03:43:00,South,Economy,1,0,0.656,1.201,8.716,28.558,36,42,0.8571,1.0,19.63
R0000619,2025-06-07 13:11:00,Tech Park,Economy,3,1,1.284,1.172,4.562,13.455,44,34,1.2941,1.1235,17.45
R0000620,2025-09-30 15:25:00,Central,Premium,10,0,1.452,1.967,5.828,22.675,87,39,2.2308,1.5169,47.83
R0000621,2025-09-15 09:26:00,Tech Park,Economy,11,0,1.223,1.072,5.96,16.725,38,47,0.8085,1.0,16.24
R0000622,2025-03-06 12:20:00,University,Economy,3,0,2.232,1.396,10.562,37.119,42,46,0.913,1.0,28.16
R0000623,2025-06-23 07:39:00,Tech Park,Comfort,10,1,0.59,1.661,8.942,36.054,85,42,2.0238,1.43,47.18
R0000624,2025-12-09 03:34:00,Tech Park,Economy,14,0,0.305,1.048,6.48,25.389,60,34,1.7647,1.3212,20.86
R0000625,2025-11-08 04:12:00,Tech Park,Economy,5,0,0.213,1.231,6.34,18.855,53,42,1.2619,1.11,15.54
R0000626,2025-06-19 00:02:00,Central,Economy,8,1,0.325,2.002,2.632,9.488,91,38,2.3947,1.5858,13.43
R0000627,2025-08-12 13:53:00,Central,Economy,8,0,0.34,1.591,18.788,65.321,62,43,1.4419,1.1856,50.21
R0000628,2025-02-04 04:48:00,University,Comfort,12,0,0.755,1.22,2.467,10.926,35,42,0.8333,1.0,9.62
R0000629,2025-05-19 07:44:00,Tech Park,Economy,8,0,1.006,1.587,9.797,34.593,81,44,1.8409,1.3532,30.09
R0000630,2025-12-29 04:13:00,Tech Park,Economy,17,0,0.177,1.768,7.931,32.044,59,36,1.6389,1.2683,28.17
R0000631,2025-04-08 14:04:00,University,Economy,7,1,1.287,1.689,6.712,26.314,65,37,1.7568,1.3178,29.78
R0000632,2025-06-28 10:22:00,Central,Economy,10,0,1.392,2.367,7.733,29.271,85,52,1.6346,1.2665,32.85
R0000633,2025-09-22 17:45:00,Central,Comfort,9,0,1.028,1.434,5.394,19.508,79,35,2.2571,1.528,29.76
R0000634,2025-04-29 08:32:00,South,Comfort,4,0,0.379,1.455,11.123,35.582,36,34,1.0588,1.0247,38.57
R0000635,2025-11-17 09:58:00,Airport,Premium,16,0,1.767,1.496,3.772,13.037,51,50,1.02,1.0084,16.0
R0000636,2025-01-03 14:50:00,South,Comfort,5,1,0.579,0.902,9.303,27.049,45,33,1.3636,1.1527,28.41
R0000637,2025-12-10 10:18:00,Tech Park,Economy,7,0,0.264,2.015,5.351,23.514,63,38,1.6579,1.2763,21.48
R0000638,2025-03-05 09:31:00,South,Economy,19,1,0.175,1.414,6.142,21.66,55,37,1.4865,1.2043,18.79
R0000639,2025-11-25 21:10:00,Central,Economy,22,0,0.699,1.069,6.234,19.169,53,53,1.0,1.0,12.9
R0000640,2025-01-17 20:42:00,Tech Park,Economy,16,0,0.386,0.836,7.093,25.941,50,44,1.1364,1.0573,16.86
R0000641,2025-01-10 21:10:00,Central,Economy,21,0,0.119,1.545,10.239,34.218,69,36,1.9167,1.385,32.91
R0000642,2025-09-11 06:56:00,University,Economy,20,1,0.075,1.554,7.616,28.055,72,29,2.4828,1.6228,31.17
R0000643,2025-08-11 00:48:00,Airport,Economy,11,0,0.799,1.293,12.976,44.082,56,32,1.75,1.315,37.61
R0000644,2025-08-31 14:38:00,University,Comfort,18,0,0.095,2.006,13.8,53.937,46,45,1.0222,1.0093,46.2
R0000645,2025-09-20 04:48:00,North,Economy,7,1,1.409,1.711,9.206,32.031,72,37,1.9459,1.3973,36.53
R0000646,2025-06-25 10:12:00,North,Economy,11,0,0.204,0.6,11.307,28.603,38,47,0.8085,1.0,18.2
R0000647,2025-03-21 11:25:00,North,Comfort,12,0,0.917,1.282,23.658,77.384,39,39,1.0,1.0,63.77
R0000648,2025-09-05 12:29:00,Central,Economy,23,0,0.685,1.024,3.57,14.472,57,42,1.3571,1.15,10.04
R0000649,2025-04-23 04:21:00,North,Economy,20,1,0.298,1.931,14.04,53.452,47,29,1.6207,1.2607,47.63
R0000650,2025-07-04 04:07:00,Tech Park,Economy,11,0,1.927,1.341,18.168,56.794,64,39,1.641,1.2692,52.34
R0000651,2025-09-21 18:29:00,Tech Park,Comfort,15,0,1.048,1.052,9.86,30.797,45,46,0.9783,1.0,28.81
R0000652,2025-07-28 01:57:00,Central,Comfort,4,0,0.545,0.916,22.136,67.687,66,47,1.4043,1.1698,72.99
R0000653,2025-12-08 01:20:00,Tech Park,Economy,19,0,0.229,1.703,20.606,71.604,77,50,1.54,1.2268,60.29
R0000654,2025-08-27 06:05:00,Tech Park,Economy,13,0,0.977,1.126,6.454,20.454,50,44,1.1364,1.0573,16.3
R0000655,2025-03-13 13:42:00,Tech Park,Economy,12,0,1.112,1.464,6.731,24.049,58,65,0.8923,1.0,15.24
R0000656,2025-01-10 03:24:00,North,Economy,18,0,0.629,1.625,10.4,39.826,64,43,1.4884,1.2051,37.33
R0000657,2025-09-30 05:37:00,Airport,Comfort,15,0,0.559,1.355,5.511,18.224,58,60,0.9667,1.0,17.93
R0000658,2025-11-29 08:29:00,University,Comfort,1,1,1.045,0.94,34.507,101.112,45,28,1.6071,1.255,117.92
R0000659,2025-06-05 09:26:00,North,Comfort,6,0,0.532,0.783,11.987,37.355,47,30,1.5667,1.238,37.34
R0000660,2025-09-13 19:27:00,Central,Premium,4,0,0.258,1.196,7.969,22.921,67,36,1.8611,1.3617,35.29
R0000661,2025-04-24 11:10:00,Tech Park,Economy,17,1,0.106,1.485,3.577,10.707,68,29,2.3448,1.5648,16.72
R0000662,2025-02-17 00:06:00,Central,Premium,0,1,0.537,1.049,8.922,27.785,49,45,1.0889,1.0373,34.73
R0000663,2025-04-18 09:44:00,Tech Park,Comfort,4,0,1.124,1.02,4.047,15.705,50,49,1.0204,1.0086,17.96
R0000664,2025-11-17 01:16:00,Airport,Economy,14,0,0.537,0.901,11.798,35.7,52,41,1.2683,1.1127,23.46
R0000665,2025-10-28 13:17:00,Tech Park,Comfort,16,0,1.273,1.344,1.962,10.358,58,57,1.0175,1.0074,9.86
R0000666,2025-09-04 23:55:00,University,Comfort,12,0,0.734,1.129,16.627,48.038,49,46,1.0652,1.0274,40.92
R0000667,2025-01-22 04:34:00,University,Premium,20,0,0.92,1.525,6.152,23.088,70,30,2.3333,1.56,41.64
R0000668,2025-01-05 00:22:00,University,Economy,22,0,0.286,1.194,3.063,4.869,45,40,1.125,1.0525,5.48
R0000669,2025-10-01 03:32:00,University,Economy,3,0,0.502,1.302,7.698,28.963,50,35,1.4286,1.18,19.82
R0000670,2025-01-05 20:11:00,Central,Comfort,22,0,0.725,1.111,7.84,27.834,50,52,0.9615,1.0,25.31
R0000671,2025-04-06 02:52:00,University,Economy,14,0,0.651,1.298,7.498,24.662,39,47,0.8298,1.0,17.69
R0000672,2025-04-28 11:39:00,University,Economy,15,0,0.625,0.932,16.591,43.819,41,55,0.7455,1.0,26.81
R0000673,2025-04-26 10:07:00,South,Economy,2,0,0.172,1.135,9.578,30.158,30,31,0.9677,1.0,21.07
R0000674,2025-05-24 16:21:00,North,Economy,14,1,0.048,1.038,12.035,39.488,44,45,0.9778,1.0,25.08
R0000675,2025-09-17 23:45:00,Airport,Economy,17,1,0.157,1.436,6.775,24.81,60,27,2.2222,1.5133,28.83
R0000676,2025-04-10 19:25:00,South,Comfort,13,0,0.005,1.371,9.824,37.395,29,42,0.6905,1.0,35.71
R0000677,2025-06-28 21:51:00,Tech Park,Economy,2,0,0.061,1.053,3.782,12.23,43,40,1.075,1.0315,10.04
R0000678,2025-06-26 11:05:00,North,Comfort,12,0,0.773,1.033,8.953,32.422,30,35,0.8571,1.0,29.59
R0000679,2025-01-22 01:33:00,North,Comfort,22,0,0.44,1.083,5.119,12.499,32,51,0.6275,1.0,13.88
R0000680,2025-06-07 14:03:00,South,Comfort,17,1,0.241,1.437,16.051,52.58,68,46,1.4783,1.2009,59.36
R0000681,2025-10-16 17:17:00,Airport,Economy,3,0,0.431,0.869,8.097,21.475,35,46,0.7609,1.0,12.65
R0000682,2025-01-08 15:42:00,University,Economy,23,0,0.031,0.925,11.185,35.081,49,37,1.3243,1.1362,23.82
R0000683,2025-06-16 00:12:00,Central,Comfort,23,0,0.524,1.026,8.974,25.294,50,61,0.8197,1.0,20.35
R0000684,2025-10-04 18:24:00,Central,Economy,4,0,0.117,0.876,20.978,62.587,62,47,1.3191,1.134,40.86
R0000685,2025-05-24 11:58:00,Airport,Economy,19,0,1.57,2.058,3.293,15.761,81,33,2.4545,1.6109,22.86
R0000686,2025-09-17 13:38:00,Tech Park,Premium,9,0,0.957,1.584,7.297,26.922,60,36,1.6667,1.28,43.02
R0000687,2025-07-22 02:57:00,University,Economy,14,1,0.887,0.992,4.581,14.744,45,46,0.9783,1.0,12.42
R0000688,2025-09-10 07:31:00,Airport,Economy,10,0,0.64,1.452,2.516,7.685,64,49,1.3061,1.1286,9.49
R0000689,2025-09-03 17:22:00,Central,Premium,18,0,1.029,1.505,4.42,17.775,72,49,1.4694,1.1971,28.53
R0000690,2025-05-07 06:02:00,North,Economy,23,0,0.526,1.28,14.8,47.053,43,31,1.3871,1.1626,37.04
R0000691,2025-12-12 16:19:00,Central,Economy,19,0,0.233,1.638,7.64,29.717,89,34,2.6176,1.6794,38.71
R0000692,2025-08-08 13:27:00,Tech Park,Economy,22,0,0.901,1.286,6.883,26.658,44,45,0.9778,1.0,19.92
R0000693,2025-01-24 12:05:00,Airport,Comfort,22,0,1.331,1.423,11.887,39.79,49,35,1.4,1.168,41.47
R0000694,2025-11-29 13:57:00,South,Comfort,2,1,0.185,0.973,8.277,28.445,41,45,0.9111,1.0,22.56
R0000695,2025-09-04 03:28:00,North,Comfort,6,0,0.076,1.279,10.884,36.285,40,43,0.9302,1.0,29.0
R0000696,2025-01-10 11:50:00,North,Premium,17,0,2.392,1.868,9.277,36.784,69,33,2.0909,1.4582,81.55
R0000697,2025-02-26 07:49:00,North,Economy,14,0,1.732,1.115,10.47,30.198,54,45,1.2,1.084,23.97
R0000698,2025-01-05 04:23:00,Central,Economy,1,0,0.583,1.172,6.066,18.692,50,40,1.25,1.105,13.69
R0000699,2025-01-02 10:11:00,Central,Economy,2,0,0.019,1.029,13.817,40.603,60,46,1.3043,1.1278,26.13
R0000700,2025-10-29 04:26:00,Airport,Premium,12,1,0.729,1.157,3.988,16.783,61,29,2.1034,1.4634,29.92
R0000701,2025-10-30 05:16:00,Airport,Premium,14,0,3.0,1.723,7.409,26.99,66,27,2.4444,1.6067,65.63
R0000702,2025-04-30 02:04:00,University,Economy,4,0,1.022,1.203,14.201,46.741,44,47,0.9362,1.0,30.05
R0000703,2025-12-14 20:18:00,Central,Comfort,4,0,0.95,1.227,7.137,23.633,57,46,1.2391,1.1004,26.58
R0000704,2025-01-11 23:40:00,Central,Economy,3,0,0.542,1.342,6.129,20.496,55,33,1.6667,1.28,19.01
R0000705,2025-04-22 23:51:00,Central,Economy,13,0,0.877,1.206,27.348,82.579,51,50,1.02,1.0084,54.17
R0000706,2025-09-09 21:43:00,Tech Park,Economy,0,0,1.018,1.272,16.949,50.598,39,47,0.8298,1.0,36.85
R0000707,2025-06-18 00:26:00,University,Premium,13,0,0.674,0.866,8.397,24.375,44,37,1.1892,1.0795,33.27
R0000708,2025-01-31 13:22:00,Tech Park,Economy,11,0,0.468,1.754,4.555,17.234,43,31,1.3871,1.1626,15.09
R0000709,2025-08-03 17:54:00,South,Economy,11,1,0.685,0.837,2.536,6.794,53,40,1.325,1.1365,9.51
R0000710,2025-05-18 07:53:00,Tech Park,Premium,16,1,0.655,1.021,11.47,35.511,61,40,1.525,1.2205,50.92
R0000711,2025-08-09 06:37:00,North,Economy,12,1,0.028,0.902,15.584,49.944,41,35,1.1714,1.072,30.81
R0000712,2025-06-28 11:49:00,Tech Park,Economy,17,1,2.922,2.455,9.657,44.959,108,56,1.9286,1.39,59.47
R0000713,2025-11-01 06:40:00,Tech Park,Comfort,18,1,0.951,1.613,3.032,12.058,69,29,2.3793,1.5793,21.92
R0000714,2025-08-18 01:48:00,Airport,Economy,22,1,1.521,1.353,8.484,28.914,72,42,1.7143,1.3,29.29
R0000715,2025-05-06 13:08:00,North,Economy,19,1,0.752,1.584,5.943,23.229,71,41,1.7317,1.3073,22.3
R0000716,2025-01-29 16:51:00,Central,Economy,12,1,0.334,0.873,8.49,25.881,66,47,1.4043,1.1698,20.37
R0000717,2025-08-11 02:52:00,Airport,Comfort,11,1,1.268,1.331,22.621,75.01,69,46,1.5,1.21,80.02
R0000718,2025-08-28 20:32:00,Tech Park,Economy,5,1,0.069,0.883,11.991,35.821,61,43,1.4186,1.1758,26.07
R0000719,2025-02-01 20:46:00,Airport,Comfort,14,0,0.985,1.215,10.664,34.709,53,40,1.325,1.1365,35.44
R0000720,2025-12-11 12:19:00,Tech Park,Comfort,3,0,1.256,1.339,7.577,24.352,58,32,1.8125,1.3412,32.96
R0000721,2025-10-28 02:49:00,University,Economy,22,0,0.533,1.439,9.757,34.337,44,47,0.9362,1.0,27.12
R0000722,2025-03-03 04:15:00,North,Comfort,20,1,0.904,1.486,5.219,13.917,82,34,2.4118,1.5929,24.03
R0000723,2025-08-31 05:30:00,North,Comfort,2,0,0.939,1.142,10.54,34.022,45,45,1.0,1.0,32.75
R0000724,2025-10-31 22:17:00,South,Premium,18,1,0.406,1.603,6.984,20.89,73,45,1.6222,1.2613,34.51
R0000725,2025-08-07 23:20:00,Tech Park,Economy,2,1,0.908,1.164,4.942,17.207,59,41,1.439,1.1844,17.82
R0000726,2025-02-05 13:15:00,Central,Economy,17,1,0.556,2.112,12.161,46.217,101,31,3.2581,1.9484,71.13
R0000727,2025-01-21 23:02:00,Central,Comfort,2,0,0.549,1.068,2.277,11.148,56,47,1.1915,1.0804,11.42
R0000728,2025-03-09 18:37:00,South,Premium,11,0,0.933,0.714,5.757,17.098,41,46,0.8913,1.0,18.67
R0000729,2025-01-19 06:13:00,University,Premium,15,1,0.427,1.041,10.884,33.552,51,30,1.7,1.294,47.68
R0000730,2025-07-28 13:43:00,Central,Economy,17,1,0.53,1.624,15.234,54.755,87,40,2.175,1.4935,58.05
R0000731,2025-01-31 18:30:00,North,Economy,10,1,2.472,1.952,10.069,37.047,85,38,2.2368,1.5195,48.8
R0000732,2025-01-14 00:06:00,University,Economy,22,0,1.603,1.159,5.367,20.364,41,37,1.1081,1.0454,15.05
R0000733,2025-03-26 11:06:00,Central,Comfort,18,0,0.468,1.396,7.553,27.579,75,51,1.4706,1.1976,33.37
R0000734,2025-10-01 20:35:00,Airport,Comfort,4,0,0.566,1.491,9.118,30.636,55,40,1.375,1.1575,32.3
R0000735,2025-06-06 04:39:00,South,Comfort,16,1,0.31,1.113,18.326,54.18,48,37,1.2973,1.1249,50.15
R0000736,2025-01-22 00:14:00,Airport,Economy,17,0,0.407,1.589,12.888,44.504,58,37,1.5676,1.2384,36.89
R0000737,2025-06-09 14:27:00,Central,Premium,8,1,0.427,2.01,12.94,49.899,75,45,1.6667,1.28,84.49
R0000738,2025-06-23 13:08:00,South,Economy,17,1,0.644,1.51,8.052,25.953,64,32,2.0,1.42,25.79
R0000739,2025-02-27 04:29:00,South,Economy,21,0,0.037,1.665,4.31,15.431,41,43,0.9535,1.0,14.33
R0000740,2025-11-12 01:33:00,North,Economy,19,0,0.396,1.396,3.585,11.802,61,38,1.6053,1.2542,13.4
R0000741,2025-06-12 00:17:00,North,Economy,18,0,0.331,1.745,6.582,24.308,57,31,1.8387,1.3523,27.13
R0000742,2025-01-29 15:10:00,South,Comfort,15,1,1.775,1.115,11.412,35.286,54,40,1.35,1.147,41.2
R0000743,2025-07-08 07:55:00,South,Economy,6,0,0.56,1.186,5.894,20.596,38,44,0.8636,1.0,15.64
R0000744,2025-09-23 10:41:00,Tech Park,Economy,19,0,0.727,2.032,10.641,41.765,75,42,1.7857,1.33,43.2
R0000745,2025-02-06 12:40:00,Tech Park,Economy,8,1,0.384,1.636,5.017,19.648,84,31,2.7097,1.7181,25.91
R0000746,2025-11-09 23:54:00,Tech Park,Economy,12,0,0.564,0.707,5.462,16.526,53,50,1.06,1.0252,11.29
R0000747,2025-02-15 08:17:00,University,Comfort,7,1,0.407,1.63,16.851,58.959,73,30,2.4333,1.602,85.5
R0000748,2025-02-11 11:10:00,Tech Park,Economy,7,0,0.653,1.754,11.844,44.941,72,49,1.4694,1.1971,37.89
R0000749,2025-09-29 11:34:00,Central,Economy,3,0,0.902,1.325,6.563,16.306,54,42,1.2857,1.12,17.24
R0000750,2025-04-08 18:35:00,University,Economy,23,0,0.125,1.288,4.919,16.18,34,38,0.8947,1.0,14.22
R0000751,2025-12-31 01:33:00,University,Comfort,3,0,1.014,1.457,13.091,43.293,59,48,1.2292,1.0962,45.66
R0000752,2025-05-28 06:20:00,Central,Economy,2,0,0.209,1.014,12.579,38.393,52,53,0.9811,1.0,26.82
R0000753,2025-03-09 22:08:00,Airport,Economy,22,1,2.539,1.338,11.04,35.297,65,38,1.7105,1.2984,38.09
R0000754,2025-09-12 00:14:00,South,Economy,13,0,0.64,0.914,7.044,22.62,34,42,0.8095,1.0,16.92
R0000755,2025-06-19 06:39:00,North,Economy,10,0,0.718,1.582,4.254,17.538,65,37,1.7568,1.3178,17.24
R0000756,2025-10-30 14:04:00,Tech Park,Economy,17,0,0.743,1.77,7.705,25.839,64,32,2.0,1.42,28.87
R0000757,2025-03-10 11:15:00,South,Economy,9,0,0.603,1.416,16.847,56.803,51,50,1.02,1.0084,39.26
R0000758,2025-11-19 00:44:00,Airport,Comfort,3,1,0.278,0.883,4.712,11.878,73,55,1.3273,1.1375,14.2
R0000759,2025-01-22 15:47:00,Central,Economy,17,0,0.719,1.781,7.973,30.969,86,44,1.9545,1.4009,32.85
R0000760,2025-12-13 00:37:00,University,Economy,4,1,0.683,1.007,19.1,55.97,59,39,1.5128,1.2154,44.62
R0000761,2025-03-07 18:56:00,Airport,Premium,13,0,0.243,1.11,6.571,19.403,39,35,1.1143,1.048,28.39
R0000762,2025-03-21 15:21:00,Tech Park,Economy,22,0,0.127,0.876,7.242,17.977,48,39,1.2308,1.0969,14.42
R0000763,2025-05-12 08:42:00,Central,Economy,22,0,1.261,1.279,3.696,12.892,63,55,1.1455,1.0611,13.11
R0000764,2025-07-15 12:10:00,North,Economy,8,0,0.395,1.482,10.944,35.174,52,43,1.2093,1.0879,26.58
R0000765,2025-07-20 03:06:00,South,Economy,18,1,0.496,1.297,5.169,14.531,70,36,1.9444,1.3967,16.93
R0000766,2025-12-23 03:14:00,Central,Economy,14,0,0.686,1.296,3.303,12.319,55,53,1.0377,1.0158,9.12
R0000767,2025-07-11 04:55:00,South,Comfort,11,0,0.27,0.923,4.598,16.666,35,35,1.0,1.0,14.26
R0000768,2025-12-25 22:29:00,Tech Park,Economy,3,0,0.776,1.095,8.712,28.334,54,50,1.08,1.0336,19.6
R0000769,2025-06-14 09:18:00,Airport,Comfort,9,0,0.519,1.519,3.257,9.235,97,53,1.8302,1.3487,12.44
R0000770,2025-02-14 21:32:00,North,Premium,15,1,0.566,1.2,3.625,12.327,61,46,1.3261,1.137,18.86
R0000771,2025-05-12 04:23:00,Tech Park,Economy,23,1,1.467,1.324,10.566,36.548,67,50,1.34,1.1428,28.72
R0000772,2025-11-15 22:42:00,Tech Park,Comfort,0,0,0.663,1.217,7.465,24.224,47,56,0.8393,1.0,20.58
R0000773,2025-05-20 18:16:00,South,Economy,17,1,0.473,1.536,4.699,17.984,54,42,1.2857,1.12,19.36
R0000774,2025-08-01 16:44:00,Tech Park,Economy,20,1,0.188,1.575,6.51,22.597,70,28,2.5,1.63,29.11
R0000775,2025-01-01 19:29:00,Airport,Comfort,22,0,0.74,1.208,20.206,62.829,57,45,1.2667,1.112,66.66
R0000776,2025-05-30 14:43:00,Airport,Economy,10,0,1.219,2.048,15.72,59.635,79,44,1.7955,1.3341,60.1
R0000777,2025-03-23 12:21:00,South,Premium,2,0,0.481,1.142,7.322,24.963,39,47,0.8298,1.0,29.33
R0000778,2025-10-28 00:52:00,Tech Park,Economy,6,1,1.211,1.037,12.169,38.662,67,55,1.2182,1.0916,30.46
R0000779,2025-03-05 13:30:00,Tech Park,Economy,20,1,0.749,1.733,8.302,29.529,83,46,1.8043,1.3378,30.53
R0000780,2025-02-05 00:04:00,Central,Economy,21,0,0.617,1.631,2.928,13.222,76,29,2.6207,1.6807,18.3
R0000781,2025-08-01 16:30:00,North,Economy,15,1,0.831,0.79,2.653,5.581,40,33,1.2121,1.0891,5.81
R0000782,2025-04-21 17:03:00,Tech Park,Economy,2,1,0.134,0.692,4.711,13.552,48,55,0.8727,1.0,11.18
R0000783,2025-06-13 02:22:00,Central,Economy,2,0,0.401,1.06,3.265,8.158,52,49,1.0612,1.0257,5.53
R0000784,2025-07-23 09:00:00,North,Economy,11,0,0.417,1.078,9.019,25.766,31,52,0.5962,1.0,19.2
R0000785,2025-03-21 21:58:00,South,Economy,14,1,0.501,1.037,5.74,15.324,39,39,1.0,1.0,11.51
R0000786,2025-02-05 17:44:00,Central,Premium,0,1,2.233,1.561,9.815,33.202,64,35,1.8286,1.348,65.16
R0000787,2025-02-18 00:36:00,North,Economy,16,0,0.636,0.946,9.898,31.115,35,57,0.614,1.0,23.39
R0000788,2025-12-15 08:55:00,Central,Economy,13,0,0.108,0.77,11.353,32.032,50,53,0.9434,1.0,21.78
R0000789,2025-09-04 16:24:00,University,Comfort,0,0,0.31,0.907,4.656,13.35,39,39,1.0,1.0,11.22
R0000790,2025-06-28 08:55:00,Central,Comfort,2,0,0.567,0.992,10.315,30.965,53,43,1.2326,1.0977,27.07
R0000791,2025-11-25 13:41:00,Central,Comfort,10,0,0.661,1.658,4.593,12.866,75,42,1.7857,1.33,16.6
R0000792,2025-03-13 00:51:00,Airport,Premium,17,0,0.005,1.407,11.487,40.048,72,30,2.4,1.588,71.46
R0000793,2025-04-04 06:14:00,Airport,Economy,19,0,0.895,1.326,15.218,44.898,71,28,2.5357,1.645,47.93
R0000794,2025-02-17 00:16:00,Central,Economy,10,0,0.928,1.255,11.562,35.976,105,46,2.2826,1.5387,38.96
R0000795,2025-08-13 07:32:00,South,Comfort,7,0,0.178,1.604,7.047,25.382,46,37,1.2432,1.1022,24.28
R0000796,2025-12-13 07:56:00,Airport,Economy,23,0,1.191,1.011,10.609,33.348,54,46,1.1739,1.073,24.16
R0000797,2025-02-28 21:07:00,Central,Comfort,11,1,0.477,0.725,3.342,10.937,74,40,1.85,1.357,15.0
R0000798,2025-12-27 22:28:00,Airport,Economy,7,0,0.222,1.702,2.953,11.717,74,43,1.7209,1.3028,13.79
R0000799,2025-03-30 04:36:00,North,Premium,10,0,0.162,1.857,10.042,41.145,55,30,1.8333,1.35,65.93
R0000800,2025-11-19 06:38:00,Airport,Comfort,0,0,0.879,1.141,15.947,54.092,42,45,0.9333,1.0,46.09
R0000801,2025-03-08 22:21:00,South,Economy,7,0,0.332,1.658,3.946,15.166,63,38,1.6579,1.2763,16.24
R0000802,2025-01-18 08:52:00,Tech Park,Economy,12,0,0.725,1.18,7.833,25.196,62,63,0.9841,1.0,17.88
R0000803,2025-07-17 20:48:00,Tech Park,Premium,22,0,0.156,0.612,9.889,26.562,66,45,1.4667,1.196,35.52
R0000804,2025-10-31 20:31:00,Central,Comfort,17,0,0.422,1.786,5.54,19.923,61,40,1.525,1.2205,25.74
R0000805,2025-01-16 11:33:00,University,Comfort,18,0,0.83,1.923,6.445,26.073,70,28,2.5,1.63,41.48
R0000806,2025-10-29 02:02:00,Tech Park,Comfort,13,0,1.431,1.588,10.884,41.303,49,43,1.1395,1.0586,44.49
R0000807,2025-06-19 18:16:00,Airport,Economy,2,0,1.556,1.201,8.244,21.34,59,48,1.2292,1.0962,23.17
R0000808,2025-10-10 20:05:00,North,Economy,9,1,1.408,1.599,8.264,29.301,72,39,1.8462,1.3554,31.43
R0000809,2025-11-25 20:42:00,Tech Park,Economy,23,1,3.0,1.785,4.526,20.917,78,45,1.7333,1.308,24.56
R0000810,2025-01-15 15:50:00,Central,Comfort,1,0,0.735,1.222,7.636,25.95,47,59,0.7966,1.0,21.25
R0000811,2025-02-21 00:10:00,North,Economy,21,0,0.15,1.735,6.241,24.406,48,27,1.7778,1.3267,22.7
R0000812,2025-03-11 20:15:00,South,Economy,16,0,0.318,0.941,6.428,16.294,34,43,0.7907,1.0,12.85
R0000813,2025-08-04 15:05:00,Airport,Premium,6,0,1.523,1.323,5.767,21.353,59,39,1.5128,1.2154,34.67
R0000814,2025-08-05 02:16:00,University,Economy,18,0,0.275,1.41,7.652,28.577,80,39,2.0513,1.4415,28.26
R0000815,2025-01-16 05:10:00,Central,Comfort,20,0,0.438,1.628,4.818,18.485,71,49,1.449,1.1886,21.58
R0000816,2025-03-29 13:25:00,Airport,Economy,1,0,1.171,1.148,7.82,23.72,60,53,1.1321,1.0555,17.97
R0000817,2025-07-20 21:49:00,Airport,Economy,2,0,0.311,1.478,6.355,23.485,53,45,1.1778,1.0747,18.06
R0000818,2025-05-24 05:53:00,North,Economy,15,0,1.583,1.384,4.652,14.226,42,44,0.9545,1.0,11.33
R0000819,2025-10-17 10:20:00,University,Comfort,23,1,2.401,1.045,2.66,6.741,56,34,1.6471,1.2718,12.42
R0000820,2025-09-23 05:46:00,Tech Park,Comfort,0,1,0.719,1.129,13.08,42.633,36,33,1.0909,1.0382,39.17
R0000821,2025-03-13 02:25:00,University,Economy,15,0,2.73,1.558,11.71,43.422,53,53,1.0,1.0,38.52
R0000822,2025-01-17 17:30:00,South,Economy,3,0,1.953,1.266,4.989,15.464,35,39,0.8974,1.0,12.39
R0000823,2025-05-20 19:11:00,North,Economy,15,0,1.202,1.018,11.301,31.881,43,44,0.9773,1.0,24.52
R0000824,2025-08-07 08:27:00,North,Economy,14,1,0.808,1.264,4.421,13.383,44,45,0.9778,1.0,12.59
R0000825,2025-06-02 00:53:00,Airport,Economy,2,0,0.745,0.961,6.561,20.743,32,44,0.7273,1.0,14.66
R0000826,2025-04-04 22:22:00,University,Economy,16,0,0.535,1.2,5.803,16.753,49,42,1.1667,1.07,12.69
R0000827,2025-11-11 19:25:00,North,Comfort,21,0,0.956,1.534,6.668,26.687,60,45,1.3333,1.14,32.03
R0000828,2025-06-16 18:11:00,North,Comfort,20,1,0.034,1.46,11.083,36.951,76,42,1.8095,1.34,40.11
R0000829,2025-01-16 11:06:00,North,Economy,0,0,2.021,1.536,6.227,23.202,48,35,1.3714,1.156,20.84
R0000830,2025-01-13 02:31:00,Tech Park,Comfort,5,0,2.767,1.586,6.444,21.764,84,49,1.7143,1.3,30.9
R0000831,2025-04-26 16:33:00,Central,Economy,5,0,1.142,1.211,11.69,38.786,55,56,0.9821,1.0,25.75
R0000832,2025-06-22 20:21:00,Tech Park,Premium,10,0,1.896,1.886,8.036,32.32,81,38,2.1316,1.4753,67.51
R0000833,2025-02-05 12:19:00,Tech Park,Economy,3,0,0.657,1.134,5.61,14.719,38,40,0.95,1.0,14.32
R0000834,2025-08-11 15:20:00,Tech Park,Economy,20,0,0.509,1.499,8.867,29.482,73,41,1.7805,1.3278,27.14
R0000835,2025-08-29 13:19:00,Airport,Comfort,18,0,0.404,1.35,13.41,44.029,59,49,1.2041,1.0857,46.78
R0000836,2025-04-15 14:05:00,Central,Economy,19,0,0.328,1.712,13.884,49.006,71,42,1.6905,1.29,45.45
R0000837,2025-07-07 06:05:00,North,Comfort,4,0,0.776,1.415,3.749,15.612,47,60,0.7833,1.0,14.96
R0000838,2025-10-23 16:18:00,Tech Park,Premium,0,1,1.573,1.392,3.854,12.645,76,50,1.52,1.2184,21.96
R0000839,2025-07-14 15:59:00,University,Comfort,21,0,0.042,1.603,13.457,48.999,53,33,1.6061,1.2545,53.47
R0000840,2025-02-19 15:28:00,South,Economy,6,0,0.197,0.818,6.632,20.772,39,45,0.8667,1.0,14.36
R0000841,2025-03-05 21:32:00,Central,Economy,15,0,0.303,1.212,2.316,8.398,52,44,1.1818,1.0764,6.45
R0000842,2025-06-26 05:32:00,Central,Economy,21,0,0.087,1.652,5.199,21.125,89,48,1.8542,1.3588,19.71
R0000843,2025-05-16 05:32:00,South,Economy,0,0,1.038,1.324,6.101,17.49,23,48,0.4792,1.0,11.5
R0000844,2025-11-01 09:48:00,Central,Premium,0,1,0.922,1.352,6.541,22.291,67,37,1.8108,1.3405,41.74
R0000845,2025-11-16 03:10:00,South,Economy,0,0,1.263,1.513,11.831,39.264,55,37,1.4865,1.2043,35.13
R0000846,2025-10-30 22:28:00,Tech Park,Economy,3,1,0.019,0.803,4.66,13.997,47,38,1.2368,1.0995,10.8
R0000847,2025-08-14 15:21:00,North,Economy,1,0,1.139,0.973,12.995,37.855,46,45,1.0222,1.0093,25.13
R0000848,2025-08-04 23:27:00,North,Premium,19,0,1.566,1.858,9.087,34.614,61,36,1.6944,1.2917,60.75
R0000849,2025-11-11 11:31:00,Airport,Premium,14,0,1.056,1.024,3.828,12.701,35,41,0.8537,1.0,14.87
R0000850,2025-06-28 23:42:00,Central,Economy,23,0,0.608,0.912,6.516,20.216,51,54,0.9444,1.0,14.87
R0000851,2025-08-19 02:04:00,Tech Park,Economy,19,0,0.529,1.865,10.197,38.958,82,47,1.7447,1.3128,38.75
R0000852,2025-04-03 04:35:00,Central,Comfort,23,0,0.846,0.971,7.939,25.586,55,40,1.375,1.1575,30.22
R0000853,2025-07-29 13:02:00,Central,Economy,5,0,0.76,1.135,9.568,27.575,61,51,1.1961,1.0824,22.91
R0000854,2025-05-01 05:20:00,Airport,Premium,6,0,0.314,0.763,5.623,17.794,54,39,1.3846,1.1615,25.82
R0000855,2025-11-24 23:35:00,Airport,Premium,20,0,0.023,1.566,10.539,33.803,76,41,1.8537,1.3585,57.19
R0000856,2025-07-11 13:00:00,South,Comfort,5,1,0.365,1.279,6.239,14.924,59,60,0.9833,1.0,14.93
R0000857,2025-07-02 19:30:00,South,Economy,1,0,2.525,1.673,31.513,115.251,52,54,0.963,1.0,82.07
R0000858,2025-09-12 04:49:00,North,Comfort,16,0,0.032,1.194,3.76,10.957,32,52,0.6154,1.0,12.44
R0000859,2025-09-20 01:42:00,North,Premium,19,0,0.749,1.671,34.256,119.386,62,35,1.7714,1.324,188.38
R0000860,2025-12-07 00:27:00,Central,Economy,23,0,2.078,1.574,4.604,12.997,55,49,1.1224,1.0514,13.19
R0000861,2025-02-13 11:16:00,North,Comfort,22,0,1.289,1.31,15.63,49.938,35,53,0.6604,1.0,43.89
R0000862,2025-11-19 07:39:00,Airport,Economy,2,0,1.459,1.184,12.245,39.375,59,36,1.6389,1.2683,38.64
R0000863,2025-03-09 10:18:00,University,Premium,18,0,1.326,1.857,4.71,19.127,69,36,1.9167,1.385,39.42
R0000864,2025-12-21 10:40:00,Airport,Comfort,20,1,0.089,1.725,10.802,36.83,99,53,1.8679,1.3645,42.48
R0000865,2025-06-15 23:26:00,North,Economy,16,0,1.792,1.084,5.914,18.095,32,45,0.7111,1.0,15.19
R0000866,2025-12-22 09:25:00,Airport,Economy,19,0,1.997,1.719,9.036,34.034,73,50,1.46,1.1932,34.94
R0000867,2025-05-06 07:52:00,Tech Park,Economy,20,0,0.136,1.549,8.426,30.389,82,41,2.0,1.42,29.5
R0000868,2025-03-13 13:44:00,Central,Economy,10,0,0.4,1.402,6.41,22.563,64,49,1.3061,1.1286,18.45
R0000869,2025-03-27 05:17:00,University,Premium,0,0,0.666,0.897,6.124,20.397,32,43,0.7442,1.0,26.49
R0000870,2025-02-12 22:41:00,Airport,Economy,10,0,0.405,1.547,9.37,32.791,60,38,1.5789,1.2432,28.0
R0000871,2025-05-01 10:07:00,Tech Park,Premium,4,0,0.283,1.23,4.725,19.188,47,53,0.8868,1.0,22.92
R0000872,2025-08-21 04:27:00,South,Economy,2,0,0.291,1.228,4.824,15.778,36,54,0.6667,1.0,13.32
R0000873,2025-09-07 11:20:00,Central,Comfort,2,0,1.136,1.262,13.134,44.046,48,46,1.0435,1.0183,38.73
R0000874,2025-12-02 17:42:00,Central,Premium,16,1,1.423,1.289,9.832,34.03,71,45,1.5778,1.2427,52.74
R0000875,2025-08-23 08:15:00,Central,Comfort,12,0,0.292,1.428,3.786,10.252,56,54,1.037,1.0156,8.84
R0000876,2025-11-19 12:02:00,Tech Park,Premium,12,0,1.415,1.158,4.474,16.043,48,43,1.1163,1.0488,26.28
R0000877,2025-02-12 16:25:00,University,Premium,17,1,0.404,1.666,2.399,8.406,60,30,2.0,1.42,18.15
R0000878,2025-06-15 04:27:00,Central,Comfort,13,0,0.149,0.921,12.811,35.57,58,45,1.2889,1.1213,35.84
R0000879,2025-12-26 11:54:00,Central,Comfort,15,0,0.828,0.917,11.344,32.667,48,63,0.7619,1.0,26.81
R0000880,2025-05-08 00:04:00,Central,Economy,2,1,0.637,1.328,4.268,15.423,64,44,1.4545,1.1909,16.63
R0000881,2025-09-13 06:29:00,Central,Economy,20,1,0.856,1.649,11.104,36.386,84,31,2.7097,1.7181,45.19
R0000882,2025-11-01 08:06:00,South,Economy,10,0,0.844,1.827,23.151,84.969,57,39,1.4615,1.1938,75.26
R0000883,2025-03-23 13:03:00,Central,Comfort,3,0,0.767,1.094,3.331,10.947,61,47,1.2979,1.1251,12.87
R0000884,2025-06-15 14:33:00,Central,Comfort,19,1,0.569,1.877,5.538,23.973,97,44,2.2045,1.5059,33.83
R0000885,2025-02-01 18:48:00,University,Economy,17,0,1.389,1.621,3.292,11.388,70,32,2.1875,1.4988,17.97
R0000886,2025-03-08 11:28:00,Tech Park,Premium,1,1,1.064,1.401,13.088,46.535,87,47,1.8511,1.3574,78.15
R0000887,2025-11-21 11:56:00,Tech Park,Economy,4,1,0.418,1.236,7.368,25.198,57,33,1.7273,1.3055,20.77
R0000888,2025-02-01 16:59:00,Airport,Premium,0,1,0.408,0.75,6.24,18.199,61,50,1.22,1.0924,21.0
R0000889,2025-05-13 10:33:00,University,Economy,6,0,0.077,0.921,8.803,29.238,39,45,0.8667,1.0,19.64
R0000890,2025-08-25 02:47:00,South,Economy,2,0,0.097,1.201,5.718,23.291,36,47,0.766,1.0,15.71
R0000891,2025-03-26 00:20:00,North,Economy,17,0,0.531,1.94,6.228,24.077,68,44,1.5455,1.2291,23.53
R0000892,2025-03-05 01:06:00,Airport,Economy,12,0,1.247,1.353,9.035,28.787,53,37,1.4324,1.1816,26.04
R0000893,2025-04-13 21:19:00,University,Comfort,23,0,0.24,0.972,5.554,18.416,34,50,0.68,1.0,16.46
R0000894,2025-12-21 02:51:00,South,Comfort,17,1,1.106,1.575,6.002,18.706,64,39,1.641,1.2692,25.72
R0000895,2025-04-08 21:09:00,Tech Park,Comfort,14,0,0.742,1.236,7.127,20.733,50,55,0.9091,1.0,21.45
R0000896,2025-02-17 06:23:00,South,Economy,12,0,0.258,0.97,8.168,27.853,32,51,0.6275,1.0,18.09
R0000897,2025-10-11 04:16:00,Tech Park,Economy,1,0,0.66,1.05,10.815,34.578,39,43,0.907,1.0,24.44
R0000898,2025-06-24 11:25:00,Tech Park,Economy,1,0,0.636,1.074,10.706,31.334,51,50,1.02,1.0084,22.96
R0000899,2025-08-24 06:55:00,University,Economy,14,0,0.272,1.208,3.405,18.872,36,46,0.7826,1.0,15.16
R0000900,2025-10-20 19:23:00,Central,Economy,0,0,1.044,1.513,16.85,54.675,58,44,1.3182,1.1336,37.61
R0000901,2025-05-07 15:19:00,Central,Economy,1,1,1.349,1.428,8.025,29.051,79,39,2.0256,1.4308,30.53
R0000902,2025-01-26 05:12:00,Tech Park,Comfort,5,0,0.458,1.084,6.473,18.981,44,46,0.9565,1.0,18.87
R0000903,2025-05-01 15:09:00,North,Premium,21,0,0.168,1.418,4.726,20.804,51,43,1.186,1.0781,30.75
R0000904,2025-04-25 09:38:00,South,Comfort,11,0,1.402,1.373,23.197,74.952,43,38,1.1316,1.0553,76.85
R0000905,2025-12-16 06:02:00,Tech Park,Economy,17,0,0.089,1.866,28.444,104.291,74,37,2.0,1.42,101.23
R0000906,2025-07-08 18:16:00,South,Economy,9,1,0.802,1.875,21.68,76.517,77,40,1.925,1.3885,83.45
R0000907,2025-08-24 02:37:00,Tech Park,Economy,4,1,0.24,1.081,8.304,30.733,54,41,1.3171,1.1332,22.56
R0000908,2025-05-14 03:19:00,Central,Economy,8,0,0.15,1.489,9.386,31.262,79,35,2.2571,1.528,37.12
R0000909,2025-09-22 06:10:00,Tech Park,Economy,2,1,0.356,1.126,17.638,55.6,53,32,1.6562,1.2756,46.69
R0000910,2025-01-21 02:28:00,Airport,Premium,18,0,0.635,1.872,6.805,26.288,66,37,1.7838,1.3292,44.21
R0000911,2025-04-19 18:55:00,South,Economy,4,0,0.195,1.077,10.462,31.309,37,48,0.7708,1.0,17.13
R0000912,2025-05-29 03:32:00,University,Economy,9,1,0.119,1.553,8.802,26.26,58,36,1.6111,1.2567,23.18
R0000913,2025-12-28 10:36:00,Central,Comfort,23,0,0.052,0.886,22.316,63.547,59,50,1.18,1.0756,56.31
R0000914,2025-11-06 09:28:00,Central,Premium,14,0,2.079,1.84,17.115,62.762,75,51,1.4706,1.1976,104.05
R0000915,2025-09-30 10:35:00,Central,Economy,11,0,0.86,0.994,7.2,23.048,48,33,1.4545,1.1909,20.09
R0000916,2025-04-02 03:17:00,South,Comfort,13,0,0.26,0.87,17.971,56.349,36,54,0.6667,1.0,50.7
R0000917,2025-03-29 17:41:00,North,Economy,18,0,0.898,1.741,7.752,30.281,74,42,1.7619,1.32,30.16
R0000918,2025-11-22 02:31:00,Airport,Economy,6,0,0.63,1.077,5.754,20.454,50,45,1.1111,1.0467,19.07
R0000919,2025-12-03 13:28:00,University,Premium,15,0,1.139,1.389,6.64,22.28,42,44,0.9545,1.0,30.82
R0000920,2025-07-12 23:12:00,Central,Economy,20,0,0.495,1.829,8.424,28.979,85,47,1.8085,1.3396,31.3
R0000921,2025-05-22 20:02:00,South,Comfort,13,1,1.312,1.018,5.044,15.589,58,38,1.5263,1.2211,19.38
R0000922,2025-07-29 06:08:00,South,Economy,10,0,0.305,1.469,5.843,19.159,50,37,1.3514,1.1476,16.43
R0000923,2025-01-25 19:19:00,Airport,Economy,3,1,0.736,0.975,3.512,11.499,53,46,1.1522,1.0639,10.25
R0000924,2025-06-01 22:28:00,Airport,Economy,5,0,1.246,1.365,4.941,16.278,44,51,0.8627,1.0,13.4
R0000925,2025-05-17 22:27:00,University,Comfort,22,0,0.77,1.216,8.837,25.058,41,52,0.7885,1.0,25.05
R0000926,2025-06-20 08:17:00,Tech Park,Comfort,12,0,2.589,1.399,13.779,48.922,56,43,1.3023,1.127,60.07
R0000927,2025-10-23 14:29:00,Airport,Comfort,7,1,1.121,1.791,12.842,47.063,94,41,2.2927,1.5429,76.63
R0000928,2025-10-18 20:06:00,Tech Park,Economy,10,0,0.885,1.507,9.84,33.545,69,45,1.5333,1.224,28.26
R0000929,2025-06-07 23:38:00,North,Economy,13,1,0.427,0.943,3.35,8.622,35,45,0.7778,1.0,7.81
R0000930,2025-10-10 15:53:00,Airport,Economy,12,0,0.751,0.901,4.838,14.077,39,45,0.8667,1.0,12.83
R0000931,2025-07-10 01:31:00,Tech Park,Economy,16,0,1.631,1.32,6.969,21.703,50,50,1.0,1.0,17.68
R0000932,2025-12-19 09:34:00,North,Economy,6,0,0.373,1.093,13.191,38.166,35,36,0.9722,1.0,22.24
R0000933,2025-06-26 03:43:00,Central,Premium,15,0,0.23,0.864,5.719,17.782,48,41,1.1707,1.0717,24.04
R0000934,2025-01-11 09:56:00,University,Economy,10,0,0.375,1.693,3.971,14.326,66,42,1.5714,1.24,13.41
R0000935,2025-12-15 15:17:00,Central,Economy,22,0,0.354,1.254,17.228,56.829,50,62,0.8065,1.0,36.78
R0000936,2025-07-18 15:26:00,Central,Premium,3,0,0.993,0.993,5.185,15.714,64,48,1.3333,1.14,26.44
R0000937,2025-01-16 23:24:00,Central,Economy,3,0,2.361,1.366,4.177,15.167,84,56,1.5,1.21,18.0
R0000938,2025-08-20 23:10:00,Tech Park,Comfort,11,0,0.095,1.11,8.802,28.037,58,45,1.2889,1.1213,28.35
R0000939,2025-04-11 07:16:00,Tech Park,Economy,12,0,0.646,1.115,7.557,25.002,48,63,0.7619,1.0,20.56
R0000940,2025-01-18 19:14:00,University,Economy,16,0,0.196,0.788,5.9,15.697,34,48,0.7083,1.0,11.32
R0000941,2025-10-12 03:40:00,Central,Comfort,9,0,0.832,1.62,7.769,30.107,91,26,3.5,2.05,59.82
R0000942,2025-12-23 00:36:00,Tech Park,Economy,21,0,0.921,1.63,4.668,14.942,73,30,2.4333,1.602,20.26
R0000943,2025-01-22 21:42:00,South,Comfort,11,0,0.356,1.033,5.863,18.762,35,47,0.7447,1.0,18.71
R0000944,2025-07-15 05:25:00,Central,Economy,3,0,1.017,1.16,7.615,21.969,77,45,1.7111,1.2987,19.21
R0000945,2025-05-07 06:04:00,Airport,Economy,2,1,0.295,1.335,2.535,9.308,53,37,1.4324,1.1816,8.41
R0000946,2025-12-29 15:51:00,Tech Park,Economy,23,0,0.295,1.016,13.135,41.725,52,47,1.1064,1.0447,27.85
R0000947,2025-11-13 19:10:00,Central,Economy,3,0,0.246,0.735,3.651,12.487,59,47,1.2553,1.1072,11.51
R0000948,2025-10-01 19:42:00,South,Economy,22,1,0.379,1.085,4.635,17.604,49,36,1.3611,1.1517,18.05
R0000949,2025-02-06 05:40:00,South,Comfort,6,0,0.588,1.42,13.465,44.694,30,45,0.6667,1.0,37.77
R0000950,2025-03-22 14:23:00,Airport,Economy,2,0,0.528,1.065,10.624,34.896,44,32,1.375,1.1575,26.73
R0000951,2025-03-02 03:16:00,University,Economy,7,1,0.702,1.598,8.15,27.752,63,30,2.1,1.462,30.62
R0000952,2025-12-14 02:34:00,Tech Park,Economy,14,1,0.973,1.12,3.036,9.606,63,34,1.8529,1.3582,10.21
R0000953,2025-04-30 02:29:00,North,Economy,10,1,0.711,1.783,5.567,21.636,77,40,1.925,1.3885,22.27
R0000954,2025-01-11 04:20:00,Tech Park,Economy,18,0,2.048,1.863,6.897,28.431,76,42,1.8095,1.34,28.38
R0000955,2025-09-21 01:14:00,North,Comfort,14,0,0.629,0.84,7.178,20.139,43,46,0.9348,1.0,19.75
R0000956,2025-09-28 00:53:00,Tech Park,Comfort,9,1,1.171,1.64,14.553,53.147,70,36,1.9444,1.3967,68.13
R0000957,2025-05-15 06:56:00,Central,Comfort,15,1,0.077,1.002,23.263,69.514,52,44,1.1818,1.0764,63.52
R0000958,2025-12-18 14:25:00,North,Economy,23,0,0.702,1.223,10.894,35.896,35,41,0.8537,1.0,25.5
R0000959,2025-10-30 09:34:00,Central,Economy,9,0,0.522,1.539,5.79,19.063,69,51,1.3529,1.1482,16.63
R0000960,2025-07-24 17:20:00,North,Comfort,3,0,0.477,1.033,15.149,45.004,48,34,1.4118,1.1729,43.26
R0000961,2025-01-02 13:51:00,North,Economy,9,0,1.605,1.847,5.617,21.626,73,34,2.1471,1.4818,28.02
R0000962,2025-11-20 17:45:00,Central,Economy,20,0,2.666,1.89,1.835,8.952,86,41,2.0976,1.461,14.66
R0000963,2025-01-24 13:28:00,University,Premium,5,0,0.982,1.16,3.907,11.586,36,31,1.1613,1.0677,18.22
R0000964,2025-06-05 10:08:00,Airport,Economy,22,0,0.051,1.093,2.107,4.936,40,50,0.8,1.0,7.21
R0000965,2025-11-03 21:50:00,Airport,Comfort,14,0,0.336,0.847,6.29,14.23,45,41,1.0976,1.041,13.33
R0000966,2025-05-24 20:17:00,North,Economy,14,0,0.099,1.073,7.042,24.001,22,41,0.5366,1.0,15.33
R0000967,2025-05-21 00:09:00,South,Economy,7,0,0.685,1.477,3.235,14.27,64,36,1.7778,1.3267,17.56
R0000968,2025-12-10 07:00:00,Central,Economy,22,0,0.876,0.965,4.856,11.017,45,50,0.9,1.0,11.93
R0000969,2025-07-03 18:47:00,South,Economy,0,0,0.067,0.893,3.545,11.623,38,38,1.0,1.0,7.5
R0000970,2025-12-07 16:40:00,Tech Park,Economy,7,1,1.835,2.126,7.244,28.611,78,29,2.6897,1.7097,40.55
R0000971,2025-11-27 15:21:00,Airport,Comfort,10,0,0.147,1.268,4.858,19.371,66,40,1.65,1.273,20.91
R0000972,2025-10-10 04:21:00,University,Comfort,11,0,0.84,1.068,13.538,41.076,43,39,1.1026,1.0431,38.65
R0000973,2025-02-18 22:05:00,Central,Economy,11,0,1.804,1.32,8.528,29.75,56,42,1.3333,1.14,23.37
R0000974,2025-03-25 17:34:00,South,Economy,3,0,0.698,1.336,18.777,60.375,25,41,0.6098,1.0,40.1
R0000975,2025-08-18 03:50:00,Airport,Economy,5,0,0.275,1.4,6.049,19.587,36,39,0.9231,1.0,14.45
R0000976,2025-05-08 22:59:00,Tech Park,Economy,2,0,0.257,0.97,25.265,75.815,51,45,1.1333,1.056,46.6
R0000977,2025-09-30 09:29:00,Tech Park,Comfort,13,0,0.715,1.226,7.779,27.924,50,36,1.3889,1.1633,29.86
R0000978,2025-10-16 16:57:00,Airport,Economy,8,0,1.173,1.744,5.809,19.227,68,38,1.7895,1.3316,21.68
R0000979,2025-06-18 05:32:00,Central,Premium,13,0,0.814,1.128,29.219,91.936,49,49,1.0,1.0,104.84
R0000980,2025-07-17 23:15:00,Central,Economy,14,0,0.25,1.094,2.841,7.823,49,52,0.9423,1.0,9.81
R0000981,2025-04-01 18:25:00,Airport,Economy,16,0,0.51,0.806,5.732,12.048,45,45,1.0,1.0,9.34
R0000982,2025-09-23 12:36:00,University,Comfort,13,0,0.211,1.029,3.109,10.617,35,48,0.7292,1.0,10.85
R0000983,2025-01-08 04:37:00,South,Economy,15,0,0.208,1.119,2.826,11.097,46,36,1.2778,1.1167,9.06
R0000984,2025-02-16 23:58:00,South,Economy,14,0,0.195,0.88,2.492,5.139,32,32,1.0,1.0,7.08
R0000985,2025-07-28 21:16:00,University,Economy,15,0,0.404,1.155,10.905,30.199,43,43,1.0,1.0,18.45
R0000986,2025-01-05 19:36:00,Tech Park,Comfort,14,0,0.564,0.79,3.74,10.59,60,45,1.3333,1.14,12.83
R0000987,2025-03-10 05:30:00,Tech Park,Economy,7,0,0.629,1.68,6.752,23.602,73,35,2.0857,1.456,24.55
R0000988,2025-04-13 21:52:00,Central,Economy,5,1,0.776,1.381,12.687,45.416,63,45,1.4,1.168,31.91
R0000989,2025-03-30 21:13:00,Central,Economy,18,1,0.267,1.559,10.023,35.352,91,43,2.1163,1.4688,34.19
R0000990,2025-10-03 12:36:00,Central,Economy,8,1,0.575,1.478,9.754,35.361,85,33,2.5758,1.6618,39.47
R0000991,2025-05-03 18:10:00,Central,Premium,13,0,0.645,0.86,15.144,44.072,50,52,0.9615,1.0,51.98
R0000992,2025-11-22 05:58:00,Central,Economy,4,0,1.492,1.339,18.825,64.967,57,51,1.1176,1.0494,45.22
R0000993,2025-08-02 16:49:00,Central,Economy,10,0,0.07,1.73,3.902,13.275,66,37,1.7838,1.3292,11.32
R0000994,2025-10-11 02:06:00,Central,Economy,12,0,0.106,1.009,10.133,30.769,55,43,1.2791,1.1172,18.27
R0000995,2025-11-20 04:55:00,North,Economy,15,0,0.939,1.086,6.688,17.929,40,53,0.7547,1.0,14.34
R0000996,2025-06-15 16:38:00,Central,Premium,12,0,1.026,0.837,7.166,23.074,54,56,0.9643,1.0,29.35
R0000997,2025-09-29 13:32:00,Central,Economy,8,0,0.943,1.742,3.383,15.894,75,45,1.6667,1.28,17.38
R0000998,2025-10-27 01:03:00,North,Comfort,23,0,0.934,1.044,5.798,20.45,37,36,1.0278,1.0117,18.93
R0000999,2025-07-22 15:38:00,North,Economy,12,0,2.364,1.312,6.156,20.711,47,38,1.2368,1.0995,20.1
R0001000,2025-07-29 23:58:00,Tech Park,Comfort,19,1,1.359,2.086,17.058,63.432,73,30,2.4333,1.602,97.97
R0001001,2025-02-07 03:02:00,Tech Park,Economy,17,0,0.084,1.241,4.115,14.085,62,35,1.7714,1.324,10.94
R0001002,2025-07-04 11:57:00,Central,Economy,13,1,0.446,0.78,2.092,5.684,60,39,1.5385,1.2262,5.23
R0001003,2025-03-08 10:18:00,Airport,Economy,21,0,0.421,1.667,7.742,30.373,59,46,1.2826,1.1187,23.92
R0001004,2025-06-05 10:01:00,Central,Economy,3,0,0.525,1.025,3.891,11.93,36,40,0.9,1.0,11.03
R0001005,2025-04-08 23:07:00,Central,Premium,22,0,0.368,0.973,7.194,21.21,56,50,1.12,1.0504,24.85
R0001006,2025-09-22 15:48:00,North,Comfort,20,0,0.162,1.628,11.172,44.648,61,30,2.0333,1.434,53.74
R0001007,2025-08-05 22:59:00,University,Economy,12,0,0.656,1.164,7.353,25.608,40,41,0.9756,1.0,19.31
R0001008,2025-12-30 12:54:00,Central,Economy,17,0,1.571,1.657,6.128,25.062,82,35,2.3429,1.564,30.67
R0001009,2025-09-05 20:27:00,Central,Comfort,12,0,0.356,0.958,7.127,20.785,61,64,0.9531,1.0,19.25
R0001010,2025-11-21 07:26:00,Tech Park,Economy,6,0,0.77,1.148,12.38,36.534,58,47,1.234,1.0983,27.87
R0001011,2025-04-16 17:05:00,North,Economy,19,0,0.54,1.677,4.116,18.154,57,38,1.5,1.21,15.03
R0001012,2025-09-15 18:42:00,Airport,Comfort,5,1,0.934,1.255,11.596,40.926,57,54,1.0556,1.0233,41.95
R0001013,2025-07-24 11:26:00,Central,Economy,7,0,0.495,1.534,4.471,13.665,69,39,1.7692,1.3231,13.72
R0001014,2025-11-06 10:55:00,University,Economy,12,0,0.303,1.117,10.817,32.807,52,45,1.1556,1.0653,27.28
R0001015,2025-09-26 22:46:00,Airport,Economy,20,0,0.377,1.789,3.324,11.359,61,40,1.525,1.2205,13.36
R0001016,2025-10-01 15:39:00,South,Economy,9,0,1.523,1.833,10.469,40.326,58,31,1.871,1.3658,43.24
R0001017,2025-07-30 06:59:00,Tech Park,Comfort,11,0,0.607,1.091,7.345,25.756,45,40,1.125,1.0525,21.55
R0001018,2025-10-25 09:25:00,Central,Comfort,0,0,0.588,1.064,8.192,24.888,48,49,0.9796,1.0,23.39
R0001019,2025-12-21 10:28:00,Tech Park,Premium,2,1,1.485,1.156,13.163,40.603,60,44,1.3636,1.1527,59.24
R0001020,2025-04-22 10:07:00,Central,Economy,1,0,1.709,1.139,4.945,12.119,70,48,1.4583,1.1925,13.1
R0001021,2025-03-14 15:53:00,Central,Comfort,1,0,0.11,0.966,7.662,21.399,45,41,1.0976,1.041,17.45
R0001022,2025-02-18 20:13:00,Central,Premium,20,0,1.152,1.839,9.178,37.974,82,42,1.9524,1.4,72.24
R0001023,2025-08-31 20:38:00,University,Comfort,20,1,0.633,1.504,6.59,24.518,68,32,2.125,1.4725,36.14
R0001024,2025-06-23 21:29:00,Central,Premium,19,1,1.714,1.845,11.522,45.226,88,50,1.76,1.3192,77.68
R0001025,2025-01-18 18:14:00,Central,Premium,1,1,0.071,0.978,9.313,27.532,58,47,1.234,1.0983,33.19
R0001026,2025-07-03 13:20:00,University,Comfort,1,0,0.72,1.45,5.647,19.432,47,34,1.3824,1.1606,21.82
R0001027,2025-01-25 09:12:00,Central,Premium,6,0,0.976,1.306,15.54,50.645,58,50,1.16,1.0672,66.62
R0001028,2025-06-09 05:40:00,University,Economy,13,0,0.428,1.204,10.581,34.734,47,34,1.3824,1.1606,27.32
R0001029,2025-01-02 04:42:00,South,Economy,8,1,1.098,1.913,4.887,22.493,70,44,1.5909,1.2482,22.7
R0001030,2025-03-04 12:28:00,South,Premium,11,0,1.171,1.113,4.86,14.579,46,39,1.1795,1.0754,22.21
R0001031,2025-04-26 19:59:00,Tech Park,Comfort,4,0,0.546,1.346,6.884,23.187,62,50,1.24,1.1008,27.51
R0001032,2025-11-29 02:32:00,Tech Park,Economy,17,0,0.511,1.671,9.935,34.231,72,39,1.8462,1.3554,32.63
R0001033,2025-01-11 19:21:00,Airport,Economy,7,0,1.267,1.77,2.299,5.343,48,27,1.7778,1.3267,10.83
R0001034,2025-03-25 00:34:00,University,Economy,1,0,0.708,0.909,5.001,17.641,43,43,1.0,1.0,16.1
R0001035,2025-11-12 20:10:00,University,Comfort,17,0,0.919,1.643,5.654,24.833,63,35,1.8,1.336,35.47
R0001036,2025-12-21 18:51:00,University,Economy,21,0,0.705,1.359,3.523,14.475,66,44,1.5,1.21,15.19
R0001037,2025-07-03 21:09:00,South,Economy,0,1,0.673,1.076,4.428,15.137,43,48,0.8958,1.0,12.87
R0001038,2025-12-18 11:41:00,South,Economy,10,0,0.51,1.538,8.377,33.703,61,43,1.4186,1.1758,28.49
R0001039,2025-09-17 14:58:00,South,Economy,19,1,0.972,1.653,5.936,23.021,75,35,2.1429,1.48,29.74
R0001040,2025-05-14 05:05:00,Airport,Premium,16,0,0.241,0.794,6.199,20.156,53,52,1.0192,1.0081,22.88
R0001041,2025-09-12 13:26:00,North,Economy,20,1,0.077,1.69,3.639,14.499,64,36,1.7778,1.3267,14.78
R0001042,2025-10-23 04:50:00,South,Economy,9,0,0.587,1.762,6.907,26.653,62,29,2.1379,1.4779,28.27
R0001043,2025-11-22 05:45:00,South,Economy,8,1,1.734,2.166,3.397,14.425,66,38,1.7368,1.3095,22.59
R0001044,2025-06-02 19:37:00,Central,Comfort,17,0,0.709,1.977,17.33,67.977,77,33,2.3333,1.56,104.58
R0001045,2025-02-07 11:26:00,North,Economy,3,0,0.465,1.112,20.264,59.791,34,54,0.6296,1.0,36.48
R0001046,2025-09-13 11:15:00,South,Economy,5,0,0.408,1.258,5.988,21.099,32,55,0.5818,1.0,13.02
R0001047,2025-01-16 21:38:00,North,Economy,14,0,0.381,1.116,4.19,12.185,41,42,0.9762,1.0,9.62
R0001048,2025-07-25 18:38:00,University,Premium,16,0,0.004,0.924,12.429,37.86,28,42,0.6667,1.0,41.59
R0001049,2025-09-18 06:10:00,Tech Park,Comfort,2,1,1.549,1.229,10.76,40.063,72,49,1.4694,1.1971,45.84
R0001050,2025-07-12 00:58:00,Airport,Comfort,12,1,0.341,1.176,21.783,69.476,66,39,1.6923,1.2908,69.67
R0001051,2025-10-27 19:53:00,Airport,Economy,8,0,0.598,2.393,25.219,107.087,65,54,1.2037,1.0856,82.68
R0001052,2025-10-25 11:18:00,Tech Park,Premium,12,0,0.438,1.289,2.548,11.5,40,45,0.8889,1.0,17.08
R0001053,2025-01-05 07:41:00,North,Comfort,23,0,0.283,1.095,14.691,40.177,31,50,0.62,1.0,35.95
R0001054,2025-09-15 07:57:00,Tech Park,Economy,1,1,1.613,1.377,6.873,23.347,65,42,1.5476,1.23,21.58
R0001055,2025-07-17 11:48:00,Central,Premium,23,1,0.172,1.116,10.507,33.994,48,57,0.8421,1.0,40.68
R0001056,2025-05-20 16:50:00,Airport,Premium,10,0,1.001,1.714,11.915,38.689,73,49,1.4898,1.2057,63.23
R0001057,2025-05-26 15:31:00,North,Comfort,18,1,0.096,1.703,11.644,41.604,64,47,1.3617,1.1519,47.93
R0001058,2025-11-08 08:09:00,Tech Park,Comfort,10,0,0.514,1.615,13.466,47.413,59,47,1.2553,1.1072,46.9
R0001059,2025-11-29 15:16:00,University,Economy,7,1,1.438,1.627,5.708,18.384,73,39,1.8718,1.3662,20.25
R0001060,2025-08-19 01:45:00,University,Economy,18,1,0.364,1.702,4.599,15.45,81,33,2.4545,1.6109,20.15
R0001061,2025-09-12 16:38:00,North,Economy,16,0,0.927,1.278,14.921,51.235,38,40,0.95,1.0,37.0
R0001062,2025-06-27 11:58:00,Tech Park,Economy,3,0,0.347,1.036,4.809,7.717,40,54,0.7407,1.0,5.78
R0001063,2025-12-25 01:00:00,Airport,Economy,16,0,0.426,1.133,21.623,67.24,48,42,1.1429,1.06,44.84
R0001064,2025-09-19 00:28:00,South,Economy,18,0,1.116,1.924,5.102,22.861,57,33,1.7273,1.3055,24.39
R0001065,2025-05-09 10:45:00,University,Premium,9,1,0.945,1.711,6.3,23.516,63,41,1.5366,1.2254,41.04
R0001066,2025-11-12 00:59:00,North,Economy,22,0,1.749,1.234,6.996,26.28,44,51,0.8627,1.0,19.23
R0001067,2025-02-21 12:25:00,University,Comfort,15,0,0.363,0.938,3.328,10.035,48,58,0.8276,1.0,10.27
R0001068,2025-01-26 17:26:00,Central,Economy,8,1,0.799,1.648,3.333,11.012,75,45,1.6667,1.28,13.85
R0001069,2025-09-30 05:20:00,Airport,Economy,0,0,0.63,1.39,12.828,42.929,45,45,1.0,1.0,27.75
R0001070,2025-09-04 02:41:00,South,Economy,16,0,0.819,1.112,3.016,9.694,48,38,1.2632,1.1105,8.47
R0001071,2025-10-02 01:15:00,University,Economy,5,0,1.35,1.308,31.057,98.428,44,46,0.9565,1.0,73.84
R0001072,2025-02-11 06:07:00,Central,Economy,18,0,0.298,1.545,7.376,25.912,81,54,1.5,1.21,23.57
R0001073,2025-06-03 12:43:00,Tech Park,Economy,12,0,0.771,1.065,4.41,12.79,45,51,0.8824,1.0,12.57
R0001074,2025-09-08 09:12:00,Central,Comfort,11,0,1.598,1.129,9.788,29.117,63,55,1.1455,1.0611,31.95
R0001075,2025-03-11 12:32:00,Tech Park,Economy,3,0,0.631,1.132,2.006,5.072,45,44,1.0227,1.0095,5.83
R0001076,2025-10-03 20:51:00,South,Economy,17,0,1.109,1.657,6.466,24.776,51,39,1.3077,1.1292,20.65
R0001077,2025-01-29 11:29:00,Central,Economy,3,0,0.042,1.237,6.938,20.82,46,48,0.9583,1.0,13.7
R0001078,2025-07-03 18:49:00,Tech Park,Economy,10,0,0.657,1.649,3.871,12.13,56,44,1.2727,1.1145,10.87
R0001079,2025-08-22 19:22:00,Tech Park,Economy,20,0,0.385,1.611,5.488,17.904,76,46,1.6522,1.2739,16.64
R0001080,2025-10-27 05:34:00,North,Economy,22,0,0.932,1.135,17.981,56.166,43,43,1.0,1.0,35.3
R0001081,2025-03-14 12:26:00,Central,Comfort,23,0,0.775,1.206,8.592,29.395,52,35,1.4857,1.204,33.98
R0001082,2025-11-03 07:09:00,Central,Comfort,22,1,0.244,1.312,9.677,33.784,76,31,2.4516,1.6097,45.3
R0001083,2025-01-28 07:01:00,University,Comfort,13,0,0.113,0.833,5.039,15.87,37,42,0.881,1.0,16.84
R0001084,2025-06-13 02:19:00,South,Comfort,4,0,2.428,1.487,3.751,15.11,41,33,1.2424,1.1018,20.81
R0001085,2025-08-21 12:28:00,Tech Park,Economy,20,1,0.831,1.417,6.803,23.521,65,35,1.8571,1.36,25.26
R0001086,2025-05-24 20:39:00,Tech Park,Economy,19,0,0.813,1.917,2.01,9.899,80,39,2.0513,1.4415,14.27
R0001087,2025-08-16 18:50:00,Tech Park,Economy,23,0,0.289,1.033,4.249,14.909,48,45,1.0667,1.028,12.18
R0001088,2025-03-03 00:55:00,Central,Comfort,15,0,0.44,0.81,3.901,10.577,51,40,1.275,1.1155,11.58
R0001089,2025-07-13 14:53:00,North,Economy,3,0,1.612,1.06,2.531,6.604,51,46,1.1087,1.0457,6.51
R0001090,2025-12-08 04:49:00,Tech Park,Economy,12,0,0.643,1.262,11.101,39.143,49,49,1.0,1.0,25.36
R0001091,2025-10-03 23:32:00,Airport,Premium,10,1,1.655,1.548,7.23,26.112,92,36,2.5556,1.6533,56.67
R0001092,2025-11-28 17:07:00,Central,Economy,20,1,0.833,1.75,5.524,23.357,85,43,1.9767,1.4102,26.41
R0001093,2025-05-11 08:59:00,South,Economy,9,0,1.381,1.721,11.235,38.552,62,37,1.6757,1.2838,35.56
R0001094,2025-03-06 01:48:00,University,Premium,7,0,0.037,1.522,3.144,11.121,61,40,1.525,1.2205,19.27
R0001095,2025-07-08 19:24:00,Tech Park,Economy,1,0,0.272,0.928,3.71,9.002,57,43,1.3256,1.1367,10.07
R0001096,2025-01-18 18:29:00,Airport,Economy,20,0,0.632,1.492,14.361,50.578,50,40,1.25,1.105,38.47
R0001097,2025-12-15 03:58:00,University,Economy,18,0,0.477,1.548,27.242,91.843,56,37,1.5135,1.2157,70.69
R0001098,2025-08-25 20:10:00,Central,Economy,0,0,0.937,1.272,11.317,35.714,60,47,1.2766,1.1162,26.29
R0001099,2025-04-09 06:44:00,Central,Premium,10,1,0.113,1.518,10.068,39.43,63,30,2.1,1.462,65.12
R0001100,2025-05-18 11:17:00,University,Comfort,11,0,0.116,1.097,5.641,19.787,43,45,0.9556,1.0,16.04
R0001101,2025-02-15 21:09:00,Tech Park,Economy,11,0,0.908,1.12,5.712,20.086,61,41,1.4878,1.2049,18.1
R0001102,2025-11-16 12:52:00,University,Economy,22,0,1.333,1.35,8.802,27.001,38,52,0.7308,1.0,20.48
R0001103,2025-05-21 01:15:00,Tech Park,Economy,3,0,0.437,1.153,16.529,47.501,64,50,1.28,1.1176,39.44
R0001104,2025-12-03 18:00:00,South,Economy,7,1,1.79,1.775,9.822,38.587,69,33,2.0909,1.4582,48.38
R0001105,2025-07-03 19:36:00,Central,Economy,4,0,0.574,0.932,13.156,33.96,51,30,1.7,1.294,33.07
R0001106,2025-02-20 01:36:00,Central,Economy,5,0,0.422,1.248,4.693,14.995,65,47,1.383,1.1609,13.27
R0001107,2025-10-21 20:27:00,University,Comfort,21,1,0.33,1.463,10.906,35.633,63,40,1.575,1.2415,36.56
R0001108,2025-03-18 09:38:00,University,Comfort,22,1,0.27,1.139,5.37,15.67,60,36,1.6667,1.28,19.64
R0001109,2025-06-27 18:24:00,Central,Premium,1,0,1.063,1.197,8.39,26.267,59,62,0.9516,1.0,32.86
R0001110,2025-01-21 16:51:00,North,Comfort,15,0,0.233,0.959,10.899,30.402,44,34,1.2941,1.1235,29.56
R0001111,2025-08-29 08:51:00,Central,Economy,5,1,0.187,1.111,5.8,16.191,75,39,1.9231,1.3877,17.55
R0001112,2025-11-01 07:45:00,Central,Comfort,4,1,0.256,1.292,4.44,16.04,61,49,1.2449,1.1029,18.15
R0001113,2025-08-07 19:18:00,University,Premium,7,0,0.58,1.767,9.482,37.526,60,38,1.5789,1.2432,54.55
R0001114,2025-08-15 07:53:00,Airport,Economy,4,1,0.619,1.135,7.213,19.423,63,46,1.3696,1.1552,19.23
R0001115,2025-06-15 01:15:00,North,Economy,11,0,1.016,1.475,8.372,29.586,38,45,0.8444,1.0,23.83
R0001116,2025-12-12 02:42:00,University,Economy,23,0,0.53,0.794,11.15,33.074,41,37,1.1081,1.0454,21.58
R0001117,2025-10-19 09:53:00,South,Premium,14,1,0.103,0.818,15.943,46.254,51,43,1.186,1.0781,56.4
R0001118,2025-03-24 17:59:00,North,Premium,17,0,0.403,1.539,11.187,38.582,66,31,2.129,1.4742,68.06
R0001119,2025-02-13 08:26:00,Central,Comfort,11,0,0.594,1.362,10.408,33.575,71,52,1.3654,1.1535,35.35
R0001120,2025-08-03 18:36:00,Airport,Economy,0,1,0.309,1.225,5.899,21.406,58,35,1.6571,1.276,19.08
R0001121,2025-10-02 18:51:00,Central,Premium,2,1,0.773,0.83,6.419,19.926,70,46,1.5217,1.2191,28.56
R0001122,2025-05-24 00:50:00,Airport,Economy,6,1,0.013,0.924,9.974,25.611,58,46,1.2609,1.1096,16.56
R0001123,2025-08-17 11:59:00,Central,Economy,5,0,0.526,0.856,6.361,18.684,64,36,1.7778,1.3267,22.85
R0001124,2025-07-22 04:14:00,Central,Economy,20,1,1.551,1.822,9.951,37.432,77,31,2.4839,1.6232,48.92
R0001125,2025-12-12 02:12:00,Central,Comfort,20,0,1.303,1.947,4.96,17.47,67,37,1.8108,1.3405,26.78
R0001126,2025-04-17 12:10:00,Airport,Comfort,20,0,0.662,1.845,22.447,82.178,68,44,1.5455,1.2291,98.66
R0001127,2025-04-16 17:17:00,University,Economy,15,0,0.613,1.159,8.641,28.806,33,42,0.7857,1.0,16.58
R0001128,2025-08-31 17:23:00,Central,Economy,13,1,0.871,1.08,8.334,24.419,53,39,1.359,1.1508,20.04
R0001129,2025-03-04 11:37:00,North,Economy,15,1,0.19,1.017,5.957,19.374,45,48,0.9375,1.0,12.54
R0001130,2025-10-10 01:53:00,University,Economy,9,1,1.219,1.892,22.246,80.713,74,37,2.0,1.42,81.59
R0001131,2025-04-16 22:28:00,Airport,Comfort,16,0,1.748,1.737,3.899,12.529,46,36,1.2778,1.1167,17.11
R0001132,2025-06-15 03:26:00,North,Economy,19,0,0.523,1.431,5.277,20.09,56,36,1.5556,1.2333,17.73
R0001133,2025-03-30 09:36:00,Tech Park,Economy,18,0,0.662,1.955,12.422,50.191,64,39,1.641,1.2692,41.34
R0001134,2025-09-17 19:01:00,South,Economy,14,0,1.027,1.229,8.862,26.32,38,40,0.95,1.0,17.54
R0001135,2025-11-11 12:49:00,Central,Comfort,1,0,0.278,1.198,5.656,20.951,44,48,0.9167,1.0,17.32
R0001136,2025-09-11 03:30:00,Tech Park,Comfort,17,0,1.792,1.906,5.746,22.56,66,33,2.0,1.42,34.83
R0001137,2025-08-23 09:06:00,Tech Park,Economy,8,1,2.386,2.232,6.619,22.76,90,35,2.5714,1.66,34.35
R0001138,2025-12-26 03:01:00,Central,Economy,17,0,0.934,1.777,8.217,27.602,68,38,1.7895,1.3316,28.25
R0001139,2025-07-05 07:43:00,Airport,Premium,12,1,1.903,1.226,18.256,59.284,63,49,1.2857,1.12,85.31
R0001140,2025-04-04 04:26:00,Airport,Economy,21,0,0.161,1.66,10.836,35.429,65,38,1.7105,1.2984,27.28
R0001141,2025-09-30 12:52:00,Tech Park,Economy,8,0,0.751,1.888,13.638,49.981,70,35,2.0,1.42,48.61
R0001142,2025-06-03 15:18:00,Central,Economy,22,0,0.046,1.008,6.117,19.105,59,50,1.18,1.0756,14.74
R0001143,2025-01-23 11:36:00,Central,Premium,20,0,0.403,1.249,10.316,34.586,88,40,2.2,1.504,60.75
R0001144,2025-08-08 22:56:00,North,Comfort,7,0,0.412,1.604,3.303,13.18,57,35,1.6286,1.264,14.57
R0001145,2025-05-19 03:32:00,University,Economy,11,0,0.315,1.074,8.586,30.393,56,39,1.4359,1.1831,25.4
R0001146,2025-01-03 10:39:00,Airport,Economy,12,0,0.165,1.022,8.289,23.894,38,48,0.7917,1.0,17.5
R0001147,2025-05-07 16:50:00,Airport,Economy,18,0,0.925,1.627,21.153,74.34,69,49,1.4082,1.1714,67.19
R0001148,2025-09-21 20:26:00,North,Economy,16,0,0.255,1.284,18.296,59.97,34,30,1.1333,1.056,44.99
R0001149,2025-12-03 04:08:00,Tech Park,Economy,20,0,0.926,1.29,6.739,24.268,63,37,1.7027,1.2951,21.56
R0001150,2025-12-01 21:40:00,North,Economy,8,0,0.559,1.668,4.956,20.997,51,50,1.02,1.0084,15.93
R0001151,2025-04-29 20:00:00,University,Economy,12,0,0.79,1.162,5.031,15.827,38,45,0.8444,1.0,12.56
R0001152,2025-11-19 07:56:00,Airport,Economy,10,0,0.348,1.99,6.606,27.647,59,33,1.7879,1.3309,30.35
R0001153,2025-04-20 17:52:00,Central,Economy,21,0,0.554,1.647,15.894,54.299,82,41,2.0,1.42,52.06
R0001154,2025-01-31 03:56:00,Central,Economy,7,0,2.708,2.118,9.759,38.902,92,53,1.7358,1.3091,47.83
R0001155,2025-12-10 04:55:00,Central,Comfort,14,0,0.767,1.161,10.328,33.965,49,42,1.1667,1.07,33.31
R0001156,2025-06-01 12:33:00,North,Economy,2,1,1.796,1.34,12.136,42.35,54,41,1.3171,1.1332,33.74
R0001157,2025-10-29 19:09:00,Tech Park,Comfort,20,0,1.724,2.178,4.496,20.294,95,39,2.4359,1.6031,35.71
R0001158,2025-11-14 06:19:00,Central,Premium,9,0,0.129,1.373,5.259,18.619,73,46,1.587,1.2465,30.25
R0001159,2025-09-27 16:59:00,Tech Park,Premium,8,0,1.72,1.74,10.341,37.815,94,47,2.0,1.42,75.96
R0001160,2025-05-20 15:58:00,Central,Economy,13,0,0.553,1.235,5.061,18.397,48,57,0.8421,1.0,15.66
R0001161,2025-01-21 08:48:00,South,Economy,11,0,0.412,1.12,3.355,16.389,35,42,0.8333,1.0,7.58
R0001162,2025-10-30 12:57:00,North,Economy,20,1,0.197,1.534,4.283,17.746,68,39,1.7436,1.3123,17.28
R0001163,2025-04-01 11:22:00,South,Economy,12,0,0.13,1.011,13.872,42.696,32,42,0.7619,1.0,29.77
R0001164,2025-11-30 10:49:00,Airport,Economy,12,0,0.904,1.327,6.323,18.585,53,57,0.9298,1.0,12.17
R0001165,2025-03-14 05:15:00,University,Economy,2,0,0.124,1.11,8.795,25.968,43,41,1.0488,1.0205,19.06
R0001166,2025-01-31 12:14:00,University,Economy,0,0,0.936,1.04,4.402,13.704,39,47,0.8298,1.0,10.31
R0001167,2025-11-07 00:19:00,Tech Park,Comfort,9,0,0.218,1.632,9.57,36.397,65,46,1.413,1.1735,36.19
R0001168,2025-02-07 18:10:00,University,Economy,23,0,0.479,1.077,6.697,19.302,43,50,0.86,1.0,12.91
R0001169,2025-12-08 05:49:00,Central,Premium,22,0,0.617,1.196,9.928,33.358,53,47,1.1277,1.0536,45.2
R0001170,2025-03-16 01:03:00,North,Comfort,15,1,0.232,0.984,5.972,19.002,50,41,1.2195,1.0922,20.41
R0001171,2025-09-05 04:39:00,Central,Economy,15,0,0.147,0.809,10.251,30.344,68,51,1.3333,1.14,22.05
R0001172,2025-05-01 19:00:00,University,Economy,9,1,0.429,1.748,5.813,21.581,74,48,1.5417,1.2275,24.4
R0001173,2025-11-09 00:31:00,Central,Economy,4,0,0.323,1.157,7.432,22.732,52,39,1.3333,1.14,14.96
R0001174,2025-04-07 21:27:00,Central,Premium,0,1,0.368,1.321,6.69,20.583,55,38,1.4474,1.1879,29.28
R0001175,2025-06-24 19:23:00,Tech Park,Comfort,8,0,0.977,1.489,7.881,28.975,77,51,1.5098,1.2141,37.0
R0001176,2025-08-24 15:40:00,Airport,Comfort,7,0,1.513,1.81,9.057,33.828,61,37,1.6486,1.2724,43.94
R0001177,2025-02-19 11:05:00,Tech Park,Comfort,4,1,0.405,1.031,5.917,16.447,51,46,1.1087,1.0457,16.16
R0001178,2025-05-24 10:17:00,Central,Economy,6,0,0.978,1.105,7.273,23.731,55,53,1.0377,1.0158,17.48
R0001179,2025-09-27 16:16:00,Tech Park,Premium,0,1,0.334,0.783,8.607,32.401,60,47,1.2766,1.1162,38.98
R0001180,2025-12-30 06:59:00,University,Premium,14,1,0.307,0.863,10.27,29.646,55,30,1.8333,1.35,47.75
R0001181,2025-11-19 08:08:00,South,Comfort,22,0,0.426,1.125,7.45,27.537,42,42,1.0,1.0,22.59
R0001182,2025-12-23 15:19:00,Central,Economy,16,0,1.34,1.151,4.769,10.255,44,49,0.898,1.0,14.06
R0001183,2025-11-12 22:01:00,Airport,Economy,10,0,0.089,1.417,8.146,27.418,68,43,1.5814,1.2442,20.66
R0001184,2025-09-24 22:57:00,Airport,Economy,10,1,0.071,1.82,11.231,44.001,65,41,1.5854,1.2459,41.4
R0001185,2025-03-16 21:15:00,Airport,Economy,7,1,2.064,2.349,3.731,16.633,100,36,2.7778,1.7467,30.4
R0001186,2025-03-05 14:16:00,South,Economy,3,0,0.223,1.03,3.755,11.073,45,49,0.9184,1.0,7.98
R0001187,2025-12-17 11:47:00,Central,Comfort,14,0,0.486,0.817,5.397,16.253,68,47,1.4468,1.1877,18.65
R0001188,2025-02-14 08:04:00,Central,Premium,13,0,0.365,1.137,6.988,24.747,54,45,1.2,1.084,33.25
R0001189,2025-06-11 06:06:00,Central,Economy,0,0,1.76,0.941,2.32,12.829,74,61,1.2131,1.0895,12.95
R0001190,2025-03-06 10:23:00,University,Economy,9,0,1.329,1.546,10.652,39.681,64,44,1.4545,1.1909,30.38
R0001191,2025-06-30 08:31:00,Airport,Economy,6,1,0.145,1.101,7.026,21.365,53,57,0.9298,1.0,15.64
R0001192,2025-05-01 12:16:00,Central,Premium,4,0,0.622,0.863,2.132,6.921,58,33,1.7576,1.3182,11.37
R0001193,2025-06-30 18:00:00,North,Comfort,16,1,0.777,1.087,4.211,13.526,62,37,1.6757,1.2838,19.47
R0001194,2025-11-07 01:05:00,Airport,Economy,12,0,0.954,0.905,6.584,18.153,48,38,1.2632,1.1105,17.35
R0001195,2025-03-24 02:26:00,University,Economy,15,0,0.037,1.017,2.93,9.698,49,53,0.9245,1.0,5.93
R0001196,2025-12-16 19:10:00,Airport,Economy,17,0,0.071,1.765,13.247,47.926,62,51,1.2157,1.0906,30.29
R0001197,2025-06-29 06:00:00,Tech Park,Economy,23,1,1.013,1.072,8.609,24.35,67,47,1.4255,1.1787,20.69
R0001198,2025-05-13 14:17:00,South,Economy,19,0,0.119,1.568,11.28,41.5,66,42,1.5714,1.24,33.62
R0001199,2025-07-31 11:25:00,Tech Park,Economy,14,0,0.765,0.991,4.411,15.183,64,35,1.8286,1.348,15.91
R0001200,2025-10-20 16:24:00,South,Economy,21,0,0.156,1.444,9.74,32.01,53,46,1.1522,1.0639,24.09
R0001201,2025-12-08 10:22:00,Tech Park,Economy,11,1,0.078,0.864,5.401,16.867,60,37,1.6216,1.2611,14.81
R0001202,2025-03-20 18:16:00,North,Economy,23,0,0.214,1.18,6.988,20.711,25,49,0.5102,1.0,15.0
R0001203,2025-12-17 12:07:00,North,Comfort,18,0,0.538,1.392,9.432,30.783,54,46,1.1739,1.073,28.56
R0001204,2025-08-30 01:09:00,Tech Park,Economy,15,1,0.735,1.073,7.474,25.15,42,40,1.05,1.021,16.2
R0001205,2025-03-23 14:10:00,South,Economy,21,1,0.816,1.771,12.117,45.613,71,31,2.2903,1.5419,51.98
R0001206,2025-02-07 02:26:00,North,Premium,12,0,1.116,1.365,8.385,27.287,37,42,0.881,1.0,36.26
R0001207,2025-02-20 12:44:00,Central,Economy,17,0,0.229,1.671,6.021,23.078,61,41,1.4878,1.2049,19.78
R0001208,2025-02-01 14:59:00,Central,Economy,6,0,1.064,1.178,12.349,39.022,51,47,1.0851,1.0357,25.86
R0001209,2025-03-18 21:00:00,Central,Economy,23,0,0.588,1.003,13.867,39.561,60,42,1.4286,1.18,34.57
R0001210,2025-10-12 21:31:00,Airport,Comfort,14,0,0.676,1.288,8.151,26.768,48,44,1.0909,1.0382,29.19
R0001211,2025-04-23 08:37:00,North,Economy,18,0,2.897,1.915,16.198,62.026,68,36,1.8889,1.3733,74.05
R0001212,2025-05-06 01:48:00,Airport,Economy,11,0,0.92,1.012,6.824,22.035,48,51,0.9412,1.0,17.35
R0001213,2025-07-17 05:24:00,South,Economy,20,0,0.448,1.874,7.24,24.151,60,42,1.4286,1.18,20.06
R0001214,2025-03-14 15:50:00,Tech Park,Comfort,1,0,0.377,1.133,7.787,25.326,44,46,0.9565,1.0,25.15
R0001215,2025-06-15 00:12:00,South,Comfort,2,0,0.543,1.169,7.233,23.57,36,39,0.9231,1.0,22.79
R0001216,2025-05-21 19:57:00,Tech Park,Comfort,12,0,0.096,1.125,6.548,17.009,57,34,1.6765,1.2841,18.86
R0001217,2025-01-04 09:16:00,Airport,Economy,17,0,0.764,1.671,5.243,17.914,61,39,1.5641,1.2369,19.28
R0001218,2025-10-30 20:54:00,Airport,Economy,19,1,0.537,1.388,4.496,17.103,65,38,1.7105,1.2984,16.2
R0001219,2025-01-18 21:22:00,Tech Park,Economy,10,0,0.669,1.716,8.256,33.51,73,44,1.6591,1.2768,32.74
R0001220,2025-10-03 12:33:00,Tech Park,Economy,15,0,0.586,1.102,15.016,42.74,49,40,1.225,1.0945,33.86
R0001221,2025-09-24 07:53:00,Tech Park,Economy,13,0,0.111,0.865,12.156,37.515,52,47,1.1064,1.0447,25.7
R0001222,2025-05-17 07:41:00,Tech Park,Economy,23,0,0.947,0.974,9.616,25.041,49,32,1.5312,1.2231,20.84
R0001223,2025-10-28 11:36:00,Tech Park,Comfort,15,0,0.299,1.045,15.441,49.95,42,48,0.875,1.0,42.93
R0001224,2025-07-15 17:25:00,Tech Park,Economy,10,0,1.223,1.526,7.851,27.25,70,47,1.4894,1.2055,26.32
R0001225,2025-10-15 05:23:00,Tech Park,Economy,23,1,1.015,1.157,4.509,13.606,51,43,1.186,1.0781,11.15
R0001226,2025-10-18 09:14:00,Tech Park,Premium,2,0,1.977,1.308,6.41,22.548,47,60,0.7833,1.0,30.68
R0001227,2025-01-02 17:40:00,Airport,Premium,23,0,0.542,1.076,7.513,21.656,52,43,1.2093,1.0879,32.49
R0001228,2025-09-04 02:48:00,Airport,Economy,3,0,1.116,1.273,5.86,20.991,54,46,1.1739,1.073,20.32
R0001229,2025-06-18 20:45:00,Central,Premium,6,0,2.149,1.499,10.865,37.342,64,59,1.0847,1.0356,52.26
R0001230,2025-02-23 07:53:00,South,Economy,19,1,0.271,1.471,12.995,36.001,64,45,1.4222,1.1773,24.91
R0001231,2025-12-08 06:23:00,Tech Park,Comfort,17,0,1.345,1.949,2.996,10.821,82,47,1.7447,1.3128,20.13
R0001232,2025-05-02 12:17:00,Central,Economy,23,1,0.906,1.124,7.171,23.468,61,47,1.2979,1.1251,23.34
R0001233,2025-12-29 20:26:00,Central,Economy,17,1,0.182,1.898,1.573,9.611,69,43,1.6047,1.254,13.56
R0001234,2025-07-20 02:28:00,Tech Park,Premium,15,0,0.481,0.981,7.386,23.532,49,50,0.98,1.0,27.32
R0001235,2025-12-24 16:41:00,Central,Economy,8,0,3.0,1.8,7.341,30.092,84,47,1.7872,1.3306,36.71
R0001236,2025-08-31 04:41:00,Tech Park,Comfort,0,0,1.286,1.382,20.633,66.063,52,42,1.2381,1.1,64.35
R0001237,2025-11-17 09:43:00,Central,Economy,2,1,0.833,1.227,17.495,57.208,63,45,1.4,1.168,47.27
R0001238,2025-02-04 00:17:00,Central,Economy,7,0,0.279,1.817,12.972,49.76,73,28,2.6071,1.675,55.69
R0001239,2025-08-22 02:39:00,North,Premium,0,0,0.023,1.06,4.582,11.433,33,42,0.7857,1.0,13.85
R0001240,2025-09-28 12:18:00,Central,Economy,12,1,0.121,1.443,4.439,18.463,58,59,0.9831,1.0,13.34
R0001241,2025-11-16 10:14:00,Airport,Comfort,18,1,0.563,1.617,4.251,16.779,60,43,1.3953,1.166,18.88
R0001242,2025-12-25 13:36:00,Central,Comfort,23,0,0.563,1.29,17.987,57.471,58,55,1.0545,1.0229,52.89
R0001243,2025-11-29 05:26:00,Central,Economy,11,0,1.577,1.189,4.708,15.253,72,48,1.5,1.21,14.29
R0001244,2025-07-09 07:30:00,Central,Economy,21,1,0.21,1.676,6.284,21.051,83,44,1.8864,1.3723,26.54
R0001245,2025-07-31 02:58:00,Tech Park,Economy,23,0,0.189,1.156,4.736,17.249,50,56,0.8929,1.0,13.47
R0001246,2025-12-29 22:27:00,Airport,Economy,20,1,0.918,1.865,3.888,16.3,77,36,2.1389,1.4783,20.0
R0001247,2025-02-19 02:35:00,North,Economy,11,0,0.385,1.209,9.327,31.489,43,45,0.9556,1.0,19.2
R0001248,2025-06-14 22:55:00,Airport,Economy,7,0,0.381,1.036,8.451,26.441,70,39,1.7949,1.3338,23.46
R0001249,2025-03-05 21:23:00,University,Comfort,23,1,1.454,1.249,2.285,9.065,54,42,1.2857,1.12,11.83
R0001250,2025-07-25 17:24:00,Tech Park,Economy,5,0,0.175,0.928,3.796,11.625,49,29,1.6897,1.2897,11.44
R0001251,2025-09-08 03:18:00,University,Comfort,9,0,1.285,1.713,8.938,35.21,60,57,1.0526,1.0221,34.54
R0001252,2025-01-12 00:36:00,University,Economy,1,0,0.824,1.097,7.465,25.102,45,45,1.0,1.0,16.38
R0001253,2025-08-21 05:10:00,Central,Economy,19,0,0.345,1.788,6.231,24.123,68,41,1.6585,1.2766,24.84
R0001254,2025-11-19 04:50:00,Tech Park,Economy,15,1,0.546,1.135,10.839,33.878,64,36,1.7778,1.3267,33.45
R0001255,2025-06-02 11:10:00,Central,Economy,2,0,0.237,0.951,3.513,7.651,51,42,1.2143,1.09,6.59
R0001256,2025-12-03 10:41:00,University,Economy,5,0,0.463,0.819,5.6,12.513,40,40,1.0,1.0,10.09
R0001257,2025-02-10 15:10:00,North,Economy,13,0,2.06,1.647,10.329,36.32,50,45,1.1111,1.0467,26.42
R0001258,2025-01-17 22:44:00,North,Comfort,12,1,0.268,0.932,5.435,19.738,47,49,0.9592,1.0,16.58
R0001259,2025-03-22 07:12:00,University,Comfort,19,0,0.058,1.537,9.225,30.911,61,44,1.3864,1.1623,36.23
R0001260,2025-11-25 02:17:00,Tech Park,Economy,6,1,0.562,1.486,4.135,13.737,76,41,1.8537,1.3585,17.49
R0001261,2025-12-31 02:23:00,University,Comfort,22,1,1.789,1.21,4.938,14.563,47,37,1.2703,1.1135,19.18
R0001262,2025-03-11 17:05:00,Airport,Premium,10,0,0.687,1.624,2.915,8.66,69,41,1.6829,1.2868,15.43
R0001263,2025-01-04 03:00:00,Central,Economy,19,1,0.435,1.67,2.506,8.183,99,46,2.1522,1.4839,11.02
R0001264,2025-09-09 14:52:00,Central,Premium,5,0,0.416,0.786,5.979,18.363,68,40,1.7,1.294,27.57
R0001265,2025-10-31 13:18:00,North,Economy,0,0,1.316,0.927,9.949,28.653,43,47,0.9149,1.0,22.99
R0001266,2025-05-24 02:47:00,North,Comfort,1,0,0.766,1.051,7.293,21.784,27,42,0.6429,1.0,22.98
R0001267,2025-08-12 22:50:00,Central,Economy,8,1,0.916,1.634,14.705,50.694,79,40,1.975,1.4095,50.6
R0001268,2025-11-12 18:23:00,Tech Park,Comfort,22,1,0.636,1.139,6.259,20.909,62,41,1.5122,1.2151,25.5
R0001269,2025-01-16 03:48:00,Central,Comfort,1,1,1.143,1.03,2.42,9.439,68,47,1.4468,1.1877,11.53
R0001270,2025-11-17 13:47:00,Tech Park,Premium,8,1,2.06,1.999,9.387,32.58,76,38,2.0,1.42,69.44
R0001271,2025-06-04 22:23:00,Tech Park,Premium,2,0,0.553,0.711,4.292,11.222,57,46,1.2391,1.1004,17.99
R0001272,2025-12-04 14:21:00,South,Economy,22,1,0.754,1.123,8.325,26.316,51,36,1.4167,1.175,25.16
R0001273,2025-10-25 07:53:00,Central,Comfort,16,1,1.992,1.423,2.21,9.67,81,41,1.9756,1.4098,15.18
R0001274,2025-02-22 04:39:00,Central,Economy,18,0,0.635,1.723,6.677,25.251,68,42,1.619,1.26,26.89
R0001275,2025-08-14 05:22:00,Central,Economy,17,0,1.301,1.755,11.433,43.801,82,36,2.2778,1.5367,56.02
R0001276,2025-04-13 05:34:00,Tech Park,Economy,15,0,0.218,0.92,10.69,28.671,52,44,1.1818,1.0764,17.75
R0001277,2025-12-04 22:03:00,North,Premium,18,1,0.258,1.562,6.767,25.27,63,39,1.6154,1.2585,35.98
R0001278,2025-12-18 07:05:00,Airport,Comfort,0,0,2.439,1.661,7.552,32.156,51,53,0.9623,1.0,37.99
R0001279,2025-12-18 00:46:00,University,Economy,20,0,1.064,1.634,5.909,21.925,64,41,1.561,1.2356,20.82
R0001280,2025-04-05 07:18:00,Tech Park,Premium,17,0,0.487,1.814,6.593,25.373,83,43,1.9302,1.3907,45.46
R0001281,2025-10-29 20:33:00,Tech Park,Comfort,17,0,0.325,1.813,10.965,42.021,55,50,1.1,1.042,43.19
R0001282,2025-02-09 03:10:00,North,Economy,9,0,0.417,1.313,5.143,16.581,60,34,1.7647,1.3212,15.45
R0001283,2025-09-22 19:19:00,University,Economy,19,0,0.128,1.55,5.427,17.694,61,38,1.6053,1.2542,17.54
R0001284,2025-02-10 15:12:00,Central,Comfort,9,1,0.991,1.552,3.258,12.607,97,44,2.2045,1.5059,18.86
R0001285,2025-02-09 12:37:00,Central,Comfort,1,0,0.908,0.893,11.086,29.003,55,50,1.1,1.042,29.83
R0001286,2025-12-09 18:10:00,University,Economy,21,1,0.89,1.853,6.515,25.986,77,42,1.8333,1.35,29.25
R0001287,2025-10-07 08:46:00,University,Economy,5,0,1.659,1.384,3.878,15.254,47,50,0.94,1.0,13.62
R0001288,2025-01-21 12:32:00,North,Economy,2,1,0.602,1.156,12.21,34.999,45,29,1.5517,1.2317,29.75
R0001289,2025-08-21 11:55:00,Central,Economy,14,0,0.826,0.953,7.348,22.876,61,54,1.1296,1.0544,17.55
R0001290,2025-10-11 19:28:00,Central,Economy,5,0,0.062,1.049,5.012,15.767,49,46,1.0652,1.0274,11.71
R0001291,2025-05-19 09:13:00,Tech Park,Economy,20,0,1.073,1.507,12.317,45.781,75,35,2.1429,1.48,47.88
R0001292,2025-10-21 23:33:00,Tech Park,Economy,10,0,0.927,1.731,6.248,26.381,73,30,2.4333,1.602,34.17
R0001293,2025-10-15 11:27:00,Central,Comfort,0,0,0.151,0.908,3.18,12.325,53,51,1.0392,1.0165,9.23
R0001294,2025-05-01 14:01:00,Airport,Economy,22,1,0.489,1.277,12.771,44.21,40,48,0.8333,1.0,33.75
R0001295,2025-06-11 22:32:00,Tech Park,Economy,12,0,1.482,1.201,4.749,15.282,51,53,0.9623,1.0,13.4
R0001296,2025-04-28 12:46:00,Tech Park,Economy,6,0,0.803,1.186,39.691,123.459,49,42,1.1667,1.07,94.1
R0001297,2025-09-14 12:38:00,North,Premium,16,0,0.299,1.096,5.9,18.534,36,44,0.8182,1.0,23.16
R0001298,2025-10-29 23:26:00,South,Economy,12,0,0.929,1.154,2.488,6.847,50,42,1.1905,1.08,7.91
R0001299,2025-09-16 20:39:00,University,Economy,0,0,2.266,1.427,19.786,66.239,53,44,1.2045,1.0859,56.18
R0001300,2025-05-24 13:16:00,Central,Economy,18,0,0.099,1.622,7.309,26.379,72,44,1.6364,1.2673,21.45
R0001301,2025-10-05 22:04:00,South,Comfort,9,0,1.041,1.576,8.678,30.471,65,38,1.7105,1.2984,36.55
R0001302,2025-11-29 07:56:00,South,Economy,16,1,0.776,1.212,9.3,30.018,44,42,1.0476,1.02,21.37
R0001303,2025-05-07 21:30:00,South,Economy,21,0,0.133,1.729,3.567,14.19,57,40,1.425,1.1785,13.89
R0001304,2025-11-28 06:27:00,University,Comfort,14,0,0.808,1.217,2.29,10.516,37,42,0.881,1.0,13.06
R0001305,2025-03-09 07:18:00,South,Comfort,16,0,0.331,0.996,22.08,64.166,31,38,0.8158,1.0,53.32
R0001306,2025-11-25 19:27:00,North,Economy,6,0,0.44,1.111,3.191,8.238,29,46,0.6304,1.0,10.04
R0001307,2025-09-23 16:24:00,Central,Economy,5,0,0.934,1.103,18.56,58.435,51,45,1.1333,1.056,33.66
R0001308,2025-08-03 20:29:00,Tech Park,Premium,9,1,0.903,1.691,10.071,38.507,69,47,1.4681,1.1966,63.01
R0001309,2025-05-26 00:22:00,Central,Premium,20,0,0.887,1.496,8.302,29.862,84,42,2.0,1.42,53.08
R0001310,2025-09-28 18:05:00,Airport,Comfort,12,0,3.0,1.788,5.828,19.801,71,57,1.2456,1.1032,28.22
R0001311,2025-12-22 09:28:00,North,Comfort,8,1,0.51,1.99,26.844,101.651,48,36,1.3333,1.14,111.3
R0001312,2025-11-17 16:15:00,South,Premium,18,0,0.174,1.455,5.151,19.055,57,53,1.0755,1.0317,22.13
R0001313,2025-12-30 23:28:00,University,Premium,20,1,1.051,1.881,5.231,18.234,73,39,1.8718,1.3662,38.38
R0001314,2025-12-28 22:23:00,Tech Park,Economy,21,0,0.771,1.951,10.917,40.306,75,42,1.7857,1.33,42.0
R0001315,2025-12-11 20:57:00,Tech Park,Premium,7,0,0.349,1.44,5.208,18.229,80,40,2.0,1.42,36.04
R0001316,2025-07-26 06:31:00,Central,Comfort,17,1,0.324,1.22,4.323,17.447,69,44,1.5682,1.2386,20.47
R0001317,2025-06-21 15:27:00,North,Economy,14,1,1.745,1.587,7.307,26.831,54,50,1.08,1.0336,22.46
R0001318,2025-05-25 20:27:00,University,Economy,10,1,0.031,1.554,11.012,37.357,75,39,1.9231,1.3877,33.28
R0001319,2025-12-12 01:26:00,North,Economy,9,0,0.756,1.592,21.212,73.254,56,46,1.2174,1.0913,52.1
R0001320,2025-05-26 02:42:00,Tech Park,Comfort,2,1,0.31,1.064,23.73,70.15,62,36,1.7222,1.3033,75.28
R0001321,2025-01-14 18:54:00,South,Comfort,6,0,0.852,1.087,2.818,8.974,20,47,0.4255,1.0,11.24
R0001322,2025-03-14 01:00:00,Central,Economy,13,0,0.26,1.579,13.388,48.508,55,33,1.6667,1.28,43.36
R0001323,2025-08-24 20:18:00,South,Economy,21,0,0.87,1.611,4.392,12.294,53,32,1.6562,1.2756,12.74
R0001324,2025-08-04 08:34:00,Central,Economy,20,0,1.413,1.863,4.514,20.796,86,43,2.0,1.42,24.73
R0001325,2025-12-23 21:34:00,Airport,Economy,4,0,0.359,1.297,5.609,23.999,52,43,1.2093,1.0879,18.75
R0001326,2025-12-19 05:40:00,Central,Economy,16,0,0.417,1.307,5.416,18.977,53,40,1.325,1.1365,12.33
R0001327,2025-01-05 09:31:00,Central,Economy,2,1,0.842,1.349,4.191,13.067,66,57,1.1579,1.0663,13.41
R0001328,2025-10-26 07:13:00,North,Economy,16,1,1.129,1.127,2.101,10.377,57,35,1.6286,1.264,11.32
R0001329,2025-10-05 18:45:00,University,Economy,8,1,2.785,2.024,16.729,65.184,89,31,2.871,1.7858,97.36
R0001330,2025-11-06 18:20:00,North,Economy,10,0,0.427,1.235,12.376,38.71,58,44,1.3182,1.1336,32.77
R0001331,2025-08-05 17:28:00,Tech Park,Economy,17,1,0.417,1.612,7.484,24.955,76,42,1.8095,1.34,22.97
R0001332,2025-08-20 16:36:00,South,Premium,10,0,0.19,1.59,4.436,15.695,60,44,1.3636,1.1527,22.19
R0001333,2025-01-25 21:17:00,Airport,Comfort,19,0,0.016,1.686,14.897,53.817,52,41,1.2683,1.1127,46.04
R0001334,2025-07-14 07:22:00,Central,Comfort,12,1,1.423,1.579,7.293,28.212,75,51,1.4706,1.1976,33.98
R0001335,2025-03-19 04:07:00,University,Economy,23,0,0.534,1.224,5.504,19.137,55,44,1.25,1.105,17.74
R0001336,2025-03-17 22:27:00,South,Economy,15,0,0.182,1.225,3.058,11.952,31,61,0.5082,1.0,6.28
R0001337,2025-02-19 11:42:00,University,Premium,7,0,1.252,1.772,10.155,36.88,61,35,1.7429,1.312,62.48
R0001338,2025-07-10 15:53:00,Central,Economy,18,0,1.049,1.97,6.284,26.786,69,55,1.2545,1.1069,24.13
R0001339,2025-09-29 10:09:00,Tech Park,Economy,9,1,0.412,1.626,8.72,30.974,62,34,1.8235,1.3459,28.93
R0001340,2025-02-02 04:22:00,Tech Park,Economy,12,0,0.784,1.346,8.287,32.017,42,25,1.68,1.2856,28.03
R0001341,2025-10-13 13:26:00,University,Comfort,3,0,0.221,1.185,10.715,32.818,43,41,1.0488,1.0205,29.55
R0001342,2025-12-19 20:29:00,Airport,Economy,2,0,1.095,1.268,8.513,28.996,50,51,0.9804,1.0,25.01
R0001343,2025-12-22 06:18:00,University,Economy,13,0,0.338,0.784,6.388,23.667,42,48,0.875,1.0,15.98
R0001344,2025-09-04 16:18:00,North,Economy,4,1,1.557,1.477,10.25,37.674,49,36,1.3611,1.1517,33.09
R0001345,2025-10-10 07:21:00,Tech Park,Economy,23,1,0.945,1.238,12.746,42.685,53,48,1.1042,1.0438,31.88
R0001346,2025-01-20 01:51:00,South,Economy,20,1,0.139,1.701,17.686,63.988,63,34,1.8529,1.3582,51.52
R0001347,2025-10-13 13:15:00,South,Comfort,16,1,1.426,1.313,4.08,14.533,44,47,0.9362,1.0,16.38
R0001348,2025-08-14 09:47:00,Central,Premium,17,0,1.335,1.878,13.93,51.907,70,43,1.6279,1.2637,83.86
R0001349,2025-06-10 06:13:00,Tech Park,Economy,14,1,1.194,1.449,3.155,10.618,58,40,1.45,1.189,11.98
R0001350,2025-11-07 12:05:00,Central,Economy,1,0,1.248,1.139,13.202,37.971,55,45,1.2222,1.0933,32.33
R0001351,2025-02-26 05:32:00,North,Economy,9,0,0.606,1.743,5.461,22.196,60,31,1.9355,1.3929,23.15
R0001352,2025-09-15 11:16:00,South,Economy,11,0,0.772,0.999,12.005,32.92,38,45,0.8444,1.0,25.21
R0001353,2025-06-04 12:03:00,Tech Park,Premium,21,0,0.502,1.744,17.175,63.604,68,44,1.5455,1.2291,90.26
R0001354,2025-10-27 19:37:00,North,Comfort,5,1,0.061,1.056,8.573,26.091,40,42,0.9524,1.0,23.24
R0001355,2025-02-08 12:17:00,Tech Park,Economy,11,0,0.932,1.054,7.568,21.694,42,39,1.0769,1.0323,17.41
R0001356,2025-02-27 05:34:00,North,Comfort,8,1,0.097,1.584,7.359,29.587,68,39,1.7436,1.3123,29.37
R0001357,2025-11-06 03:52:00,South,Economy,3,0,0.189,0.932,5.997,15.354,25,36,0.6944,1.0,12.49
R0001358,2025-08-12 16:10:00,Tech Park,Economy,2,0,0.319,0.989,14.417,41.715,58,38,1.5263,1.2211,25.91
R0001359,2025-06-12 08:45:00,Tech Park,Premium,8,1,0.642,1.729,7.321,26.009,75,49,1.5306,1.2229,41.86
R0001360,2025-09-20 22:32:00,Tech Park,Economy,1,0,2.381,1.477,2.348,9.59,57,44,1.2955,1.1241,12.13
R0001361,2025-10-17 19:45:00,South,Economy,1,0,0.316,0.711,12.633,33.686,29,47,0.617,1.0,21.05
R0001362,2025-06-30 17:57:00,Central,Comfort,8,0,2.53,2.072,12.273,51.492,83,53,1.566,1.2377,70.92
R0001363,2025-12-14 19:19:00,Tech Park,Economy,4,1,1.304,1.18,7.954,22.769,67,41,1.6341,1.2663,26.72
R0001364,2025-11-20 21:26:00,Airport,Economy,13,1,0.835,1.076,5.035,25.414,43,35,1.2286,1.096,18.36
R0001365,2025-05-09 23:00:00,Central,Economy,0,0,0.279,0.847,4.104,10.539,62,45,1.3778,1.1587,8.4
R0001366,2025-06-23 16:29:00,Tech Park,Economy,7,0,0.651,1.659,5.043,25.453,67,41,1.6341,1.2663,27.75
R0001367,2025-03-17 17:13:00,North,Economy,10,0,0.7,1.582,8.665,33.321,46,40,1.15,1.063,25.86
R0001368,2025-03-17 19:01:00,North,Economy,23,0,1.083,1.424,2.818,10.446,44,50,0.88,1.0,11.55
R0001369,2025-03-31 11:45:00,University,Economy,15,0,0.296,0.738,9.81,28.266,55,49,1.1224,1.0514,16.37
R0001370,2025-01-09 10:25:00,Central,Economy,21,0,1.337,1.617,8.084,28.352,101,43,2.3488,1.5665,29.71
R0001371,2025-09-29 06:45:00,Airport,Comfort,8,0,0.583,1.469,15.768,54.281,61,47,1.2979,1.1251,51.78
R0001372,2025-02-14 00:38:00,Airport,Premium,10,0,0.93,1.764,11.424,40.424,78,43,1.814,1.3419,69.98
R0001373,2025-03-30 01:32:00,Central,Comfort,10,0,0.539,1.858,5.219,22.002,87,41,2.122,1.4712,31.53
R0001374,2025-06-04 06:12:00,Tech Park,Comfort,21,0,1.716,1.95,3.065,13.262,79,50,1.58,1.2436,19.21
R0001375,2025-05-03 05:11:00,Tech Park,Comfort,23,0,0.204,0.84,4.945,12.989,50,53,0.9434,1.0,9.66
R0001376,2025-10-18 23:55:00,South,Economy,23,1,0.792,1.065,16.605,51.514,48,48,1.0,1.0,34.55
R0001377,2025-08-11 19:01:00,Central,Economy,18,0,0.135,1.429,9.133,32.117,64,44,1.4545,1.1909,25.3
R0001378,2025-01-31 06:36:00,South,Economy,12,1,0.996,1.271,10.789,33.693,59,40,1.475,1.1995,24.25
R0001379,2025-06-12 18:01:00,Airport,Economy,12,0,0.184,0.952,5.496,16.273,45,51,0.8824,1.0,11.41
R0001380,2025-09-30 01:32:00,Tech Park,Premium,23,0,0.474,0.831,10.141,30.581,50,63,0.7937,1.0,35.02
R0001381,2025-03-19 18:13:00,South,Economy,6,0,0.42,1.181,3.367,14.18,30,38,0.7895,1.0,12.72
R0001382,2025-02-15 07:52:00,Airport,Comfort,8,0,3.0,2.317,12.992,53.413,84,32,2.625,1.6825,104.8
R0001383,2025-06-26 03:40:00,Tech Park,Economy,21,0,0.288,1.57,4.114,17.472,77,36,2.1389,1.4783,21.44
R0001384,2025-06-23 07:09:00,Tech Park,Economy,9,1,1.346,1.814,2.622,13.487,80,37,2.1622,1.4881,19.67
R0001385,2025-06-12 07:47:00,Central,Economy,5,1,0.014,0.731,26.958,76.392,66,50,1.32,1.1344,48.01
R0001386,2025-08-19 14:38:00,South,Economy,13,0,0.644,0.745,8.366,24.867,36,56,0.6429,1.0,18.52
R0001387,2025-08-27 23:48:00,South,Economy,7,0,1.776,1.537,8.24,27.171,54,37,1.4595,1.193,28.44
R0001388,2025-05-08 04:20:00,Central,Comfort,21,1,0.068,1.554,2.777,12.824,76,42,1.8095,1.34,19.08
R0001389,2025-05-28 10:54:00,Central,Economy,21,0,1.298,1.728,10.94,39.577,76,51,1.4902,1.2059,36.85
R0001390,2025-11-05 16:15:00,Tech Park,Comfort,7,0,0.543,1.746,12.646,47.306,78,39,2.0,1.42,61.53
R0001391,2025-10-23 04:06:00,University,Premium,12,1,0.028,0.97,6.961,20.124,50,36,1.3889,1.1633,24.94
R0001392,2025-03-03 20:14:00,South,Economy,23,0,1.453,1.439,12.673,41.662,45,39,1.1538,1.0646,35.47
R0001393,2025-03-28 03:14:00,South,Premium,17,0,1.037,1.894,14.787,54.073,63,38,1.6579,1.2763,86.55
R0001394,2025-08-01 15:19:00,South,Economy,5,0,0.244,0.986,10.372,28.541,32,40,0.8,1.0,18.86
R0001395,2025-07-04 11:48:00,North,Economy,14,0,1.091,1.016,2.36,7.084,42,44,0.9545,1.0,8.91
R0001396,2025-08-15 10:30:00,Airport,Economy,14,0,0.077,0.669,4.123,10.024,40,47,0.8511,1.0,6.68
R0001397,2025-10-20 12:15:00,North,Economy,15,1,0.341,1.319,19.644,65.048,41,34,1.2059,1.0865,44.94
R0001398,2025-05-12 08:08:00,University,Economy,0,0,0.628,0.943,8.128,22.338,45,44,1.0227,1.0095,13.31
R0001399,2025-04-08 23:28:00,Tech Park,Economy,7,1,0.598,1.388,8.148,26.346,68,42,1.619,1.26,23.32
R0001400,2025-01-01 14:09:00,University,Premium,20,1,0.905,1.736,4.916,18.842,78,47,1.6596,1.277,31.16
R0001401,2025-03-28 08:14:00,Central,Economy,5,1,2.955,1.264,5.471,22.581,67,40,1.675,1.2835,23.58
R0001402,2025-12-18 23:33:00,North,Comfort,7,0,0.745,1.707,14.969,52.385,54,37,1.4595,1.193,59.51
R0001403,2025-07-29 04:35:00,South,Economy,7,0,0.763,1.627,17.711,59.256,54,37,1.4595,1.193,50.74
R0001404,2025-11-16 15:10:00,Central,Economy,4,0,1.562,1.447,12.043,38.118,63,47,1.3404,1.143,31.54
R0001405,2025-07-16 17:32:00,Central,Economy,3,0,0.594,1.258,10.521,32.421,55,45,1.2222,1.0933,25.2
R0001406,2025-12-08 09:20:00,Tech Park,Economy,8,1,0.051,1.758,10.964,38.913,68,41,1.6585,1.2766,33.11
R0001407,2025-12-14 13:46:00,Tech Park,Economy,20,0,0.679,1.709,7.473,32.748,56,34,1.6471,1.2718,29.32
R0001408,2025-04-30 17:06:00,South,Comfort,0,1,0.039,0.853,4.007,14.744,40,41,0.9756,1.0,11.48
R0001409,2025-10-21 20:03:00,Central,Economy,6,0,1.446,1.074,3.558,11.347,49,55,0.8909,1.0,9.42
R0001410,2025-02-15 20:55:00,North,Economy,1,0,0.621,1.016,16.009,52.223,32,44,0.7273,1.0,28.37
R0001411,2025-04-23 02:49:00,Airport,Comfort,13,0,0.873,1.516,7.629,25.622,43,55,0.7818,1.0,29.12
R0001412,2025-06-06 05:52:00,Central,Comfort,6,1,0.208,0.993,10.099,29.817,62,41,1.5122,1.2151,33.66
R0001413,2025-02-21 20:01:00,North,Premium,19,0,0.221,1.619,8.723,30.346,53,46,1.1522,1.0639,44.5
R0001414,2025-01-21 10:54:00,Central,Economy,14,0,1.026,1.458,8.969,33.262,52,44,1.1818,1.0764,28.35
R0001415,2025-04-02 14:17:00,University,Comfort,18,1,0.473,1.681,9.391,34.015,69,32,2.1562,1.4856,47.79
R0001416,2025-05-02 11:57:00,North,Economy,15,0,0.291,0.918,11.4,37.076,47,37,1.2703,1.1135,21.47
R0001417,2025-05-28 15:49:00,Airport,Comfort,10,0,1.775,2.001,5.093,21.557,70,35,2.0,1.42,36.5
R0001418,2025-07-28 04:35:00,Airport,Economy,20,0,0.695,1.598,14.885,54.231,63,40,1.575,1.2415,49.68
R0001419,2025-02-02 22:04:00,Tech Park,Economy,11,0,0.337,1.113,5.177,13.014,49,48,1.0208,1.0088,8.78
R0001420,2025-08-30 00:14:00,Central,Premium,22,0,0.734,1.224,8.861,25.15,58,43,1.3488,1.1465,37.31
R0001421,2025-04-08 11:45:00,Central,Comfort,23,0,0.404,0.984,4.053,9.531,51,48,1.0625,1.0263,10.95
R0001422,2025-10-26 00:47:00,North,Economy,14,0,0.953,1.205,7.088,22.348,37,41,0.9024,1.0,16.68
R0001423,2025-10-20 19:41:00,Central,Economy,16,0,0.193,1.323,5.404,15.268,43,48,0.8958,1.0,12.83
R0001424,2025-08-07 09:25:00,South,Comfort,6,0,1.465,1.151,7.872,28.068,41,41,1.0,1.0,28.06
R0001425,2025-07-30 19:01:00,North,Economy,19,0,0.404,1.86,11.64,43.325,67,41,1.6341,1.2663,36.56
R0001426,2025-05-16 15:11:00,Airport,Economy,16,0,0.128,0.917,8.1,25.77,50,52,0.9615,1.0,18.93
R0001427,2025-01-15 02:39:00,Tech Park,Economy,21,0,0.151,1.902,22.839,84.152,59,32,1.8438,1.3544,70.98
R0001428,2025-08-05 04:59:00,North,Economy,6,0,0.507,0.937,12.034,37.572,37,56,0.6607,1.0,25.66
R0001429,2025-01-04 07:11:00,South,Economy,18,0,0.293,1.532,6.851,20.141,57,44,1.2955,1.1241,17.74
R0001430,2025-11-07 17:06:00,Airport,Comfort,11,0,0.096,1.289,7.409,24.696,46,44,1.0455,1.0191,20.99
R0001431,2025-05-21 09:41:00,South,Economy,4,1,0.105,1.298,9.562,32.754,35,47,0.7447,1.0,24.31
R0001432,2025-07-20 11:24:00,Central,Comfort,4,1,0.627,1.26,11.443,38.503,53,48,1.1042,1.0438,31.41
R0001433,2025-01-16 08:44:00,North,Premium,13,0,0.772,0.944,3.94,12.042,39,55,0.7091,1.0,16.54
R0001434,2025-05-04 06:53:00,Central,Economy,7,0,0.669,1.685,11.025,36.129,90,36,2.5,1.63,43.25
R0001435,2025-04-23 03:50:00,University,Comfort,2,0,1.735,1.313,3.997,16.378,35,43,0.814,1.0,20.31
R0001436,2025-07-25 00:54:00,Central,Economy,10,1,0.873,1.553,10.453,35.866,88,51,1.7255,1.3047,35.28
R0001437,2025-03-25 22:47:00,University,Premium,15,0,0.333,1.185,14.226,44.324,45,44,1.0227,1.0095,45.99
R0001438,2025-04-07 19:03:00,University,Economy,7,0,0.233,1.452,9.16,36.467,63,46,1.3696,1.1552,27.01
R0001439,2025-06-26 07:56:00,North,Economy,22,0,0.08,0.782,2.162,7.581,36,40,0.9,1.0,9.14
R0001440,2025-07-28 01:50:00,Central,Economy,18,0,1.073,1.451,2.915,9.929,61,43,1.4186,1.1758,10.82
R0001441,2025-07-22 20:11:00,North,Premium,12,0,2.391,1.739,10.586,37.571,56,38,1.4737,1.1989,62.71
R0001442,2025-05-01 02:55:00,University,Economy,22,1,1.264,1.136,2.015,8.994,72,41,1.7561,1.3176,11.11
R0001443,2025-09-07 14:01:00,South,Comfort,10,1,0.479,1.548,10.864,36.26,71,22,3.2273,1.9355,67.97
R0001444,2025-02-17 10:28:00,South,Economy,3,0,0.264,0.862,13.352,39.779,33,41,0.8049,1.0,23.24
R0001445,2025-06-04 16:09:00,Airport,Comfort,0,0,1.01,1.428,14.503,51.258,52,42,1.2381,1.1,48.74
R0001446,2025-12-22 22:14:00,Tech Park,Economy,22,0,0.505,0.842,6.802,20.12,47,54,0.8704,1.0,13.95
R0001447,2025-08-07 22:39:00,Airport,Economy,23,0,0.452,0.865,9.887,31.207,44,58,0.7586,1.0,19.23
R0001448,2025-02-24 05:18:00,Airport,Economy,17,0,1.846,1.824,8.714,32.723,88,41,2.1463,1.4815,40.96
R0001449,2025-08-14 00:44:00,Central,Economy,2,0,0.054,1.006,3.455,10.025,56,40,1.4,1.168,9.16
R0001450,2025-10-25 05:15:00,North,Comfort,7,1,0.835,1.819,11.702,39.919,51,39,1.3077,1.1292,44.64
R0001451,2025-05-01 19:06:00,University,Comfort,0,1,0.286,0.93,16.689,49.509,44,45,0.9778,1.0,44.99
R0001452,2025-03-12 15:14:00,Tech Park,Economy,1,0,0.602,1.386,11.349,38.792,55,44,1.25,1.105,27.19
R0001453,2025-04-17 19:02:00,Central,Economy,5,0,0.224,0.92,5.891,20.343,63,44,1.4318,1.1814,18.45
R0001454,2025-10-03 05:29:00,North,Economy,13,0,0.505,0.909,11.669,36.39,32,43,0.7442,1.0,25.79
R0001455,2025-09-01 12:50:00,Tech Park,Comfort,1,0,3.0,1.341,15.858,56.638,74,41,1.8049,1.338,75.79
R0001456,2025-08-25 11:38:00,South,Comfort,23,0,1.167,1.071,14.753,43.893,44,35,1.2571,1.108,47.66
R0001457,2025-03-24 10:44:00,Central,Premium,10,0,1.01,1.521,13.664,47.965,74,36,2.0556,1.4433,83.36
R0001458,2025-01-22 04:09:00,North,Comfort,6,0,0.618,1.246,3.236,10.051,35,38,0.9211,1.0,8.83
R0001459,2025-01-23 12:40:00,South,Economy,12,1,0.567,0.922,9.67,30.948,42,33,1.2727,1.1145,21.36
R0001460,2025-06-29 22:20:00,University,Economy,18,0,0.657,1.644,11.08,37.66,48,43,1.1163,1.0488,26.47
R0001461,2025-01-20 13:42:00,Tech Park,Premium,7,0,0.922,1.531,13.753,49.598,69,36,1.9167,1.385,84.03
R0001462,2025-12-09 22:47:00,Airport,Economy,1,0,1.186,1.002,10.315,29.811,46,38,1.2105,1.0884,21.2
R0001463,2025-05-03 07:40:00,Tech Park,Economy,1,1,2.614,1.67,18.239,66.462,85,33,2.5758,1.6618,88.72
R0001464,2025-07-18 08:04:00,Central,Economy,20,0,0.477,1.924,2.843,14.631,72,44,1.6364,1.2673,15.46
R0001465,2025-12-23 12:53:00,University,Comfort,2,0,1.811,1.554,10.56,33.681,43,46,0.9348,1.0,35.13
R0001466,2025-06-30 07:42:00,North,Comfort,15,0,2.636,1.21,10.109,29.654,40,44,0.9091,1.0,33.34
R0001467,2025-06-30 09:39:00,Central,Premium,9,0,1.261,1.537,12.762,44.854,77,55,1.4,1.168,70.81
R0001468,2025-01-29 16:14:00,North,Economy,18,1,0.558,2.007,18.141,69.912,74,33,2.2424,1.5218,73.75
R0001469,2025-04-25 17:13:00,Central,Economy,1,0,1.268,1.182,4.766,15.417,61,50,1.22,1.0924,12.91
R0001470,2025-01-28 21:59:00,Central,Economy,21,1,0.09,1.319,17.809,56.922,91,39,2.3333,1.56,58.11
R0001471,2025-09-02 03:30:00,South,Comfort,16,0,2.303,1.609,12.16,41.183,47,40,1.175,1.0735,49.47
R0001472,2025-06-24 13:36:00,Tech Park,Economy,10,0,1.361,1.807,7.008,27.359,80,50,1.6,1.252,27.54
R0001473,2025-02-21 18:24:00,Tech Park,Premium,4,0,0.536,1.199,4.712,13.841,46,49,0.9388,1.0,18.36
R0001474,2025-12-28 00:40:00,North,Economy,23,0,0.499,0.687,8.654,25.098,41,45,0.9111,1.0,16.65
R0001475,2025-11-14 03:20:00,Airport,Comfort,7,0,0.124,1.514,9.09,30.564,69,41,1.6829,1.2868,34.03
R0001476,2025-01-16 14:32:00,North,Comfort,11,0,1.533,1.447,9.371,31.305,54,46,1.1739,1.073,32.72
R0001477,2025-12-30 00:57:00,North,Economy,9,0,0.509,1.526,5.502,22.594,51,38,1.3421,1.1437,18.88
R0001478,2025-08-26 07:41:00,Central,Comfort,5,1,2.459,1.665,10.861,41.234,77,46,1.6739,1.283,57.7
R0001479,2025-08-16 15:28:00,University,Economy,9,1,0.087,1.329,6.215,19.067,64,33,1.9394,1.3945,20.89
R0001480,2025-11-18 16:49:00,University,Comfort,3,0,0.229,1.021,15.167,43.835,47,52,0.9038,1.0,34.53
R0001481,2025-02-13 19:41:00,Airport,Comfort,0,0,0.199,1.332,19.898,66.53,48,50,0.96,1.0,55.56
R0001482,2025-12-01 03:53:00,Tech Park,Economy,6,1,0.012,0.795,4.968,11.887,64,42,1.5238,1.22,10.2
R0001483,2025-12-04 15:25:00,South,Economy,2,0,1.076,1.243,8.028,29.635,45,45,1.0,1.0,20.79
R0001484,2025-09-23 19:39:00,Central,Premium,9,1,0.161,1.684,13.259,47.961,68,37,1.8378,1.3519,77.36
R0001485,2025-02-10 11:37:00,South,Premium,20,0,0.231,1.608,9.041,31.118,55,40,1.375,1.1575,45.92
R0001486,2025-07-20 09:06:00,Central,Economy,3,1,0.174,0.986,3.692,12.186,60,43,1.3953,1.166,10.88
R0001487,2025-02-18 12:03:00,Airport,Premium,0,0,0.411,0.916,12.499,39.851,55,33,1.6667,1.28,58.52
R0001488,2025-04-18 03:51:00,University,Economy,2,0,2.092,1.412,5.567,14.904,52,42,1.2381,1.1,13.46
R0001489,2025-09-19 19:34:00,South,Economy,12,0,0.922,1.148,8.673,29.998,44,40,1.1,1.042,19.71
R0001490,2025-05-22 20:04:00,Central,Economy,6,0,0.723,0.872,4.496,16.677,48,56,0.8571,1.0,11.97
R0001491,2025-09-22 09:16:00,North,Economy,11,1,0.604,1.307,12.025,38.802,49,35,1.4,1.168,38.45
R0001492,2025-06-23 23:21:00,University,Economy,0,1,0.346,0.898,6.162,18.681,40,26,1.5385,1.2262,15.0
R0001493,2025-03-24 11:38:00,North,Comfort,7,0,0.351,1.359,12.746,42.658,53,48,1.1042,1.0438,39.12
R0001494,2025-05-29 13:30:00,University,Economy,9,0,0.691,1.567,6.902,26.457,55,36,1.5278,1.2217,24.6
R0001495,2025-09-07 19:07:00,University,Economy,10,0,1.915,1.734,5.961,20.903,83,26,3.1923,1.9208,34.98
R0001496,2025-10-25 13:57:00,Central,Comfort,13,0,0.32,1.011,9.745,29.819,39,55,0.7091,1.0,24.66
R0001497,2025-12-05 08:17:00,Tech Park,Comfort,18,0,1.396,1.578,4.302,15.868,68,45,1.5111,1.2147,22.05
R0001498,2025-12-04 19:38:00,Tech Park,Premium,11,1,0.184,1.114,20.885,65.578,51,40,1.275,1.1155,77.9
R0001499,2025-11-01 11:45:00,Tech Park,Economy,20,1,1.069,1.991,8.603,39.581,83,40,2.075,1.4515,44.43
R0001500,2025-05-18 03:17:00,Central,Comfort,12,0,1.857,1.353,5.689,18.092,71,31,2.2903,1.5419,29.45
R0001501,2025-04-07 20:15:00,Airport,Economy,6,0,0.56,0.841,6.236,18.914,48,43,1.1163,1.0488,16.13
R0001502,2025-06-23 16:11:00,Central,Economy,5,0,0.349,0.898,7.843,21.894,53,48,1.1042,1.0438,12.69
R0001503,2025-05-06 18:51:00,South,Comfort,7,0,1.066,1.782,13.433,48.305,70,41,1.7073,1.2971,60.23
R0001504,2025-09-15 02:07:00,Tech Park,Economy,14,0,2.271,1.055,4.749,13.127,56,50,1.12,1.0504,11.07
R0001505,2025-12-23 01:56:00,Tech Park,Comfort,5,0,1.345,1.02,6.342,16.634,74,52,1.4231,1.1777,21.9
R0001506,2025-12-17 15:38:00,South,Economy,21,0,2.512,1.706,7.559,30.558,69,34,2.0294,1.4324,38.57
R0001507,2025-06-19 08:52:00,Airport,Economy,11,0,0.613,1.131,18.144,56.925,52,57,0.9123,1.0,29.65
R0001508,2025-06-19 04:42:00,Airport,Economy,20,1,0.578,2.043,13.457,52.664,89,41,2.1707,1.4917,53.74
R0001509,2025-11-10 08:28:00,Tech Park,Economy,16,0,0.102,0.791,18.627,50.293,59,47,1.2553,1.1072,36.49
R0001510,2025-08-31 15:28:00,South,Economy,8,0,0.333,1.757,7.902,29.333,60,34,1.7647,1.3212,27.87
R0001511,2025-01-12 09:34:00,Tech Park,Economy,5,0,0.538,0.995,17.082,48.425,48,53,0.9057,1.0,32.93
R0001512,2025-03-22 19:56:00,Central,Economy,17,1,0.591,1.419,15.596,52.219,102,35,2.9143,1.804,62.95
R0001513,2025-01-12 21:12:00,North,Comfort,7,0,1.049,2.02,11.396,45.165,70,42,1.6667,1.28,58.12
R0001514,2025-01-22 04:23:00,University,Economy,5,0,0.371,1.456,11.91,39.456,37,44,0.8409,1.0,29.01
R0001515,2025-03-02 17:51:00,Central,Economy,22,0,0.395,1.145,5.601,16.77,49,54,0.9074,1.0,10.61
R0001516,2025-06-15 22:32:00,Airport,Economy,11,0,2.844,1.577,21.233,72.411,50,43,1.1628,1.0684,59.9
R0001517,2025-04-10 11:09:00,South,Economy,1,0,0.013,1.014,6.788,23.056,37,45,0.8222,1.0,13.46
R0001518,2025-08-05 13:25:00,South,Economy,11,1,0.222,1.013,10.568,32.71,44,34,1.2941,1.1235,24.54
R0001519,2025-11-19 20:15:00,University,Comfort,11,0,0.023,1.065,11.27,31.275,47,49,0.9592,1.0,23.98
R0001520,2025-02-03 10:17:00,University,Comfort,20,0,0.036,1.678,3.654,15.794,49,46,1.0652,1.0274,17.52
R0001521,2025-02-22 07:37:00,Tech Park,Economy,17,0,0.421,1.925,7.553,30.537,54,43,1.2558,1.1074,24.03
R0001522,2025-07-30 21:46:00,Airport,Comfort,4,1,0.81,1.052,8.687,27.486,62,38,1.6316,1.2653,32.87
R0001523,2025-10-27 15:56:00,North,Economy,3,1,0.404,1.096,7.298,26.879,35,34,1.0294,1.0124,16.96
R0001524,2025-08-24 13:28:00,University,Economy,14,1,0.854,1.138,7.602,24.489,45,53,0.8491,1.0,19.33
R0001525,2025-09-10 10:10:00,North,Economy,1,0,1.191,1.399,17.654,59.629,39,54,0.7222,1.0,44.66
R0001526,2025-12-05 20:01:00,University,Economy,7,1,0.729,2.113,4.929,21.49,69,45,1.5333,1.224,23.17
R0001527,2025-06-21 08:23:00,South,Economy,3,0,0.852,1.344,3.866,15.771,33,33,1.0,1.0,11.07
R0001528,2025-04-15 21:59:00,Airport,Economy,0,0,0.459,1.226,5.626,18.408,56,49,1.1429,1.06,17.12
R0001529,2025-07-11 10:55:00,North,Economy,22,0,0.37,1.23,11.697,36.29,24,49,0.4898,1.0,25.79
R0001530,2025-10-28 22:19:00,Tech Park,Economy,2,1,0.018,1.231,12.341,41.857,55,47,1.1702,1.0715,26.88
R0001531,2025-07-31 18:11:00,Airport,Economy,0,0,1.243,1.658,10.841,41.03,57,52,1.0962,1.0404,32.15
R0001532,2025-12-19 05:32:00,Central,Comfort,22,0,0.699,0.822,12.826,39.566,65,57,1.1404,1.0589,39.53
R0001533,2025-04-22 02:31:00,Tech Park,Premium,4,0,0.796,1.251,8.943,30.257,47,57,0.8246,1.0,35.21
R0001534,2025-08-30 03:11:00,Central,Economy,19,0,0.095,1.102,5.842,15.324,84,43,1.9535,1.4005,14.65
R0001535,2025-10-18 22:12:00,Central,Economy,0,0,0.238,1.214,4.619,16.097,44,45,0.9778,1.0,11.82
R0001536,2025-06-29 23:33:00,Tech Park,Economy,3,0,0.435,1.177,3.88,13.411,48,49,0.9796,1.0,8.35
R0001537,2025-03-03 05:55:00,Tech Park,Comfort,2,1,0.159,0.93,6.856,23.68,64,50,1.28,1.1176,23.02
R0001538,2025-12-01 15:57:00,North,Economy,16,0,0.719,0.649,11.984,35.005,43,46,0.9348,1.0,24.7
R0001539,2025-03-02 19:01:00,University,Economy,14,0,0.674,1.119,8.849,29.403,47,53,0.8868,1.0,20.7
R0001540,2025-07-14 14:06:00,University,Premium,11,0,0.635,1.154,7.867,20.785,35,49,0.7143,1.0,25.05
R0001541,2025-08-14 10:07:00,North,Economy,5,0,1.227,1.21,4.347,13.067,43,46,0.9348,1.0,12.82
R0001542,2025-03-17 08:26:00,Central,Economy,2,1,0.734,1.02,32.092,94.319,77,38,2.0263,1.4311,84.5
R0001543,2025-04-27 22:08:00,Tech Park,Premium,13,0,1.739,1.152,4.933,15.691,60,36,1.6667,1.28,27.05
R0001544,2025-08-16 08:01:00,Central,Premium,5,0,0.757,1.127,8.301,26.835,52,42,1.2381,1.1,36.55
R0001545,2025-01-06 01:55:00,Tech Park,Economy,14,0,0.297,0.909,13.486,42.825,46,48,0.9583,1.0,29.79
R0001546,2025-10-05 15:00:00,South,Economy,16,1,0.581,1.25,7.951,27.963,48,45,1.0667,1.028,18.92
R0001547,2025-08-23 14:10:00,North,Economy,20,0,0.804,1.681,4.984,16.814,57,36,1.5833,1.245,20.14
R0001548,2025-10-01 04:08:00,South,Economy,11,1,0.247,0.734,12.119,32.082,40,41,0.9756,1.0,21.0
R0001549,2025-10-21 21:53:00,South,Economy,0,0,0.659,1.15,3.718,10.737,26,47,0.5532,1.0,9.56
R0001550,2025-10-17 17:25:00,University,Economy,6,0,0.293,1.127,20.249,62.156,48,33,1.4545,1.1909,46.61
R0001551,2025-08-31 14:32:00,Central,Economy,20,0,0.16,1.87,9.072,36.291,68,42,1.619,1.26,31.04
R0001552,2025-06-11 11:40:00,University,Comfort,12,0,2.178,1.559,6.757,26.428,56,37,1.5135,1.2157,31.87
R0001553,2025-06-23 02:16:00,Airport,Premium,14,0,0.286,0.89,3.564,10.675,48,55,0.8727,1.0,16.97
R0001554,2025-09-18 00:23:00,Tech Park,Comfort,10,0,0.231,1.848,4.122,16.361,59,45,1.3111,1.1307,16.99
R0001555,2025-09-10 03:38:00,University,Economy,3,1,1.086,0.946,7.548,26.728,62,49,1.2653,1.1114,23.58
R0001556,2025-02-02 06:58:00,North,Economy,21,1,0.421,1.631,21.999,73.827,77,36,2.1389,1.4783,77.75
R0001557,2025-06-10 14:01:00,Airport,Economy,18,1,0.263,1.733,8.83,34.012,65,36,1.8056,1.3383,30.48
R0001558,2025-09-30 15:20:00,Tech Park,Economy,23,0,1.112,1.463,9.402,33.629,44,45,0.9778,1.0,25.9
R0001559,2025-08-23 21:40:00,Tech Park,Economy,20,0,0.564,1.992,9.606,36.8,65,46,1.413,1.1735,33.73
R0001560,2025-01-20 05:41:00,Central,Comfort,6,1,1.238,1.452,28.509,95.098,60,42,1.4286,1.18,104.62
R0001561,2025-06-02 04:25:00,North,Economy,6,0,1.788,1.297,6.094,21.635,45,35,1.2857,1.12,18.44
R0001562,2025-10-29 08:50:00,Tech Park,Economy,5,0,0.41,1.178,18.375,56.923,51,43,1.186,1.0781,38.17
R0001563,2025-09-24 18:58:00,Central,Economy,22,1,1.036,1.227,6.239,19.393,69,49,1.4082,1.1714,19.14
R0001564,2025-02-10 17:54:00,South,Premium,13,0,1.853,1.206,5.275,16.153,47,40,1.175,1.0735,22.07
R0001565,2025-12-15 13:11:00,North,Comfort,10,0,2.248,1.934,7.435,33.061,65,37,1.7568,1.3178,43.41
R0001566,2025-03-14 19:06:00,Central,Economy,23,1,0.326,1.382,7.415,24.445,69,48,1.4375,1.1838,20.84
R0001567,2025-09-30 08:56:00,Tech Park,Economy,14,0,1.388,1.366,10.582,35.923,53,43,1.2326,1.0977,28.73
R0001568,2025-11-07 20:34:00,Central,Premium,21,0,0.026,1.925,2.164,11.204,73,49,1.4898,1.2057,19.11
R0001569,2025-08-06 15:52:00,University,Economy,23,0,0.748,0.94,8.426,25.039,39,44,0.8864,1.0,16.34
R0001570,2025-02-04 08:25:00,South,Economy,1,0,0.115,0.952,5.588,17.557,36,36,1.0,1.0,13.84
R0001571,2025-02-23 06:24:00,North,Comfort,8,1,0.41,1.699,5.216,20.831,56,33,1.697,1.2927,27.89
R0001572,2025-03-12 19:49:00,North,Comfort,17,0,3.0,2.224,3.809,14.642,77,31,2.4839,1.6232,32.72
R0001573,2025-02-02 22:59:00,North,Economy,19,0,1.259,1.756,6.356,20.633,63,44,1.4318,1.1814,18.02
R0001574,2025-01-09 19:00:00,Tech Park,Premium,3,1,0.177,1.176,5.847,17.722,49,42,1.1667,1.07,25.05
R0001575,2025-01-07 04:29:00,Tech Park,Economy,7,0,1.501,1.963,6.143,28.147,65,41,1.5854,1.2459,25.05
R0001576,2025-06-22 12:17:00,Tech Park,Economy,13,1,1.462,1.013,3.154,9.418,54,47,1.1489,1.0626,7.64
R0001577,2025-06-30 00:49:00,North,Economy,19,0,1.525,1.96,8.199,32.255,71,44,1.6136,1.2577,34.42
R0001578,2025-05-09 22:37:00,Central,Economy,2,0,0.745,1.327,5.026,14.556,60,58,1.0345,1.0145,10.3
R0001579,2025-04-10 02:31:00,Airport,Economy,14,0,1.254,1.279,3.161,14.368,41,56,0.7321,1.0,10.72
R0001580,2025-02-26 12:46:00,Tech Park,Comfort,7,0,0.43,1.296,5.746,18.948,80,54,1.4815,1.2022,21.97
R0001581,2025-03-03 21:58:00,North,Comfort,5,1,0.411,1.024,5.075,15.32,44,40,1.1,1.042,16.95
R0001582,2025-06-16 22:54:00,North,Economy,12,1,0.708,1.206,7.946,25.642,57,45,1.2667,1.112,21.58
R0001583,2025-04-05 08:28:00,North,Comfort,9,1,0.258,1.441,5.704,25.706,76,39,1.9487,1.3985,34.76
R0001584,2025-07-14 21:30:00,North,Premium,15,0,0.212,1.203,3.5,13.226,42,45,0.9333,1.0,15.96
R0001585,2025-12-19 05:55:00,Tech Park,Economy,7,1,0.981,1.858,4.766,18.451,80,34,2.3529,1.5682,22.77
R0001586,2025-12-23 16:51:00,South,Comfort,19,0,1.057,1.764,3.005,5.826,53,39,1.359,1.1508,8.32
R0001587,2025-03-22 21:51:00,University,Premium,1,1,0.218,1.042,14.518,47.103,47,37,1.2703,1.1135,58.44
R0001588,2025-06-18 23:05:00,Central,Comfort,20,0,0.328,1.644,15.86,54.646,78,48,1.625,1.2625,61.93
R0001589,2025-07-12 18:18:00,South,Economy,0,1,0.866,1.155,16.952,51.021,39,36,1.0833,1.035,41.76
R0001590,2025-04-15 05:24:00,Airport,Comfort,17,0,0.803,1.463,5.616,18.318,50,47,1.0638,1.0268,20.13
R0001591,2025-12-25 00:13:00,Tech Park,Comfort,8,0,0.746,1.607,15.854,58.876,71,32,2.2188,1.5119,75.64
R0001592,2025-03-17 21:38:00,South,Economy,9,1,0.231,1.605,9.717,34.58,51,41,1.2439,1.1024,28.81
R0001593,2025-02-19 09:41:00,North,Economy,0,0,3.0,1.795,4.942,15.825,62,37,1.6757,1.2838,19.1
R0001594,2025-02-19 03:24:00,Tech Park,Economy,16,0,0.374,1.192,5.498,17.891,50,49,1.0204,1.0086,11.09
R0001595,2025-03-30 06:12:00,North,Economy,3,1,0.897,1.426,7.067,22.726,44,33,1.3333,1.14,21.73
R0001596,2025-01-03 22:27:00,Central,Economy,15,0,0.159,0.776,8.218,24.557,48,49,0.9796,1.0,17.89
R0001597,2025-08-04 12:53:00,North,Economy,17,0,0.564,1.587,9.484,32.889,71,57,1.2456,1.1032,28.24
R0001598,2025-12-09 01:45:00,Airport,Comfort,20,0,0.212,1.961,7.76,26.894,67,41,1.6341,1.2663,32.26
R0001599,2025-09-23 04:03:00,University,Comfort,16,0,0.358,0.931,6.413,19.539,35,48,0.7292,1.0,21.81
R0001600,2025-10-04 06:01:00,Tech Park,Economy,7,0,0.758,1.549,16.341,56.39,55,31,1.7742,1.3252,53.61
R0001601,2025-11-08 10:35:00,Tech Park,Economy,17,1,1.715,1.81,7.297,24.925,74,47,1.5745,1.2413,24.22
R0001602,2025-07-26 18:19:00,University,Economy,19,1,0.32,1.971,7.071,23.527,72,43,1.6744,1.2833,27.89
R0001603,2025-08-30 06:29:00,Tech Park,Economy,7,0,0.725,1.56,6.893,25.391,78,45,1.7333,1.308,25.85
R0001604,2025-10-14 13:29:00,North,Economy,2,0,0.887,1.26,7.299,23.663,28,42,0.6667,1.0,17.53
R0001605,2025-01-11 02:14:00,Airport,Economy,21,0,1.098,1.818,3.672,14.228,63,31,2.0323,1.4335,17.31
R0001606,2025-04-17 06:01:00,North,Premium,3,1,0.046,0.661,4.474,14.827,34,34,1.0,1.0,12.0
R0001607,2025-03-20 20:53:00,University,Economy,14,0,1.235,1.219,29.823,89.286,47,43,1.093,1.0391,65.11
R0001608,2025-08-02 20:31:00,University,Economy,5,0,0.896,1.062,3.134,10.885,34,51,0.6667,1.0,8.45
R0001609,2025-07-20 01:46:00,Tech Park,Comfort,3,1,0.745,1.256,9.02,31.08,53,49,1.0816,1.0343,28.83
R0001610,2025-03-06 12:11:00,Central,Economy,18,1,0.279,1.913,9.378,35.575,93,55,1.6909,1.2902,32.95
R0001611,2025-02-15 05:05:00,Central,Economy,3,0,0.806,1.083,13.558,38.66,44,54,0.8148,1.0,24.51
R0001612,2025-11-04 16:47:00,University,Economy,16,0,2.693,1.423,9.504,31.023,58,51,1.1373,1.0576,28.51
R0001613,2025-02-19 05:47:00,Central,Comfort,16,0,1.567,1.735,21.977,77.973,61,39,1.5641,1.2369,91.01
R0001614,2025-10-25 08:47:00,South,Economy,1,0,0.408,0.945,8.862,23.315,33,45,0.7333,1.0,13.39
R0001615,2025-10-24 13:19:00,North,Comfort,4,0,0.735,0.891,16.303,48.077,41,41,1.0,1.0,41.46
R0001616,2025-10-29 06:22:00,Central,Economy,19,0,0.755,1.934,13.763,52.346,80,45,1.7778,1.3267,48.76
R0001617,2025-10-02 16:49:00,Tech Park,Comfort,12,0,0.472,1.076,18.14,53.858,50,65,0.7692,1.0,40.45
R0001618,2025-10-20 06:32:00,University,Economy,2,0,0.124,1.073,7.875,26.996,43,48,0.8958,1.0,15.44
R0001619,2025-03-15 08:11:00,Tech Park,Comfort,23,0,0.415,1.476,9.668,32.304,42,48,0.875,1.0,29.79
R0001620,2025-05-08 19:27:00,North,Comfort,6,0,0.954,0.919,6.34,22.707,35,35,1.0,1.0,21.33
R0001621,2025-06-30 00:36:00,North,Economy,0,1,0.406,1.038,8.481,25.777,47,44,1.0682,1.0286,20.97
R0001622,2025-11-19 18:08:00,University,Comfort,22,0,0.564,0.879,8.743,23.855,39,45,0.8667,1.0,23.94
R0001623,2025-12-24 09:35:00,South,Comfort,0,1,1.731,1.372,2.478,7.436,54,44,1.2273,1.0955,11.59
R0001624,2025-05-16 16:18:00,North,Economy,13,0,0.567,1.003,7.18,22.538,34,47,0.7234,1.0,14.68
R0001625,2025-08-04 20:32:00,Tech Park,Comfort,23,0,0.602,0.897,12.672,34.789,39,60,0.65,1.0,29.36
R0001626,2025-12-13 07:55:00,Central,Economy,13,1,0.677,1.254,3.697,13.335,59,52,1.1346,1.0565,12.22
R0001627,2025-09-22 03:37:00,Airport,Economy,14,0,0.369,1.068,4.515,13.976,59,44,1.3409,1.1432,14.06
R0001628,2025-06-29 03:13:00,Tech Park,Economy,9,0,1.267,1.553,14.667,49.995,66,41,1.6098,1.2561,46.69
R0001629,2025-08-27 18:25:00,South,Economy,3,0,0.159,0.814,16.26,45.998,31,47,0.6596,1.0,27.31
R0001630,2025-11-28 20:35:00,Central,Economy,13,0,0.367,1.103,5.521,20.207,54,55,0.9818,1.0,14.71
R0001631,2025-06-03 00:50:00,Central,Economy,21,0,0.738,1.382,8.548,27.871,75,38,1.9737,1.4089,27.95
R0001632,2025-08-31 23:41:00,University,Economy,2,0,0.432,1.119,7.441,24.236,48,41,1.1707,1.0717,14.12
R0001633,2025-10-26 05:58:00,South,Economy,21,0,2.091,2.168,14.84,60.241,63,40,1.575,1.2415,60.41
R0001634,2025-06-19 15:02:00,South,Economy,9,0,0.608,1.78,5.793,19.477,56,42,1.3333,1.14,17.14
R0001635,2025-01-29 13:29:00,Airport,Economy,12,0,0.592,0.994,6.308,20.912,39,51,0.7647,1.0,16.44
R0001636,2025-02-01 14:37:00,University,Premium,3,0,0.217,1.089,16.239,51.609,41,44,0.9318,1.0,54.51
R0001637,2025-08-10 04:35:00,University,Comfort,14,0,0.441,0.854,4.473,16.044,32,41,0.7805,1.0,13.24
R0001638,2025-01-14 05:32:00,South,Economy,4,0,1.222,1.245,5.907,17.419,42,38,1.1053,1.0442,16.65
R0001639,2025-05-31 06:39:00,Central,Economy,6,0,0.295,0.994,8.357,23.409,50,40,1.25,1.105,16.24
R0001640,2025-01-09 20:36:00,Tech Park,Economy,17,0,0.069,1.375,17.959,59.189,71,29,2.4483,1.6083,58.03
R0001641,2025-11-16 13:21:00,Tech Park,Economy,1,0,0.518,1.205,4.029,13.644,60,50,1.2,1.084,12.64
R0001642,2025-10-26 06:11:00,Tech Park,Economy,10,0,0.635,1.308,5.255,18.159,84,42,2.0,1.42,20.95
R0001643,2025-08-15 00:33:00,University,Comfort,14,0,0.393,0.857,10.761,30.616,41,35,1.1714,1.072,31.29
R0001644,2025-11-20 09:10:00,South,Comfort,3,0,1.752,1.124,11.714,37.11,41,41,1.0,1.0,35.17
R0001645,2025-04-10 07:28:00,Central,Economy,7,1,3.0,1.999,8.726,28.599,68,39,1.7436,1.3123,34.33
R0001646,2025-12-06 21:03:00,North,Comfort,8,1,0.734,1.916,7.285,29.746,62,28,2.2143,1.51,44.23
R0001647,2025-10-06 14:18:00,Tech Park,Economy,15,0,0.436,1.214,8.342,30.449,43,55,0.7818,1.0,19.35
R0001648,2025-11-23 03:36:00,Central,Comfort,23,0,0.954,1.191,3.391,10.666,69,68,1.0147,1.0062,12.59
R0001649,2025-05-25 06:16:00,Central,Premium,20,0,1.761,1.877,8.214,31.891,85,59,1.4407,1.1851,52.83
R0001650,2025-03-31 16:19:00,Tech Park,Economy,4,1,0.321,1.056,17.552,56.927,65,45,1.4444,1.1867,38.73
R0001651,2025-10-11 13:43:00,North,Comfort,0,1,1.17,1.458,3.758,13.934,41,43,0.9535,1.0,12.21
R0001652,2025-06-21 20:55:00,Tech Park,Comfort,1,0,0.517,0.766,5.047,15.805,41,46,0.8913,1.0,14.7
R0001653,2025-02-11 08:38:00,Central,Economy,14,0,1.493,1.408,6.245,25.824,62,43,1.4419,1.1856,24.72
R0001654,2025-12-28 02:36:00,Central,Economy,3,0,0.218,0.948,6.465,24.44,60,47,1.2766,1.1162,16.8
R0001655,2025-05-14 13:28:00,Central,Comfort,5,1,1.935,1.439,21.386,69.163,60,32,1.875,1.3675,88.26
R0001656,2025-03-13 07:21:00,Tech Park,Economy,20,1,0.756,1.777,4.653,17.162,80,27,2.963,1.8244,28.65
R0001657,2025-07-27 09:35:00,Tech Park,Economy,20,0,0.952,1.853,4.169,18.578,76,48,1.5833,1.245,18.53
R0001658,2025-06-21 00:04:00,North,Economy,20,0,0.178,1.867,11.871,45.769,57,36,1.5833,1.245,41.58
R0001659,2025-02-15 18:40:00,North,Economy,6,0,0.172,0.784,5.442,17.838,33,37,0.8919,1.0,14.31
R0001660,2025-06-03 15:18:00,Central,Economy,14,0,0.825,1.329,11.98,33.828,53,50,1.06,1.0252,28.1
R0001661,2025-07-04 00:04:00,Tech Park,Premium,14,1,0.977,1.164,6.97,18.388,57,48,1.1875,1.0788,26.21
R0001662,2025-05-11 00:30:00,University,Economy,4,0,0.475,1.003,9.999,34.443,40,41,0.9756,1.0,19.5
R0001663,2025-11-18 17:52:00,Tech Park,Economy,13,0,1.065,1.558,3.279,14.268,59,43,1.3721,1.1563,10.88
R0001664,2025-08-17 12:19:00,Central,Comfort,12,0,0.177,1.158,9.98,32.562,70,48,1.4583,1.1925,32.74
R0001665,2025-01-24 08:17:00,South,Economy,9,0,0.112,1.495,8.756,27.846,52,25,2.08,1.4536,31.68
R0001666,2025-07-18 05:48:00,Central,Comfort,18,1,0.681,1.845,6.75,25.009,66,41,1.6098,1.2561,31.69
R0001667,2025-06-09 13:12:00,Airport,Comfort,16,0,0.168,1.022,3.943,14.262,33,45,0.7333,1.0,15.69
R0001668,2025-11-29 11:20:00,Central,Economy,12,1,0.072,0.935,8.752,23.354,64,41,1.561,1.2356,17.79
R0001669,2025-10-17 17:03:00,Airport,Economy,17,0,0.239,1.484,11.568,38.253,59,35,1.6857,1.288,36.55
R0001670,2025-05-03 10:12:00,Central,Premium,18,0,0.948,1.775,5.8,22.969,83,32,2.5938,1.6694,52.93
R0001671,2025-02-13 07:18:00,Tech Park,Premium,13,0,0.742,1.023,5.863,19.915,61,49,1.2449,1.1029,27.4
R0001672,2025-08-31 08:11:00,Central,Economy,6,0,1.779,1.348,12.021,38.767,50,36,1.3889,1.1633,36.15
R0001673,2025-01-19 15:44:00,Tech Park,Economy,18,0,0.787,1.851,19.898,75.764,80,48,1.6667,1.28,65.8
R0001674,2025-03-22 23:50:00,University,Economy,17,0,0.185,1.603,13.024,48.038,72,36,2.0,1.42,46.32
R0001675,2025-06-26 12:58:00,South,Premium,23,0,1.002,1.536,8.813,27.13,50,45,1.1111,1.0467,35.69
R0001676,2025-12-02 02:27:00,North,Comfort,3,0,0.311,1.058,6.795,25.147,36,44,0.8182,1.0,20.79
R0001677,2025-12-12 05:09:00,Tech Park,Economy,10,0,0.466,1.877,7.651,31.957,77,40,1.925,1.3885,30.62
R0001678,2025-01-29 00:15:00,Airport,Comfort,22,0,0.317,1.233,3.747,13.563,44,39,1.1282,1.0538,12.66
R0001679,2025-08-29 00:32:00,North,Economy,12,1,0.155,1.302,7.136,23.725,41,32,1.2812,1.1181,15.23
R0001680,2025-05-24 01:17:00,North,Economy,22,1,3.0,1.895,14.381,55.883,66,40,1.65,1.273,65.91
R0001681,2025-11-10 21:48:00,Tech Park,Economy,0,0,0.261,0.73,7.939,23.875,49,46,1.0652,1.0274,14.15
R0001682,2025-11-20 13:18:00,Tech Park,Economy,0,1,0.057,1.058,5.507,17.144,54,52,1.0385,1.0162,14.31
R0001683,2025-12-09 15:35:00,Tech Park,Economy,19,1,1.105,1.729,5.234,23.453,88,42,2.0952,1.46,23.74
R0001684,2025-09-21 18:26:00,Tech Park,Economy,8,1,0.034,1.576,7.633,22.745,69,38,1.8158,1.3426,21.21
R0001685,2025-07-07 02:59:00,South,Comfort,12,0,0.521,1.022,3.939,11.535,33,38,0.8684,1.0,11.39
R0001686,2025-02-05 12:51:00,Tech Park,Premium,10,0,1.247,1.677,4.713,18.863,80,34,2.3529,1.5682,43.59
R0001687,2025-01-27 06:31:00,University,Economy,9,0,0.609,1.462,18.048,60.808,62,52,1.1923,1.0808,44.65
R0001688,2025-06-20 16:09:00,North,Economy,22,1,0.447,1.098,4.394,16.147,47,41,1.1463,1.0615,11.0
R0001689,2025-02-07 11:53:00,University,Comfort,2,1,0.256,1.214,4.999,13.838,41,37,1.1081,1.0454,14.05
R0001690,2025-07-14 03:18:00,University,Economy,18,0,1.783,1.782,9.118,33.443,61,50,1.22,1.0924,31.89
R0001691,2025-09-19 04:48:00,North,Comfort,21,0,0.443,1.571,6.092,24.654,59,40,1.475,1.1995,29.79
R0001692,2025-07-23 21:33:00,Airport,Economy,15,1,1.086,1.07,8.156,22.351,62,50,1.24,1.1008,17.42
R0001693,2025-08-30 06:42:00,Central,Economy,9,1,1.336,1.612,12.486,43.669,84,38,2.2105,1.5084,45.14
R0001694,2025-09-22 17:17:00,Tech Park,Comfort,3,0,0.499,1.047,3.317,10.086,53,42,1.2619,1.11,10.96
R0001695,2025-03-25 13:27:00,Airport,Economy,16,0,0.19,1.096,11.762,37.368,58,56,1.0357,1.015,25.95
R0001696,2025-06-17 11:55:00,North,Economy,11,0,1.362,1.472,5.639,20.978,46,42,1.0952,1.04,14.26
R0001697,2025-10-04 13:52:00,South,Economy,3,0,0.522,0.879,6.637,20.281,31,50,0.62,1.0,14.17
R0001698,2025-07-26 11:58:00,University,Comfort,8,0,0.579,1.649,22.357,78.026,57,44,1.2955,1.1241,74.0
R0001699,2025-03-30 00:28:00,Tech Park,Premium,23,1,0.416,1.287,3.591,12.93,50,43,1.1628,1.0684,17.29
R0001700,2025-05-13 22:05:00,Tech Park,Economy,6,1,1.322,1.026,10.75,32.548,52,47,1.1064,1.0447,25.61
R0001701,2025-07-24 15:31:00,North,Economy,4,0,0.163,1.257,14.446,46.482,30,44,0.6818,1.0,29.57
R0001702,2025-02-12 07:57:00,Central,Economy,16,0,0.586,1.026,5.334,20.293,62,50,1.24,1.1008,17.23
R0001703,2025-05-16 10:56:00,Tech Park,Comfort,4,0,0.196,1.163,5.38,15.205,39,42,0.9286,1.0,16.78
R0001704,2025-06-19 19:44:00,Central,Economy,22,0,0.414,1.035,6.342,20.834,55,40,1.375,1.1575,23.9
R0001705,2025-09-14 12:21:00,South,Economy,20,0,1.472,1.897,5.316,18.9,68,43,1.5814,1.2442,22.26
R0001706,2025-06-27 08:06:00,University,Economy,23,0,1.457,1.552,8.057,32.946,38,44,0.8636,1.0,26.12
R0001707,2025-09-07 08:37:00,South,Economy,21,0,0.481,1.615,12.692,45.132,53,45,1.1778,1.0747,31.7
R0001708,2025-11-08 11:21:00,South,Comfort,5,0,0.786,1.321,6.361,18.893,36,44,0.8182,1.0,20.42
R0001709,2025-10-28 22:04:00,Tech Park,Economy,5,0,0.773,1.189,12.945,40.605,52,40,1.3,1.126,34.72
R0001710,2025-04-07 05:23:00,Tech Park,Economy,8,1,0.197,1.444,16.786,53.305,89,39,2.2821,1.5385,51.58
R0001711,2025-04-13 16:00:00,North,Economy,11,0,0.969,1.148,9.846,29.902,41,43,0.9535,1.0,20.28
R0001712,2025-12-28 03:47:00,North,Economy,21,0,0.223,1.553,10.371,37.803,39,42,0.9286,1.0,24.11
R0001713,2025-05-27 11:15:00,Central,Economy,17,1,0.389,1.366,5.603,22.487,77,32,2.4062,1.5906,23.1
R0001714,2025-02-17 11:50:00,South,Economy,15,0,0.061,1.094,1.836,9.347,42,40,1.05,1.021,7.88
R0001715,2025-03-24 14:16:00,Central,Economy,21,0,1.114,1.869,10.72,40.277,94,47,2.0,1.42,40.13
R0001716,2025-03-17 05:27:00,North,Economy,15,0,1.328,1.385,12.038,41.606,37,40,0.925,1.0,29.76
R0001717,2025-07-12 08:03:00,Tech Park,Economy,9,0,0.812,1.954,8.876,36.213,59,48,1.2292,1.0962,30.6
R0001718,2025-09-12 12:35:00,Airport,Economy,9,0,0.612,1.832,12.812,52.664,73,45,1.6222,1.2613,47.19
R0001719,2025-01-17 05:20:00,South,Economy,12,0,0.368,0.958,5.746,16.627,48,45,1.0667,1.028,11.83
R0001720,2025-09-12 15:57:00,Central,Economy,2,0,1.138,1.135,10.331,35.964,58,45,1.2889,1.1213,24.84
R0001721,2025-11-23 11:31:00,Central,Comfort,17,0,2.124,2.083,17.456,65.793,72,51,1.4118,1.1729,86.12
R0001722,2025-05-04 07:55:00,Airport,Economy,15,0,0.261,1.117,11.202,37.698,37,45,0.8222,1.0,20.38
R0001723,2025-05-04 20:11:00,Central,Economy,17,0,0.492,1.635,16.257,56.06,75,46,1.6304,1.2648,48.4
R0001724,2025-11-14 18:48:00,University,Comfort,12,0,0.183,0.875,16.314,45.58,44,47,0.9362,1.0,41.15
R0001725,2025-04-30 19:42:00,University,Economy,18,0,0.615,1.565,3.968,14.287,60,38,1.5789,1.2432,14.92
R0001726,2025-10-20 10:01:00,Tech Park,Premium,22,1,0.409,1.179,11.537,35.001,56,41,1.3659,1.1537,50.19
R0001727,2025-05-31 13:10:00,South,Economy,13,0,0.528,0.744,5.487,17.156,37,38,0.9737,1.0,13.39
R0001728,2025-02-11 21:35:00,Tech Park,Comfort,10,0,1.151,1.336,4.224,17.656,74,35,2.1143,1.468,23.81
R0001729,2025-04-30 16:12:00,University,Comfort,2,0,1.43,1.382,6.639,18.263,41,30,1.3667,1.154,24.92
R0001730,2025-12-22 23:19:00,North,Economy,18,0,0.149,1.481,20.385,68.563,53,39,1.359,1.1508,48.39
R0001731,2025-08-29 18:30:00,Airport,Economy,21,1,0.766,1.772,5.76,19.593,79,45,1.7556,1.3173,20.21
R0001732,2025-09-18 19:18:00,Tech Park,Comfort,16,0,1.788,1.606,2.953,13.577,58,40,1.45,1.189,19.7
R0001733,2025-12-08 20:14:00,University,Economy,20,0,0.919,1.533,3.509,16.393,57,44,1.2955,1.1241,13.25
R0001734,2025-06-06 10:22:00,Central,Economy,20,1,0.202,1.286,10.106,32.878,72,41,1.7561,1.3176,30.94
R0001735,2025-07-06 05:15:00,North,Premium,19,1,1.379,1.748,5.117,18.049,77,48,1.6042,1.2538,33.32
R0001736,2025-09-29 10:52:00,Central,Comfort,12,0,0.975,1.052,2.525,5.381,61,50,1.22,1.0924,10.63
R0001737,2025-10-23 11:01:00,North,Premium,2,0,0.895,1.157,3.587,16.666,46,48,0.9583,1.0,23.12
R0001738,2025-05-29 06:22:00,Tech Park,Comfort,0,0,0.478,1.183,8.515,30.419,41,41,1.0,1.0,26.43
R0001739,2025-04-30 08:03:00,North,Comfort,4,0,0.849,1.212,11.926,33.877,38,28,1.3571,1.15,35.15
R0001740,2025-05-05 22:33:00,University,Comfort,10,0,3.0,2.098,6.079,26.247,74,34,2.1765,1.4941,46.11
R0001741,2025-06-02 00:30:00,Tech Park,Comfort,17,0,0.045,1.749,11.1,38.306,56,29,1.931,1.391,47.56
R0001742,2025-01-22 11:06:00,Airport,Comfort,10,1,0.385,1.74,12.848,45.723,63,44,1.4318,1.1814,47.1
R0001743,2025-11-25 21:22:00,Tech Park,Economy,0,0,0.425,1.044,5.048,13.58,52,43,1.2093,1.0879,11.24
R0001744,2025-06-14 22:36:00,Tech Park,Economy,5,0,2.758,1.611,7.267,21.945,66,46,1.4348,1.1826,21.35
R0001745,2025-01-20 05:45:00,North,Economy,23,0,0.183,0.755,5.583,16.426,29,44,0.6591,1.0,10.12
R0001746,2025-12-27 17:38:00,North,Economy,23,0,0.169,1.222,10.448,37.938,42,39,1.0769,1.0323,28.27
R0001747,2025-07-04 15:13:00,Tech Park,Premium,9,0,0.088,1.57,5.547,18.236,64,49,1.3061,1.1286,23.74
R0001748,2025-12-05 15:18:00,North,Comfort,19,1,0.381,1.402,3.986,16.383,74,35,2.1143,1.468,20.89
R0001749,2025-10-31 07:35:00,Central,Economy,17,0,0.892,1.636,7.996,31.313,74,50,1.48,1.2016,26.2
R0001750,2025-11-01 10:29:00,Central,Economy,22,0,0.572,1.29,14.306,48.099,60,55,1.0909,1.0382,36.43
R0001751,2025-08-10 18:16:00,Central,Economy,21,0,0.217,1.451,10.286,39.665,67,40,1.675,1.2835,31.41
R0001752,2025-08-21 18:05:00,Tech Park,Economy,15,0,0.85,1.227,13.514,45.4,54,35,1.5429,1.228,36.92
R0001753,2025-02-07 02:05:00,Central,Comfort,9,0,0.579,1.812,12.877,51.706,75,49,1.5306,1.2229,58.94
R0001754,2025-01-29 19:46:00,South,Economy,15,1,1.626,1.297,7.95,24.039,40,39,1.0256,1.0108,20.32
R0001755,2025-01-22 22:45:00,North,Economy,7,0,0.298,1.448,5.592,21.487,45,32,1.4062,1.1706,18.04
R0001756,2025-07-31 06:40:00,Tech Park,Economy,8,0,0.268,1.587,4.815,21.188,50,37,1.3514,1.1476,18.53
R0001757,2025-11-18 18:54:00,North,Economy,14,1,1.197,0.962,3.246,9.109,48,49,0.9796,1.0,10.09
R0001758,2025-05-31 00:12:00,University,Economy,13,0,0.174,0.943,14.943,36.447,41,33,1.2424,1.1018,23.37
R0001759,2025-05-29 05:14:00,University,Comfort,13,1,0.084,0.816,6.476,16.479,57,38,1.5,1.21,17.2
R0001760,2025-08-22 02:40:00,Central,Premium,9,0,0.562,1.643,3.042,10.387,57,45,1.2667,1.112,15.49
R0001761,2025-06-19 02:06:00,Tech Park,Comfort,9,0,0.917,1.487,15.316,53.484,71,42,1.6905,1.29,61.87
R0001762,2025-10-21 22:42:00,Central,Economy,0,1,0.074,1.028,8.181,24.177,64,51,1.2549,1.1071,20.45
R0001763,2025-03-07 12:58:00,Tech Park,Economy,14,0,1.308,1.439,13.227,44.805,54,58,0.931,1.0,34.64
R0001764,2025-10-21 04:33:00,South,Premium,13,0,0.063,1.227,6.727,20.974,29,40,0.725,1.0,24.87
R0001765,2025-06-21 09:21:00,Central,Premium,22,0,0.316,0.833,5.021,15.065,53,40,1.325,1.1365,22.35
R0001766,2025-02-24 22:13:00,Central,Economy,12,0,0.576,0.984,9.926,30.003,33,49,0.6735,1.0,24.77
R0001767,2025-06-01 18:03:00,North,Comfort,11,0,1.752,1.469,10.389,34.377,45,35,1.2857,1.12,36.2
R0001768,2025-09-25 17:28:00,Tech Park,Economy,1,0,1.837,1.457,6.66,25.208,52,45,1.1556,1.0653,20.26
R0001769,2025-10-13 03:23:00,Tech Park,Economy,4,0,0.684,1.012,15.998,51.098,59,45,1.3111,1.1307,36.68
R0001770,2025-10-19 10:19:00,Airport,Premium,8,0,0.376,1.53,13.066,42.751,71,59,1.2034,1.0854,56.62
R0001771,2025-02-04 01:09:00,Central,Premium,9,0,0.401,1.637,10.598,38.448,70,54,1.2963,1.1244,53.85
R0001772,2025-03-15 13:14:00,North,Premium,8,0,2.556,1.68,4.219,13.028,77,28,2.75,1.735,35.56
R0001773,2025-08-21 19:40:00,South,Economy,9,0,1.522,1.919,3.904,12.014,72,38,1.8947,1.3758,16.78
R0001774,2025-11-17 07:10:00,Central,Economy,18,0,0.818,1.892,15.021,58.733,67,37,1.8108,1.3405,58.58
R0001775,2025-12-21 11:55:00,Central,Premium,3,0,0.704,1.057,2.331,12.789,60,44,1.3636,1.1527,16.81
R0001776,2025-02-25 09:11:00,University,Comfort,7,0,0.646,1.411,7.389,24.785,64,46,1.3913,1.1643,27.66
R0001777,2025-04-16 17:23:00,North,Economy,3,0,0.041,1.262,8.42,31.826,24,40,0.6,1.0,19.43
R0001778,2025-10-31 12:40:00,Tech Park,Economy,7,0,0.002,1.59,5.934,20.257,65,40,1.625,1.2625,16.22
R0001779,2025-09-22 09:21:00,North,Economy,16,0,0.463,1.211,7.618,24.444,35,31,1.129,1.0542,20.12
R0001780,2025-05-05 15:30:00,North,Economy,1,0,0.148,0.789,9.788,31.798,35,50,0.7,1.0,21.12
R0001781,2025-02-04 18:31:00,South,Comfort,8,1,0.712,1.441,5.624,17.909,81,32,2.5312,1.6431,28.09
R0001782,2025-01-25 04:10:00,Central,Economy,0,1,0.664,1.194,12.614,42.176,73,50,1.46,1.1932,35.75
R0001783,2025-06-26 08:51:00,Central,Economy,22,0,0.081,1.199,10.701,33.582,62,56,1.1071,1.045,27.5
R0001784,2025-02-09 03:48:00,University,Economy,17,1,0.725,1.477,7.036,23.172,65,35,1.8571,1.36,23.97
R0001785,2025-05-12 22:36:00,University,Economy,5,1,0.763,1.119,4.931,15.178,41,44,0.9318,1.0,9.73
R0001786,2025-03-31 05:40:00,Tech Park,Economy,4,0,0.744,0.848,7.39,17.207,42,33,1.2727,1.1145,14.28
R0001787,2025-09-20 18:43:00,Central,Economy,2,1,0.302,0.928,24.801,74.679,72,44,1.6364,1.2673,51.29
R0001788,2025-09-06 19:27:00,Airport,Comfort,11,0,0.879,1.112,5.121,17.337,45,45,1.0,1.0,16.84
R0001789,2025-12-16 00:35:00,Central,Economy,18,0,0.93,1.805,18.028,65.798,68,33,2.0606,1.4455,66.31
R0001790,2025-04-25 23:50:00,University,Comfort,14,0,0.872,0.778,2.958,7.997,51,41,1.2439,1.1024,11.42
R0001791,2025-10-06 20:14:00,Tech Park,Economy,21,0,0.441,1.867,4.838,19.783,56,44,1.2727,1.1145,16.38
R0001792,2025-01-17 05:38:00,South,Economy,8,0,1.942,1.869,5.764,24.414,79,42,1.881,1.37,30.22
R0001793,2025-03-11 08:38:00,University,Economy,6,1,1.634,1.527,13.092,44.729,58,29,2.0,1.42,45.53
R0001794,2025-09-25 21:05:00,Central,Comfort,11,0,0.614,1.236,8.008,28.451,56,44,1.2727,1.1145,28.48
R0001795,2025-10-26 14:41:00,South,Economy,4,0,0.272,1.202,15.967,51.158,24,43,0.5581,1.0,28.93
R0001796,2025-08-22 20:19:00,Central,Economy,23,0,0.237,1.406,6.469,22.289,49,45,1.0889,1.0373,14.63
R0001797,2025-01-12 05:42:00,Central,Economy,4,0,0.948,1.03,7.541,25.568,60,42,1.4286,1.18,23.12
R0001798,2025-01-13 05:46:00,University,Economy,11,1,0.12,1.046,6.483,19.438,45,45,1.0,1.0,15.64
R0001799,2025-09-07 07:25:00,University,Economy,12,1,1.007,1.003,23.677,67.47,52,37,1.4054,1.1703,50.1
R0001800,2025-01-21 20:10:00,Airport,Economy,1,0,0.097,0.999,4.195,13.545,44,52,0.8462,1.0,11.09
R0001801,2025-01-18 03:26:00,Central,Economy,11,0,0.522,1.224,5.874,19.727,47,48,0.9792,1.0,15.95
R0001802,2025-10-23 12:25:00,South,Economy,10,0,0.942,1.922,4.536,17.723,52,42,1.2381,1.1,14.76
R0001803,2025-11-03 13:39:00,Airport,Comfort,6,0,0.25,0.976,10.647,34.779,38,58,0.6552,1.0,30.23
R0001804,2025-05-22 21:56:00,South,Economy,3,1,1.287,1.015,4.147,14.68,52,39,1.3333,1.14,13.73
R0001805,2025-11-22 08:00:00,South,Premium,1,1,0.39,1.083,21.161,64.114,47,48,0.9792,1.0,73.07
R0001806,2025-03-10 05:56:00,Central,Economy,0,0,0.571,0.949,8.12,24.687,56,48,1.1667,1.07,18.2
R0001807,2025-08-26 08:28:00,Central,Economy,11,0,0.028,0.901,9.746,29.119,46,54,0.8519,1.0,14.47
R0001808,2025-08-06 11:13:00,Central,Comfort,2,0,0.093,1.138,10.021,32.891,50,44,1.1364,1.0573,29.83
R0001809,2025-03-30 10:14:00,University,Economy,23,0,1.096,1.285,7.683,25.755,44,39,1.1282,1.0538,19.9
R0001810,2025-10-11 10:15:00,North,Premium,5,0,0.371,1.217,8.305,26.777,37,37,1.0,1.0,31.28
R0001811,2025-03-14 21:24:00,South,Premium,15,0,1.395,1.19,8.138,23.483,53,32,1.6562,1.2756,36.7
R0001812,2025-09-14 13:29:00,Central,Comfort,16,0,0.013,1.184,10.335,31.527,67,45,1.4889,1.2053,34.6
R0001813,2025-03-22 13:08:00,Tech Park,Economy,11,1,0.845,1.155,4.942,17.09,41,47,0.8723,1.0,13.29
R0001814,2025-03-13 19:26:00,Airport,Premium,21,0,0.028,1.504,4.501,16.895,68,43,1.5814,1.2442,22.73
R0001815,2025-04-24 08:26:00,Airport,Comfort,2,0,0.217,0.841,12.201,31.969,46,44,1.0455,1.0191,30.69
R0001816,2025-05-24 03:35:00,Tech Park,Comfort,5,0,0.513,0.716,7.76,20.894,45,48,0.9375,1.0,19.82
R0001817,2025-07-03 05:10:00,Tech Park,Economy,6,0,0.358,0.783,2.577,6.451,59,42,1.4048,1.17,8.85
R0001818,2025-04-06 03:18:00,Central,Premium,3,0,0.744,1.173,5.981,22.726,60,45,1.3333,1.14,31.24
R0001819,2025-01-20 17:16:00,Central,Comfort,7,0,0.299,1.441,18.02,61.058,73,43,1.6977,1.293,67.45
R0001820,2025-03-21 19:27:00,University,Economy,7,1,0.457,1.336,7.112,25.104,80,44,1.8182,1.3436,26.0
R0001821,2025-10-11 05:00:00,Airport,Premium,18,0,0.171,1.505,5.801,20.667,68,44,1.5455,1.2291,32.23
R0001822,2025-03-27 08:22:00,Central,Comfort,7,0,0.985,1.778,3.414,12.279,72,36,2.0,1.42,19.87
R0001823,2025-07-02 04:44:00,North,Premium,21,0,0.636,1.739,5.684,20.576,66,36,1.8333,1.35,35.85
R0001824,2025-07-11 20:09:00,Central,Economy,18,0,0.836,1.695,4.096,16.882,68,52,1.3077,1.1292,11.25
R0001825,2025-07-23 16:36:00,South,Economy,21,0,0.553,1.639,9.836,34.791,54,43,1.2558,1.1074,29.46
R0001826,2025-03-19 14:42:00,Tech Park,Comfort,2,0,1.141,1.109,7.981,26.489,51,47,1.0851,1.0357,27.86
R0001827,2025-08-25 10:28:00,South,Economy,23,0,0.306,1.169,6.36,21.174,44,47,0.9362,1.0,16.4
R0001828,2025-04-20 11:15:00,South,Comfort,14,1,0.606,1.077,5.108,17.298,43,35,1.2286,1.096,20.11
R0001829,2025-02-28 08:07:00,North,Comfort,23,1,3.0,1.526,17.985,62.464,64,46,1.3913,1.1643,74.68
R0001830,2025-01-01 17:45:00,Tech Park,Economy,8,0,0.136,1.761,5.27,19.036,76,32,2.375,1.5775,22.54
R0001831,2025-08-09 00:58:00,Airport,Comfort,22,0,1.459,1.405,5.281,17.949,64,36,1.7778,1.3267,24.42
R0001832,2025-02-17 06:44:00,Central,Economy,14,0,3.0,1.507,6.796,26.136,81,46,1.7609,1.3196,26.27
R0001833,2025-05-27 18:53:00,Tech Park,Comfort,1,1,0.91,1.105,7.34,27.457,54,41,1.3171,1.1332,27.3
R0001834,2025-03-06 07:46:00,Central,Comfort,9,0,0.004,1.49,10.126,37.107,66,35,1.8857,1.372,44.28
R0001835,2025-06-21 01:11:00,Airport,Economy,3,1,0.145,0.662,12.958,29.224,46,39,1.1795,1.0754,22.87
R0001836,2025-10-21 14:52:00,Central,Economy,22,0,0.752,1.333,12.436,39.414,56,41,1.3659,1.1537,32.67
R0001837,2025-08-08 14:30:00,Tech Park,Economy,7,0,0.56,1.528,29.561,100.734,65,38,1.7105,1.2984,82.43
R0001838,2025-09-09 07:35:00,Central,Economy,5,0,2.006,1.515,3.062,9.302,56,50,1.12,1.0504,11.81
R0001839,2025-03-30 15:42:00,Tech Park,Comfort,13,0,2.058,1.378,8.82,27.391,48,34,1.4118,1.1729,34.45
R0001840,2025-04-12 08:16:00,Tech Park,Economy,10,1,0.519,1.894,5.834,21.931,73,43,1.6977,1.293,19.37
R0001841,2025-02-01 08:49:00,South,Economy,2,0,0.558,1.196,23.462,74.203,34,46,0.7391,1.0,47.85
R0001842,2025-10-17 23:08:00,Central,Economy,19,0,0.328,1.773,8.556,33.293,71,40,1.775,1.3255,33.2
R0001843,2025-05-31 22:51:00,Tech Park,Comfort,20,0,0.872,1.6,2.544,9.367,71,48,1.4792,1.2012,14.23
R0001844,2025-12-20 00:52:00,Central,Comfort,17,0,0.202,1.355,9.863,32.103,82,46,1.7826,1.3287,35.24
R0001845,2025-02-25 17:59:00,University,Economy,14,0,0.498,1.116,8.996,26.621,42,50,0.84,1.0,16.81
R0001846,2025-11-16 15:04:00,Tech Park,Economy,9,0,0.221,1.245,11.784,39.241,69,40,1.725,1.3045,38.12
R0001847,2025-01-29 11:24:00,Airport,Economy,13,0,0.706,1.043,5.218,17.789,49,44,1.1136,1.0477,12.46
R0001848,2025-06-13 08:47:00,Tech Park,Economy,12,0,1.384,1.035,9.303,30.75,55,40,1.375,1.1575,26.01
R0001849,2025-09-22 15:25:00,North,Economy,3,1,0.096,0.866,6.694,20.437,38,46,0.8261,1.0,9.48
R0001850,2025-08-24 19:06:00,North,Comfort,1,0,0.466,1.191,5.37,15.059,38,39,0.9744,1.0,17.28
R0001851,2025-08-12 16:38:00,North,Economy,6,1,1.753,1.411,9.379,31.209,56,44,1.2727,1.1145,28.72
R0001852,2025-10-05 19:59:00,South,Economy,10,1,2.184,1.914,8.449,34.451,62,25,2.48,1.6216,50.35
R0001853,2025-02-27 22:16:00,Tech Park,Economy,3,0,0.331,1.117,13.84,39.196,51,54,0.9444,1.0,23.48
R0001854,2025-04-24 00:46:00,University,Comfort,2,0,0.234,0.945,7.884,23.807,37,42,0.881,1.0,23.32
R0001855,2025-06-29 11:44:00,Central,Economy,20,1,1.51,2.259,10.828,45.114,105,44,2.3864,1.5823,55.67
R0001856,2025-07-08 02:53:00,South,Economy,8,0,1.431,1.862,3.998,20.433,55,39,1.4103,1.1723,22.93
R0001857,2025-11-30 15:41:00,Tech Park,Comfort,14,0,0.634,1.008,16.726,48.794,45,37,1.2162,1.0908,39.83
R0001858,2025-11-09 13:15:00,Tech Park,Economy,12,0,3.0,1.698,5.066,18.927,61,40,1.525,1.2205,23.83
R0001859,2025-11-29 11:01:00,North,Comfort,17,0,0.56,1.874,12.764,51.71,56,44,1.2727,1.1145,53.67
R0001860,2025-04-06 00:21:00,North,Comfort,17,0,1.549,1.689,8.977,31.502,69,40,1.725,1.3045,43.72
R0001861,2025-06-11 13:15:00,Tech Park,Comfort,7,1,0.353,1.358,8.373,30.694,55,43,1.2791,1.1172,31.73
R0001862,2025-10-11 01:42:00,Central,Economy,20,0,0.446,1.411,11.801,40.706,81,34,2.3824,1.5806,44.48
R0001863,2025-12-01 03:44:00,Central,Economy,8,1,0.749,1.564,2.394,9.105,104,37,2.8108,1.7605,19.13
R0001864,2025-05-22 11:34:00,South,Comfort,20,0,0.224,1.581,5.666,21.723,56,31,1.8065,1.3387,30.88
R0001865,2025-11-06 18:13:00,Central,Economy,9,0,1.218,1.476,11.709,39.87,81,41,1.9756,1.4098,42.3
R0001866,2025-03-27 14:54:00,Airport,Economy,2,0,0.655,1.043,22.357,72.115,51,48,1.0625,1.0263,47.47
R0001867,2025-02-14 08:58:00,Airport,Economy,18,0,1.579,1.797,7.665,24.374,54,41,1.3171,1.1332,26.14
R0001868,2025-08-26 04:48:00,Tech Park,Economy,0,0,0.202,1.095,2.033,6.937,50,43,1.1628,1.0684,9.48
R0001869,2025-04-13 00:20:00,University,Comfort,18,0,0.228,1.701,6.524,23.751,59,39,1.5128,1.2154,27.83
R0001870,2025-07-10 01:23:00,North,Premium,1,0,0.443,1.152,7.515,23.97,22,41,0.5366,1.0,29.1
R0001871,2025-04-07 08:23:00,Central,Comfort,4,0,0.893,1.483,14.299,51.22,55,48,1.1458,1.0612,47.09
R0001872,2025-04-23 11:04:00,Tech Park,Economy,14,0,0.793,1.34,7.977,25.954,49,42,1.1667,1.07,21.06
R0001873,2025-01-15 04:03:00,Central,Premium,22,0,2.018,1.403,3.849,15.064,64,54,1.1852,1.0778,24.3
R0001874,2025-08-27 09:41:00,University,Comfort,9,0,0.757,1.512,13.196,46.016,55,45,1.2222,1.0933,48.4
R0001875,2025-07-19 23:16:00,South,Economy,2,0,0.083,0.893,10.618,33.175,29,42,0.6905,1.0,25.03
R0001876,2025-05-28 20:43:00,Central,Comfort,5,0,0.169,0.773,5.288,15.515,45,54,0.8333,1.0,16.49
R0001877,2025-08-12 02:17:00,North,Economy,21,0,0.072,1.591,11.541,41.473,59,36,1.6389,1.2683,37.6
R0001878,2025-06-03 04:19:00,Central,Economy,17,0,0.07,1.622,5.751,20.948,67,48,1.3958,1.1662,17.67
R0001879,2025-01-19 21:14:00,Tech Park,Economy,2,0,0.39,1.231,6.593,19.744,40,40,1.0,1.0,13.93
R0001880,2025-07-16 19:05:00,Airport,Economy,9,0,1.487,1.866,5.805,26.124,73,28,2.6071,1.675,37.1
R0001881,2025-08-07 18:33:00,Tech Park,Economy,6,0,0.652,1.307,6.55,20.529,48,42,1.1429,1.06,17.54
R0001882,2025-08-27 22:40:00,Tech Park,Economy,4,0,0.925,1.36,12.791,41.453,59,50,1.18,1.0756,32.97
R0001883,2025-03-20 10:51:00,University,Economy,20,0,1.201,1.581,2.909,9.488,63,43,1.4651,1.1953,9.83
R0001884,2025-05-06 16:53:00,University,Economy,14,1,1.576,1.19,14.257,46.039,58,43,1.3488,1.1465,35.55
R0001885,2025-04-06 20:57:00,Central,Economy,4,1,0.258,1.044,8.559,25.592,69,50,1.38,1.1596,19.34
R0001886,2025-07-14 18:17:00,South,Comfort,15,0,1.405,1.126,6.268,23.681,48,49,0.9796,1.0,24.5
R0001887,2025-01-11 03:06:00,Tech Park,Premium,9,0,1.253,1.732,7.857,30.347,74,37,2.0,1.42,57.82
R0001888,2025-01-15 18:09:00,North,Economy,1,0,0.373,1.121,4.712,15.041,38,36,1.0556,1.0233,14.44
R0001889,2025-01-05 05:50:00,Airport,Comfort,10,1,0.239,1.571,3.166,10.217,80,32,2.5,1.63,16.92
R0001890,2025-10-30 12:32:00,Central,Economy,4,0,0.492,1.089,4.785,15.495,53,45,1.1778,1.0747,11.13
R0001891,2025-08-30 01:28:00,Central,Economy,5,0,1.972,1.185,2.739,11.018,67,35,1.9143,1.384,14.13
R0001892,2025-05-18 17:06:00,University,Economy,21,0,0.369,1.708,3.692,14.325,50,35,1.4286,1.18,13.12
R0001893,2025-03-20 22:17:00,North,Economy,17,0,1.44,1.887,3.182,12.818,77,42,1.8333,1.35,15.18
R0001894,2025-10-13 17:59:00,Tech Park,Economy,3,0,1.061,1.054,15.227,44.109,55,44,1.25,1.105,33.74
R0001895,2025-12-17 02:16:00,University,Comfort,20,0,0.9,1.479,3.833,19.112,72,39,1.8462,1.3554,25.76
R0001896,2025-11-05 00:55:00,Central,Comfort,13,0,1.846,1.554,7.594,26.654,79,46,1.7174,1.3013,33.99
R0001897,2025-11-25 23:24:00,Tech Park,Premium,20,0,0.783,2.006,14.357,52.383,72,50,1.44,1.1848,79.83
R0001898,2025-03-01 04:19:00,Airport,Premium,17,1,0.614,1.703,12.398,42.496,85,44,1.9318,1.3914,75.75
R0001899,2025-01-15 16:20:00,Airport,Economy,8,1,0.031,1.49,6.604,22.648,62,40,1.55,1.231,19.37
R0001900,2025-04-21 21:20:00,Central,Economy,12,0,1.192,1.403,6.621,27.246,62,42,1.4762,1.2,22.69
R0001901,2025-10-30 19:53:00,Central,Economy,12,0,0.215,1.123,8.577,26.898,56,49,1.1429,1.06,18.6
R0001902,2025-11-17 05:33:00,North,Economy,17,0,0.175,1.544,24.822,84.128,54,38,1.4211,1.1768,58.72
R0001903,2025-09-04 18:57:00,North,Comfort,5,1,0.634,1.288,9.749,34.021,54,44,1.2273,1.0955,37.31
R0001904,2025-07-21 05:01:00,Central,Economy,7,0,0.17,1.435,11.218,40.198,83,50,1.66,1.2772,35.85
R0001905,2025-05-30 08:29:00,Airport,Economy,5,0,0.844,1.028,27.018,81.935,43,55,0.7818,1.0,60.64
R0001906,2025-08-26 03:21:00,Tech Park,Economy,7,1,0.717,1.745,9.05,33.914,78,36,2.1667,1.49,37.27
R0001907,2025-03-26 12:17:00,Airport,Premium,3,0,0.66,1.139,14.604,43.153,51,62,0.8226,1.0,50.22
R0001908,2025-03-22 18:20:00,Tech Park,Economy,0,0,0.492,1.203,10.102,30.89,38,46,0.8261,1.0,19.48
R0001909,2025-07-27 05:24:00,University,Comfort,22,0,1.16,1.424,10.022,30.671,49,48,1.0208,1.0088,31.16
R0001910,2025-06-14 02:28:00,Tech Park,Economy,1,0,0.847,0.873,4.573,13.775,51,38,1.3421,1.1437,11.89
R0001911,2025-11-28 22:58:00,South,Economy,21,0,0.834,1.707,4.174,15.18,56,22,2.5455,1.6491,19.69
R0001912,2025-02-19 10:13:00,South,Economy,0,0,0.242,1.386,5.86,19.254,34,41,0.8293,1.0,16.6
R0001913,2025-02-11 23:28:00,South,Comfort,18,1,0.539,1.54,12.617,44.491,85,46,1.8478,1.3561,54.37
R0001914,2025-09-09 14:16:00,University,Comfort,7,0,0.237,1.464,12.292,40.55,67,38,1.7632,1.3205,47.67
R0001915,2025-12-02 15:12:00,University,Economy,12,1,0.53,0.692,16.172,43.416,44,42,1.0476,1.02,28.95
R0001916,2025-07-24 14:28:00,North,Economy,6,1,0.282,1.069,7.721,23.273,49,36,1.3611,1.1517,19.41
R0001917,2025-09-06 14:18:00,South,Economy,11,0,0.518,1.198,10.441,33.464,30,60,0.5,1.0,19.0
R0001918,2025-02-02 08:26:00,Tech Park,Economy,10,1,0.539,1.751,10.466,39.334,75,33,2.2727,1.5345,40.28
R0001919,2025-01-27 09:57:00,Airport,Economy,12,0,0.518,0.907,7.322,19.194,39,48,0.8125,1.0,17.36
R0001920,2025-01-24 13:07:00,South,Economy,9,0,1.182,1.761,6.509,25.584,64,26,2.4615,1.6138,32.56
R0001921,2025-06-30 07:23:00,South,Comfort,12,0,0.949,1.211,3.432,12.65,35,36,0.9722,1.0,14.02
R0001922,2025-06-17 03:36:00,Tech Park,Comfort,19,0,0.12,1.581,7.143,26.663,60,48,1.25,1.105,28.44
R0001923,2025-01-22 11:24:00,Central,Comfort,10,1,0.465,1.437,7.336,25.79,84,46,1.8261,1.347,31.53
R0001924,2025-12-25 15:07:00,Central,Comfort,8,0,0.659,1.682,14.497,52.745,87,43,2.0233,1.4298,66.17
R0001925,2025-09-09 18:30:00,Central,Premium,3,0,0.269,0.902,15.304,43.69,48,52,0.9231,1.0,45.58
R0001926,2025-07-15 16:16:00,South,Premium,8,0,0.719,1.342,8.416,29.331,43,40,1.075,1.0315,35.16
R0001927,2025-01-27 01:12:00,University,Economy,3,0,0.306,1.178,24.164,77.744,31,42,0.7381,1.0,45.79
R0001928,2025-01-03 11:45:00,University,Economy,4,1,0.573,1.128,8.624,26.359,60,38,1.5789,1.2432,21.55
R0001929,2025-05-23 22:28:00,Central,Economy,22,0,0.209,1.144,13.71,41.927,49,50,0.98,1.0,23.94
R0001930,2025-04-18 13:51:00,Central,Premium,2,1,0.515,0.996,7.352,24.186,67,45,1.4889,1.2053,36.39
R0001931,2025-02-07 15:28:00,Tech Park,Economy,11,0,0.97,1.287,4.149,13.328,62,41,1.5122,1.2151,16.14
R0001932,2025-05-02 02:27:00,Tech Park,Economy,20,1,1.087,1.93,6.148,22.605,85,35,2.4286,1.6,28.16
R0001933,2025-12-17 13:24:00,North,Economy,22,0,0.584,1.421,17.474,59.355,40,47,0.8511,1.0,34.46
R0001934,2025-09-22 13:31:00,North,Economy,3,0,2.649,1.623,6.717,23.592,33,37,0.8919,1.0,20.97
R0001935,2025-04-13 15:39:00,Central,Economy,3,0,0.783,1.21,6.01,22.691,51,59,0.8644,1.0,19.34
R0001936,2025-09-26 02:02:00,Tech Park,Comfort,8,0,1.114,1.502,7.751,26.259,73,42,1.7381,1.31,31.46
R0001937,2025-07-01 08:28:00,South,Economy,13,1,1.627,1.274,6.27,19.339,41,45,0.9111,1.0,13.6
R0001938,2025-09-13 02:14:00,North,Comfort,23,0,0.274,0.793,14.978,42.293,34,36,0.9444,1.0,29.44
R0001939,2025-03-28 08:10:00,University,Economy,4,0,0.962,1.026,21.911,66.481,52,47,1.1064,1.0447,46.21
R0001940,2025-01-11 11:30:00,South,Comfort,3,1,0.711,1.48,7.793,27.985,44,33,1.3333,1.14,28.09
R0001941,2025-07-25 05:27:00,University,Economy,6,0,0.992,0.994,10.457,32.961,41,54,0.7593,1.0,24.8
R0001942,2025-12-15 21:56:00,North,Economy,20,0,1.325,1.367,13.257,42.862,52,37,1.4054,1.1703,37.9
R0001943,2025-02-09 23:45:00,North,Premium,0,1,0.225,1.187,8.246,29.22,39,44,0.8864,1.0,36.75
R0001944,2025-06-15 06:02:00,University,Premium,9,0,2.566,1.891,4.793,15.387,66,44,1.5,1.21,32.58
R0001945,2025-09-12 22:45:00,University,Comfort,2,1,0.609,1.248,6.202,19.073,46,37,1.2432,1.1022,17.54
R0001946,2025-11-25 23:16:00,University,Premium,3,0,0.421,0.865,9.744,28.725,40,50,0.8,1.0,32.72
R0001947,2025-03-05 01:03:00,Tech Park,Economy,22,1,0.015,0.926,9.647,27.335,54,44,1.2273,1.0955,21.88
R0001948,2025-11-07 19:16:00,North,Economy,0,0,1.542,1.493,2.899,10.439,35,43,0.814,1.0,7.99
R0001949,2025-12-15 01:08:00,Central,Economy,7,0,1.251,1.537,6.11,19.848,88,43,2.0465,1.4395,22.68
R0001950,2025-02-27 06:33:00,North,Comfort,21,0,0.481,1.606,5.179,18.73,51,49,1.0408,1.0171,19.06
R0001951,2025-08-01 02:11:00,University,Comfort,14,1,0.049,1.061,12.62,39.773,61,44,1.3864,1.1623,38.08
R0001952,2025-05-23 00:49:00,Central,Premium,1,0,0.633,0.984,5.291,15.595,50,48,1.0417,1.0175,20.75
R0001953,2025-11-28 09:57:00,Tech Park,Comfort,11,1,0.102,1.062,6.028,17.364,58,35,1.6571,1.276,19.32
R0001954,2025-09-22 19:37:00,University,Economy,23,0,1.418,1.258,5.913,18.931,49,45,1.0889,1.0373,14.22
R0001955,2025-01-31 20:57:00,University,Economy,9,0,0.466,1.73,12.004,46.189,71,49,1.449,1.1886,39.07
R0001956,2025-12-03 04:15:00,University,Economy,12,1,0.203,1.368,13.235,46.432,50,48,1.0417,1.0175,30.08
R0001957,2025-04-23 11:39:00,South,Economy,12,0,0.736,1.614,10.191,35.32,33,41,0.8049,1.0,30.09
R0001958,2025-09-06 03:58:00,North,Comfort,15,0,0.835,1.234,14.275,46.852,40,39,1.0256,1.0108,39.37
R0001959,2025-07-22 06:04:00,University,Economy,4,1,0.923,1.146,15.325,47.808,55,28,1.9643,1.405,45.23
R0001960,2025-05-06 09:55:00,Central,Premium,20,0,0.219,1.669,2.87,14.279,77,46,1.6739,1.283,21.73
R0001961,2025-08-04 12:15:00,Central,Comfort,23,0,1.316,1.195,10.757,34.9,57,48,1.1875,1.0788,36.38
R0001962,2025-11-29 00:18:00,University,Economy,3,0,0.477,0.8,6.338,18.361,30,31,0.9677,1.0,12.92
R0001963,2025-10-20 19:59:00,Tech Park,Comfort,19,0,0.027,1.547,3.891,18.113,80,43,1.8605,1.3614,23.99
R0001964,2025-12-19 17:24:00,South,Economy,19,0,0.533,1.841,6.515,23.018,57,42,1.3571,1.15,19.32
R0001965,2025-01-06 18:29:00,Central,Comfort,17,0,0.527,1.381,11.611,39.637,80,42,1.9048,1.38,44.46
R0001966,2025-07-21 03:44:00,North,Economy,8,0,0.518,1.466,17.294,61.509,58,35,1.6571,1.276,55.16
R0001967,2025-09-16 11:03:00,University,Economy,11,0,0.749,1.03,3.707,13.811,42,33,1.2727,1.1145,13.68
R0001968,2025-04-22 19:20:00,South,Economy,20,0,2.158,2.006,10.915,40.804,69,39,1.7692,1.3231,47.14
R0001969,2025-07-21 14:53:00,North,Economy,3,0,0.549,1.527,22.899,76.361,38,42,0.9048,1.0,53.15
R0001970,2025-10-20 04:15:00,South,Comfort,19,0,0.615,1.515,21.262,69.367,53,32,1.6562,1.2756,78.6
R0001971,2025-12-17 00:37:00,University,Premium,22,0,0.332,1.076,1.163,8.209,34,44,0.7727,1.0,11.92
R0001972,2025-04-06 08:46:00,University,Premium,16,0,0.547,1.1,25.749,75.858,35,41,0.8537,1.0,83.47
R0001973,2025-10-21 16:06:00,North,Economy,8,1,0.941,1.665,13.178,48.737,86,40,2.15,1.483,50.3
R0001974,2025-06-24 10:40:00,South,Premium,13,0,0.96,1.164,2.184,4.999,33,43,0.7674,1.0,10.48
R0001975,2025-04-21 03:39:00,Central,Economy,1,0,1.727,1.227,5.098,22.895,56,51,1.098,1.0412,22.33
R0001976,2025-06-04 16:12:00,North,Economy,22,0,0.043,1.501,15.514,50.129,33,48,0.6875,1.0,33.39
R0001977,2025-01-07 19:00:00,Central,Comfort,8,0,1.201,1.901,9.47,36.311,69,49,1.4082,1.1714,35.71
R0001978,2025-03-29 23:39:00,South,Premium,1,1,1.058,1.108,5.665,21.117,55,43,1.2791,1.1172,30.47
R0001979,2025-07-22 19:44:00,South,Premium,19,1,0.084,1.778,8.057,28.648,65,35,1.8571,1.36,51.24
R0001980,2025-10-04 19:22:00,Central,Comfort,15,1,1.698,1.352,10.488,36.292,60,60,1.0,1.0,34.99
R0001981,2025-07-09 02:19:00,Central,Economy,14,0,0.113,1.031,5.649,17.408,51,39,1.3077,1.1292,12.39
R0001982,2025-10-05 23:40:00,Central,Economy,1,0,0.963,1.141,7.243,24.225,48,52,0.9231,1.0,19.57
R0001983,2025-11-15 12:38:00,Central,Economy,18,0,0.029,1.51,12.722,46.288,72,38,1.8947,1.3758,40.34
R0001984,2025-07-11 04:00:00,Tech Park,Economy,15,0,0.2,0.816,5.283,15.055,61,53,1.1509,1.0634,11.22
R0001985,2025-02-06 07:16:00,Central,Economy,19,0,0.988,1.427,3.683,16.808,76,43,1.7674,1.3223,14.84
R0001986,2025-11-06 23:59:00,Airport,Economy,19,0,1.024,1.801,5.471,21.866,70,42,1.6667,1.28,19.51
R0001987,2025-08-03 03:17:00,University,Economy,5,0,0.498,1.055,4.764,19.825,44,51,0.8627,1.0,15.58
R0001988,2025-05-24 19:23:00,Central,Economy,5,1,1.826,1.487,5.57,18.125,73,52,1.4038,1.1696,16.17
R0001989,2025-12-30 17:22:00,University,Comfort,22,0,0.969,1.014,3.004,8.835,39,37,1.0541,1.0227,13.11
R0001990,2025-08-29 22:17:00,South,Economy,12,0,1.343,1.044,8.843,26.965,38,47,0.8085,1.0,23.96
R0001991,2025-01-10 03:20:00,Tech Park,Economy,10,1,0.52,1.783,12.518,43.47,81,57,1.4211,1.1768,33.87
R0001992,2025-12-12 07:16:00,South,Comfort,6,0,0.166,0.977,4.971,17.853,32,45,0.7111,1.0,14.87
R0001993,2025-01-20 20:27:00,Central,Comfort,15,0,0.163,1.183,5.427,17.918,47,41,1.1463,1.0615,18.86
R0001994,2025-11-14 16:32:00,Tech Park,Economy,18,0,0.414,1.63,7.007,23.055,59,34,1.7353,1.3088,25.55
R0001995,2025-01-02 02:53:00,Tech Park,Economy,0,0,0.212,1.376,4.706,14.841,44,39,1.1282,1.0538,12.52
R0001996,2025-09-03 14:41:00,Central,Premium,13,0,0.195,1.171,13.344,40.225,46,43,1.0698,1.0293,45.74
R0001997,2025-01-22 09:22:00,Tech Park,Comfort,23,0,0.062,1.085,4.765,17.694,61,50,1.22,1.0924,16.74
R0001998,2025-01-19 13:32:00,South,Economy,6,0,0.442,1.224,5.817,20.48,32,55,0.5818,1.0,15.04
R0001999,2025-03-24 13:31:00,University,Economy,6,0,0.06,0.962,5.105,15.846,34,46,0.7391,1.0,10.57
R0002000,2025-03-29 07:53:00,Tech Park,Economy,21,0,0.433,1.332,13.519,43.719,77,50,1.54,1.2268,38.58
R0002001,2025-08-29 13:56:00,Airport,Economy,1,0,0.037,1.072,6.841,21.229,48,59,0.8136,1.0,13.35
R0002002,2025-02-05 05:18:00,University,Economy,9,1,0.392,1.97,23.248,92.005,55,37,1.4865,1.2043,76.97
R0002003,2025-07-03 15:25:00,University,Premium,10,0,0.94,1.307,9.436,30.813,50,50,1.0,1.0,40.11
R0002004,2025-12-30 08:51:00,Tech Park,Economy,19,0,0.203,1.671,14.69,54.364,73,31,2.3548,1.569,56.56
R0002005,2025-02-01 10:19:00,Airport,Economy,3,0,0.758,0.86,6.499,18.85,44,42,1.0476,1.02,13.87
R0002006,2025-12-05 17:23:00,Tech Park,Comfort,10,1,0.714,1.674,4.625,21.266,79,41,1.9268,1.3893,29.1
R0002007,2025-05-10 19:51:00,South,Economy,3,0,0.278,1.064,7.628,21.355,36,40,0.9,1.0,13.57
R0002008,2025-03-29 15:39:00,Central,Economy,18,0,0.055,1.694,5.347,21.937,59,48,1.2292,1.0962,19.0
R0002009,2025-05-29 01:55:00,University,Economy,15,0,1.207,1.255,2.588,7.895,48,41,1.1707,1.0717,8.44
R0002010,2025-03-14 21:54:00,South,Economy,11,0,0.276,1.297,13.564,49.128,30,47,0.6383,1.0,30.76
R0002011,2025-08-20 09:59:00,Tech Park,Economy,9,0,2.019,2.123,7.909,33.523,73,40,1.825,1.3465,36.08
R0002012,2025-03-11 23:59:00,Tech Park,Premium,3,0,1.157,1.173,5.285,13.854,58,39,1.4872,1.2046,26.61
R0002013,2025-04-06 07:01:00,Central,Economy,22,1,0.995,1.376,9.554,30.212,71,48,1.4792,1.2012,28.4
R0002014,2025-06-21 11:44:00,University,Comfort,15,0,0.11,0.963,7.971,25.876,33,53,0.6226,1.0,19.31
R0002015,2025-01-02 18:27:00,South,Economy,7,0,1.001,1.643,16.867,61.08,57,32,1.7812,1.3281,58.38
R0002016,2025-01-08 19:54:00,North,Comfort,9,0,1.472,1.598,9.856,36.376,65,40,1.625,1.2625,44.13
R0002017,2025-01-24 12:23:00,North,Economy,17,0,0.619,1.898,7.126,27.945,54,36,1.5,1.21,23.98
R0002018,2025-01-30 00:49:00,Central,Comfort,17,0,0.769,1.634,11.375,39.919,77,46,1.6739,1.283,46.36
R0002019,2025-01-19 07:37:00,Tech Park,Economy,11,0,0.945,0.734,7.616,24.256,51,52,0.9808,1.0,18.16
R0002020,2025-03-31 07:59:00,North,Economy,7,1,1.61,1.937,8.594,31.37,74,34,2.1765,1.4941,38.09
R0002021,2025-10-28 18:24:00,University,Economy,15,1,0.834,1.072,15.247,46.767,40,49,0.8163,1.0,31.09
R0002022,2025-08-07 04:33:00,University,Economy,15,1,0.919,1.112,4.085,12.37,58,41,1.4146,1.1741,12.78
R0002023,2025-01-07 09:22:00,Tech Park,Comfort,14,0,0.735,1.09,4.832,14.342,49,51,0.9608,1.0,16.1
R0002024,2025-01-08 01:01:00,Central,Economy,1,0,2.067,1.311,6.168,20.01,79,51,1.549,1.2306,25.0
R0002025,2025-04-13 22:30:00,Tech Park,Economy,11,0,0.635,1.605,6.685,22.708,58,35,1.6571,1.276,21.62
R0002026,2025-01-12 20:28:00,Airport,Premium,14,0,0.913,1.464,14.674,51.049,50,48,1.0417,1.0175,62.6
R0002027,2025-05-08 09:17:00,Tech Park,Economy,22,0,1.689,1.43,3.568,9.902,64,39,1.641,1.2692,12.84
R0002028,2025-09-04 15:44:00,North,Economy,12,0,0.365,1.109,7.643,25.322,36,54,0.6667,1.0,18.78
R0002029,2025-10-24 04:18:00,University,Comfort,8,0,2.368,2.179,5.738,22.496,67,40,1.675,1.2835,36.97
R0002030,2025-07-11 05:04:00,North,Comfort,13,0,0.327,1.103,19.792,60.691,28,40,0.7,1.0,47.58
R0002031,2025-10-11 02:15:00,Central,Economy,4,1,0.206,1.184,12.631,39.737,71,57,1.2456,1.1032,33.96
R0002032,2025-08-10 07:07:00,University,Economy,2,0,0.937,1.269,8.858,28.116,52,40,1.3,1.126,20.68
R0002033,2025-09-18 17:27:00,South,Economy,16,0,0.309,1.079,13.235,43.436,38,37,1.027,1.0114,30.14
R0002034,2025-03-25 08:10:00,University,Economy,23,0,1.993,1.528,3.76,13.274,62,49,1.2653,1.1114,15.12
R0002035,2025-08-24 19:17:00,University,Comfort,20,0,2.958,2.007,23.692,92.029,74,37,2.0,1.42,138.55
R0002036,2025-12-13 02:51:00,North,Premium,14,1,0.216,1.049,4.889,17.459,52,38,1.3684,1.1547,24.6
R0002037,2025-08-04 19:12:00,North,Economy,0,0,0.192,0.858,15.507,44.003,28,36,0.7778,1.0,23.33
R0002038,2025-11-28 20:36:00,South,Economy,23,1,0.181,0.877,10.521,28.145,44,44,1.0,1.0,17.02
R0002039,2025-12-15 04:17:00,Tech Park,Comfort,10,1,0.027,1.1,8.983,26.372,76,46,1.6522,1.2739,29.04
R0002040,2025-08-29 23:43:00,University,Economy,6,0,0.299,1.136,15.156,50.018,36,50,0.72,1.0,32.0
R0002041,2025-01-02 21:42:00,Central,Comfort,21,0,1.421,1.937,13.438,52.263,81,47,1.7234,1.3038,71.69
R0002042,2025-06-19 15:18:00,Tech Park,Economy,17,0,0.979,1.922,8.24,32.158,79,32,2.4688,1.6169,38.72
R0002043,2025-07-01 10:46:00,Central,Economy,17,0,0.477,1.437,6.16,20.408,81,46,1.7609,1.3196,20.89
R0002044,2025-03-17 16:01:00,South,Comfort,6,0,0.883,1.238,8.312,31.096,50,40,1.25,1.105,33.34
R0002045,2025-08-30 18:36:00,Tech Park,Premium,23,1,0.122,1.022,7.341,21.015,65,40,1.625,1.2625,31.25
R0002046,2025-03-24 18:43:00,University,Economy,10,0,0.633,1.797,9.438,35.567,71,42,1.6905,1.29,33.47
R0002047,2025-08-18 15:49:00,North,Comfort,12,1,0.746,1.017,13.617,42.291,38,46,0.8261,1.0,33.5
R0002048,2025-04-19 19:26:00,Central,Economy,18,0,0.705,1.616,10.051,33.042,89,55,1.6182,1.2596,26.9
R0002049,2025-12-24 09:03:00,Central,Economy,15,1,0.289,0.772,8.599,23.105,77,45,1.7111,1.2987,18.97
R0002050,2025-11-24 02:41:00,Central,Economy,4,0,0.276,0.921,5.421,15.849,77,51,1.5098,1.2141,16.61
R0002051,2025-10-02 06:38:00,Central,Economy,7,0,1.059,1.741,9.286,36.178,79,30,2.6333,1.686,48.51
R0002052,2025-05-11 00:34:00,University,Comfort,8,0,1.003,1.762,3.056,11.38,59,40,1.475,1.1995,17.93
R0002053,2025-08-06 09:47:00,North,Economy,22,0,0.031,0.702,5.01,11.6,37,49,0.7551,1.0,9.71
R0002054,2025-11-01 07:37:00,Central,Economy,17,1,0.029,1.463,10.842,33.84,70,42,1.6667,1.28,30.32
R0002055,2025-04-10 10:56:00,Tech Park,Economy,8,0,2.787,2.081,12.64,48.077,92,35,2.6286,1.684,68.89
R0002056,2025-04-11 04:43:00,Central,Comfort,17,0,0.768,1.942,7.68,26.642,74,40,1.85,1.357,36.33
R0002057,2025-11-23 23:10:00,Central,Premium,17,0,0.707,1.525,8.676,32.223,75,51,1.4706,1.1976,43.68
R0002058,2025-06-09 18:30:00,University,Economy,9,0,0.226,1.679,9.522,36.387,61,31,1.9677,1.4065,35.77
R0002059,2025-04-28 20:52:00,Airport,Economy,9,0,0.42,1.524,11.3,39.322,64,43,1.4884,1.2051,33.52
R0002060,2025-07-12 15:51:00,North,Premium,21,0,0.316,1.527,6.953,24.199,49,43,1.1395,1.0586,30.57
R0002061,2025-09-18 17:03:00,South,Economy,13,0,1.43,1.099,4.524,16.633,43,52,0.8269,1.0,15.03
R0002062,2025-01-02 13:13:00,Central,Comfort,3,0,1.376,1.06,9.611,31.401,56,51,1.098,1.0412,33.48
R0002063,2025-05-04 02:18:00,Central,Economy,17,0,0.78,1.605,22.807,77.196,59,40,1.475,1.1995,59.12
R0002064,2025-10-27 21:14:00,Central,Comfort,14,1,0.674,1.31,4.677,14.429,73,47,1.5532,1.2323,22.15
R0002065,2025-08-06 17:22:00,Central,Economy,12,0,0.906,1.027,7.244,24.23,68,50,1.36,1.1512,21.13
R0002066,2025-08-08 07:41:00,University,Economy,17,0,0.665,1.506,6.281,23.011,52,37,1.4054,1.1703,23.05
R0002067,2025-06-06 20:25:00,North,Economy,21,0,1.06,1.778,29.29,107.162,67,42,1.5952,1.25,90.28
R0002068,2025-01-30 02:26:00,North,Economy,7,0,1.816,1.878,4.58,16.231,78,33,2.3636,1.5727,26.17
R0002069,2025-06-20 08:39:00,North,Economy,10,0,0.55,1.637,7.112,24.319,61,37,1.6486,1.2724,24.53
R0002070,2025-01-08 23:45:00,University,Premium,4,0,0.231,1.087,6.356,21.425,38,38,1.0,1.0,24.76
R0002071,2025-05-30 10:53:00,Airport,Economy,15,0,0.681,0.941,3.897,11.104,38,40,0.95,1.0,7.67
R0002072,2025-02-07 13:48:00,University,Economy,9,0,0.332,1.448,3.782,10.564,64,43,1.4884,1.2051,11.29
R0002073,2025-10-16 09:49:00,Central,Economy,8,0,0.163,1.757,10.619,37.658,72,48,1.5,1.21,33.48
R0002074,2025-10-05 01:23:00,University,Economy,16,1,1.618,1.265,11.47,36.896,62,55,1.1273,1.0535,29.01
R0002075,2025-08-04 07:12:00,Central,Economy,9,0,0.646,1.774,5.71,25.558,90,39,2.3077,1.5492,29.97
R0002076,2025-10-23 01:42:00,Airport,Economy,11,0,0.416,1.295,16.86,52.78,46,45,1.0222,1.0093,33.45
R0002077,2025-07-03 23:08:00,South,Comfort,10,0,0.741,1.836,2.253,9.497,50,34,1.4706,1.1976,11.65
R0002078,2025-12-05 20:00:00,Central,Comfort,6,0,0.36,0.818,3.888,16.669,44,36,1.2222,1.0933,16.75
R0002079,2025-06-30 07:22:00,Tech Park,Economy,3,1,1.658,1.277,4.935,14.571,55,41,1.3415,1.1434,13.15
R0002080,2025-01-16 04:25:00,South,Comfort,19,0,2.763,2.235,7.73,33.482,62,37,1.6757,1.2838,53.05
R0002081,2025-06-20 18:11:00,Tech Park,Economy,2,0,0.382,1.163,6.062,18.354,40,47,0.8511,1.0,15.07
R0002082,2025-02-04 19:42:00,Central,Economy,7,0,0.524,1.677,6.955,26.558,77,50,1.54,1.2268,27.32
R0002083,2025-10-24 04:25:00,Tech Park,Premium,16,0,0.832,0.855,10.143,34.798,57,35,1.6286,1.264,50.49
R0002084,2025-07-21 14:27:00,Central,Premium,3,1,0.141,0.914,17.312,52.185,80,44,1.8182,1.3436,76.29
R0002085,2025-07-01 23:28:00,University,Economy,15,0,0.04,1.02,12.077,37.06,45,46,0.9783,1.0,20.17
R0002086,2025-04-24 23:12:00,Tech Park,Economy,17,1,1.512,1.565,8.012,26.492,88,40,2.2,1.504,30.62
R0002087,2025-06-29 19:05:00,South,Economy,15,0,0.406,1.216,7.433,24.034,23,36,0.6389,1.0,16.97
R0002088,2025-12-27 07:48:00,University,Economy,7,1,0.371,1.596,14.236,48.747,64,42,1.5238,1.22,40.37
R0002089,2025-02-18 21:51:00,South,Comfort,0,0,0.883,0.803,21.897,58.136,41,34,1.2059,1.0865,53.54
R0002090,2025-04-09 02:46:00,South,Economy,21,0,0.23,1.489,11.035,33.408,47,32,1.4688,1.1969,26.33
R0002091,2025-03-31 13:37:00,Central,Premium,7,1,0.362,1.564,5.932,19.719,73,30,2.4333,1.602,40.99
R0002092,2025-02-18 21:28:00,Tech Park,Comfort,19,0,0.144,1.553,8.958,31.617,64,45,1.4222,1.1773,32.78
R0002093,2025-10-23 08:47:00,North,Economy,4,0,0.055,1.265,10.689,37.371,33,39,0.8462,1.0,26.97
R0002094,2025-10-23 21:10:00,Airport,Comfort,3,1,0.356,1.168,5.724,17.294,62,40,1.55,1.231,20.76
R0002095,2025-10-29 00:44:00,Tech Park,Comfort,18,0,0.227,1.345,12.505,41.855,78,31,2.5161,1.6368,57.7
R0002096,2025-06-09 14:33:00,Airport,Economy,22,0,0.193,0.767,8.982,22.024,58,34,1.7059,1.2965,21.73
R0002097,2025-05-08 22:18:00,Tech Park,Economy,20,0,0.611,1.612,14.74,50.153,74,45,1.6444,1.2707,41.38
R0002098,2025-04-13 17:41:00,Central,Comfort,18,1,1.16,1.782,4.539,12.296,86,37,2.3243,1.5562,22.28
R0002099,2025-03-14 01:10:00,North,Premium,5,1,1.178,1.391,2.981,16.049,58,36,1.6111,1.2567,25.06
R0002100,2025-05-19 08:10:00,Tech Park,Economy,21,0,1.139,2.066,6.259,25.759,86,39,2.2051,1.5062,31.47
R0002101,2025-10-16 08:59:00,Airport,Comfort,16,0,0.269,1.37,7.87,27.161,37,47,0.7872,1.0,27.18
R0002102,2025-01-27 19:14:00,Tech Park,Comfort,4,0,0.555,1.02,2.885,11.094,45,42,1.0714,1.03,12.03
R0002103,2025-12-01 00:35:00,South,Premium,3,0,0.34,1.229,5.559,24.275,31,41,0.7561,1.0,25.15
R0002104,2025-05-10 07:39:00,University,Economy,20,1,0.273,1.676,15.736,55.215,74,40,1.85,1.357,49.14
R0002105,2025-09-13 15:26:00,Central,Economy,6,0,0.292,0.856,10.416,28.275,52,49,1.0612,1.0257,19.91
R0002106,2025-07-23 09:21:00,Tech Park,Comfort,18,0,0.174,1.242,8.381,31.927,53,40,1.325,1.1365,31.67
R0002107,2025-05-19 01:20:00,North,Economy,3,0,0.749,1.161,4.346,11.99,44,42,1.0476,1.02,10.17
R0002108,2025-07-30 11:12:00,North,Economy,6,0,1.448,0.991,15.451,49.05,29,41,0.7073,1.0,35.91
R0002109,2025-06-30 04:58:00,Central,Economy,6,1,0.331,0.906,6.175,18.753,55,46,1.1957,1.0822,15.54
R0002110,2025-03-21 10:00:00,North,Economy,6,0,0.294,0.93,8.185,25.699,46,48,0.9583,1.0,16.99
R0002111,2025-11-16 23:06:00,North,Comfort,16,0,0.994,1.218,9.719,28.328,42,54,0.7778,1.0,27.45
R0002112,2025-07-11 16:04:00,Airport,Economy,21,1,0.023,1.785,8.535,37.651,69,49,1.4082,1.1714,29.66
R0002113,2025-02-25 09:49:00,North,Comfort,21,1,0.639,1.667,17.645,61.839,68,32,2.125,1.4725,82.62
R0002114,2025-08-23 23:26:00,South,Economy,17,0,0.243,1.497,10.658,35.366,64,44,1.4545,1.1909,29.17
R0002115,2025-01-18 09:14:00,North,Comfort,4,1,0.456,0.71,9.357,27.532,48,44,1.0909,1.0382,26.8
R0002116,2025-06-08 08:50:00,Central,Economy,23,0,0.673,1.204,7.407,22.844,48,44,1.0909,1.0382,18.23
R0002117,2025-11-28 05:09:00,Central,Economy,13,1,0.636,1.12,9.851,32.002,64,37,1.7297,1.3065,28.58
R0002118,2025-06-01 00:42:00,North,Premium,13,0,1.309,1.137,6.921,19.599,45,49,0.9184,1.0,25.53
R0002119,2025-07-28 21:36:00,Tech Park,Comfort,16,0,0.026,1.215,8.621,28.392,51,55,0.9273,1.0,25.84
R0002120,2025-01-18 08:21:00,University,Economy,18,0,1.183,1.549,6.437,21.841,68,39,1.7436,1.3123,23.43
R0002121,2025-08-21 20:05:00,South,Economy,22,0,0.699,1.003,5.902,16.906,34,44,0.7727,1.0,12.78
R0002122,2025-07-17 18:48:00,Tech Park,Economy,13,0,1.421,1.212,4.693,13.885,52,34,1.5294,1.2224,14.25
R0002123,2025-02-20 09:43:00,Airport,Premium,14,0,0.598,1.006,6.692,22.891,47,28,1.6786,1.285,35.43
R0002124,2025-10-02 07:24:00,University,Economy,17,0,0.098,1.667,6.454,23.105,62,33,1.8788,1.3691,21.86
R0002125,2025-09-23 03:33:00,Central,Premium,6,0,0.52,1.177,21.246,65.907,45,44,1.0227,1.0095,71.92
R0002126,2025-05-29 13:05:00,Central,Economy,7,0,0.969,1.914,13.405,51.726,76,49,1.551,1.2314,50.8
R0002127,2025-07-25 17:22:00,Central,Comfort,15,0,1.12,1.292,7.216,26.726,57,54,1.0556,1.0233,29.28
R0002128,2025-06-06 03:09:00,Airport,Economy,1,1,0.538,1.076,6.154,17.715,63,45,1.4,1.168,15.84
R0002129,2025-05-03 18:24:00,Tech Park,Economy,7,1,0.476,1.575,10.895,38.901,91,41,2.2195,1.5122,41.95
R0002130,2025-01-27 18:05:00,Central,Premium,17,0,0.688,1.756,22.607,79.583,77,40,1.925,1.3885,135.53
R0002131,2025-09-02 11:24:00,Central,Economy,23,0,1.275,1.195,12.038,37.951,62,36,1.7222,1.3033,36.55
R0002132,2025-03-14 15:36:00,Central,Premium,12,0,0.365,1.074,3.016,12.78,50,50,1.0,1.0,16.28
R0002133,2025-12-02 02:33:00,University,Economy,9,0,0.837,1.792,12.488,40.964,84,37,2.2703,1.5335,46.88
R0002134,2025-12-25 03:47:00,Tech Park,Economy,10,1,3.0,2.115,13.766,52.436,96,39,2.4615,1.6138,71.39
R0002135,2025-12-02 17:41:00,University,Premium,16,0,1.269,1.284,26.039,82.789,40,39,1.0256,1.0108,108.42
R0002136,2025-08-02 23:15:00,University,Comfort,13,0,0.462,0.941,6.776,21.647,27,50,0.54,1.0,17.58
R0002137,2025-01-13 18:27:00,University,Economy,0,0,0.14,1.268,8.383,30.406,48,47,1.0213,1.0089,22.13
R0002138,2025-09-29 09:40:00,North,Economy,12,0,0.799,0.945,9.951,26.154,44,52,0.8462,1.0,17.2
R0002139,2025-02-03 15:58:00,Central,Economy,9,1,1.845,1.961,5.103,23.582,98,44,2.2273,1.5155,27.0
R0002140,2025-10-24 18:51:00,Central,Comfort,16,0,0.539,1.01,4.855,16.764,58,57,1.0175,1.0074,17.67
R0002141,2025-07-19 09:24:00,Central,Economy,21,0,1.391,1.995,9.676,37.217,89,41,2.1707,1.4917,44.46
R0002142,2025-08-01 23:57:00,Tech Park,Economy,23,0,1.303,1.394,3.325,9.022,65,51,1.2745,1.1153,8.09
R0002143,2025-08-17 17:14:00,Airport,Economy,14,1,0.596,1.107,3.765,11.5,57,36,1.5833,1.245,13.14
R0002144,2025-10-03 03:18:00,Central,Comfort,8,0,1.21,2.048,12.166,49.869,68,47,1.4468,1.1877,58.71
R0002145,2025-12-07 20:34:00,Tech Park,Premium,10,1,0.486,1.604,10.215,36.423,74,32,2.3125,1.5512,73.46
R0002146,2025-07-11 02:03:00,Central,Comfort,4,1,0.881,1.317,15.446,50.062,66,35,1.8857,1.372,58.22
R0002147,2025-08-13 21:44:00,Airport,Economy,22,0,0.583,0.974,10.022,28.206,40,38,1.0526,1.0221,18.73
R0002148,2025-10-27 13:59:00,Airport,Economy,20,1,0.184,1.656,7.813,30.129,78,29,2.6897,1.7097,37.87
R0002149,2025-10-19 05:39:00,Tech Park,Economy,20,0,1.211,1.6,15.784,54.995,88,40,2.2,1.504,58.14
R0002150,2025-06-13 11:00:00,Central,Comfort,7,0,0.872,1.71,6.156,22.549,71,46,1.5435,1.2283,26.6
R0002151,2025-09-16 04:05:00,Central,Economy,7,0,0.695,1.666,6.467,23.704,82,50,1.64,1.2688,23.45
R0002152,2025-02-08 15:44:00,Central,Economy,20,0,1.632,2.002,7.497,28.207,89,40,2.225,1.5145,38.12
R0002153,2025-06-08 05:41:00,Tech Park,Economy,13,0,1.231,1.101,9.952,29.42,46,51,0.902,1.0,21.52
R0002154,2025-02-03 01:19:00,Central,Premium,16,0,0.011,1.555,7.488,23.407,43,43,1.0,1.0,28.41
R0002155,2025-05-03 15:20:00,Airport,Economy,11,0,0.706,0.878,3.432,9.736,51,52,0.9808,1.0,7.44
R0002156,2025-06-30 05:38:00,University,Economy,10,0,0.686,1.715,6.708,21.074,64,39,1.641,1.2692,20.5
R0002157,2025-08-22 02:45:00,University,Premium,15,0,0.421,1.128,7.634,25.536,38,46,0.8261,1.0,28.2
R0002158,2025-05-26 08:42:00,Central,Premium,19,0,0.026,1.652,8.274,28.609,81,47,1.7234,1.3038,47.81
R0002159,2025-08-24 13:46:00,Central,Economy,8,0,0.257,1.503,6.067,20.827,87,45,1.9333,1.392,22.77
R0002160,2025-01-22 09:06:00,Central,Comfort,19,1,2.805,2.098,10.258,40.745,97,54,1.7963,1.3344,59.77
R0002161,2025-05-10 21:36:00,Tech Park,Economy,5,1,0.585,1.004,3.203,9.035,46,42,1.0952,1.04,7.66
R0002162,2025-01-29 00:04:00,Central,Economy,9,0,0.922,2.053,9.764,35.97,83,48,1.7292,1.3062,38.32
R0002163,2025-04-22 20:27:00,University,Economy,21,0,0.18,1.468,20.823,70.661,66,48,1.375,1.1575,54.01
R0002164,2025-04-17 20:42:00,Tech Park,Comfort,22,0,0.391,1.044,5.564,21.997,43,49,0.8776,1.0,19.45
R0002165,2025-02-10 23:16:00,South,Comfort,22,1,0.336,0.941,8.018,26.353,55,43,1.2791,1.1172,25.17
R0002166,2025-06-03 13:02:00,Airport,Economy,7,0,0.74,1.539,6.781,27.088,76,48,1.5833,1.245,24.72
R0002167,2025-02-04 18:34:00,University,Economy,20,1,0.41,1.372,6.844,20.653,79,42,1.881,1.37,20.31
R0002168,2025-09-06 16:51:00,Tech Park,Comfort,22,0,3.0,1.661,4.412,16.353,78,42,1.8571,1.36,29.43
R0002169,2025-02-01 23:10:00,Tech Park,Economy,23,0,1.442,1.138,23.228,71.158,55,57,0.9649,1.0,51.02
R0002170,2025-11-19 08:09:00,Airport,Comfort,0,1,1.968,1.211,9.604,34.215,72,41,1.7561,1.3176,45.36
R0002171,2025-09-13 09:53:00,Tech Park,Comfort,17,0,0.589,1.483,5.371,21.297,72,40,1.8,1.336,25.35
R0002172,2025-05-08 15:11:00,Tech Park,Economy,23,1,0.727,1.186,5.045,16.566,63,45,1.4,1.168,14.03
R0002173,2025-07-14 06:09:00,University,Economy,18,0,1.829,1.883,8.035,25.8,50,41,1.2195,1.0922,23.03
R0002174,2025-07-04 14:31:00,South,Economy,5,0,0.377,1.073,2.358,5.934,27,37,0.7297,1.0,5.8
R0002175,2025-11-16 07:29:00,North,Economy,18,0,0.882,1.572,13.861,49.823,68,48,1.4167,1.175,41.39
R0002176,2025-03-15 01:19:00,North,Economy,2,0,0.41,1.152,5.856,18.532,47,34,1.3824,1.1606,18.69
R0002177,2025-02-11 05:59:00,Tech Park,Comfort,11,0,0.925,1.047,9.62,29.542,46,52,0.8846,1.0,27.6
R0002178,2025-06-06 22:18:00,University,Comfort,15,0,0.117,1.034,9.871,31.758,27,41,0.6585,1.0,23.99
R0002179,2025-12-31 16:06:00,South,Economy,10,0,0.318,1.582,13.209,48.833,62,43,1.4419,1.1856,40.37
R0002180,2025-04-17 07:36:00,Central,Comfort,16,0,0.741,0.83,10.185,27.848,53,47,1.1277,1.0536,23.89
R0002181,2025-06-15 03:12:00,Airport,Economy,5,0,0.823,1.513,11.69,41.804,71,56,1.2679,1.1125,33.73
R0002182,2025-11-03 16:27:00,South,Comfort,14,0,1.116,1.304,13.606,48.021,43,51,0.8431,1.0,42.69
R0002183,2025-10-15 02:56:00,University,Economy,15,0,0.151,1.06,6.478,23.755,51,44,1.1591,1.0668,18.17
R0002184,2025-03-11 19:49:00,Airport,Economy,15,0,0.715,1.19,25.362,77.97,48,47,1.0213,1.0089,52.48
R0002185,2025-03-25 19:10:00,North,Economy,6,1,0.074,1.383,9.432,32.569,51,45,1.1333,1.056,23.33
R0002186,2025-03-03 16:30:00,University,Economy,7,0,0.434,1.833,7.649,30.749,66,33,2.0,1.42,29.86
R0002187,2025-04-27 07:06:00,North,Premium,6,0,0.607,1.172,4.891,16.444,37,39,0.9487,1.0,19.91
R0002188,2025-03-30 21:36:00,Central,Economy,11,1,0.524,0.967,6.932,20.859,65,39,1.6667,1.28,20.12
R0002189,2025-02-14 13:16:00,Central,Economy,14,0,2.167,1.291,9.689,28.188,87,45,1.9333,1.392,32.26
R0002190,2025-01-22 08:51:00,North,Comfort,8,0,0.613,1.336,8.186,25.671,58,31,1.871,1.3658,36.48
R0002191,2025-05-09 19:32:00,Airport,Economy,9,0,0.986,1.661,21.223,73.445,73,35,2.0857,1.456,74.85
R0002192,2025-04-08 01:21:00,Tech Park,Economy,6,0,0.744,1.253,6.268,18.251,48,53,0.9057,1.0,15.57
R0002193,2025-05-17 00:46:00,South,Economy,5,0,0.576,1.218,11.287,36.561,39,43,0.907,1.0,23.9
R0002194,2025-04-15 11:28:00,South,Economy,15,1,0.925,1.277,4.183,16.522,53,46,1.1522,1.0639,12.43
R0002195,2025-04-29 12:40:00,South,Comfort,19,1,0.684,1.58,25.81,88.16,63,42,1.5,1.21,98.49
R0002196,2025-02-07 00:10:00,Airport,Economy,6,0,0.631,1.213,4.029,9.064,44,45,0.9778,1.0,7.49
R0002197,2025-11-27 23:39:00,Central,Economy,20,0,0.475,1.784,24.309,87.933,80,43,1.8605,1.3614,75.28
R0002198,2025-03-29 05:45:00,Central,Economy,13,1,0.377,0.667,7.209,20.968,52,43,1.2093,1.0879,13.36
R0002199,2025-11-07 01:23:00,Airport,Premium,4,0,0.324,1.113,2.273,8.763,42,38,1.1053,1.0442,13.06
R0002200,2025-09-24 21:29:00,Tech Park,Comfort,8,0,0.632,2.038,16.34,61.721,81,41,1.9756,1.4098,81.2
R0002201,2025-02-08 19:47:00,Central,Economy,0,0,0.591,1.054,8.128,22.791,52,50,1.04,1.0168,13.89
R0002202,2025-06-16 07:51:00,Tech Park,Comfort,0,0,1.787,0.868,6.053,20.324,55,44,1.25,1.105,26.22
R0002203,2025-05-24 00:55:00,Central,Economy,8,0,0.1,1.422,11.055,38.297,69,33,2.0909,1.4582,31.84
R0002204,2025-06-28 22:08:00,Airport,Economy,10,0,2.298,1.637,11.195,38.528,95,40,2.375,1.5775,48.22
R0002205,2025-04-26 07:53:00,Central,Comfort,19,0,0.157,1.464,9.757,30.342,68,52,1.3077,1.1292,34.22
R0002206,2025-08-21 01:43:00,North,Premium,3,0,0.569,0.882,14.502,42.592,42,36,1.1667,1.07,52.34
R0002207,2025-12-06 13:59:00,South,Economy,20,1,0.831,1.867,8.925,31.987,80,34,2.3529,1.5682,43.44
R0002208,2025-04-25 03:42:00,Tech Park,Comfort,5,0,0.205,1.177,11.104,36.216,61,48,1.2708,1.1138,36.14
R0002209,2025-08-08 17:16:00,Central,Comfort,3,0,0.152,1.089,5.83,19.196,69,42,1.6429,1.27,19.99
R0002210,2025-04-26 12:06:00,South,Comfort,16,0,0.51,1.312,11.835,43.534,32,49,0.6531,1.0,39.6
R0002211,2025-11-21 21:23:00,Tech Park,Comfort,18,0,1.008,1.63,5.844,21.404,79,49,1.6122,1.2571,26.39
R0002212,2025-04-24 09:17:00,Central,Economy,14,1,1.245,1.237,4.185,18.883,59,53,1.1132,1.0475,14.91
R0002213,2025-06-01 01:23:00,Airport,Premium,2,1,0.124,1.417,6.935,24.251,49,41,1.1951,1.082,29.55
R0002214,2025-04-28 14:04:00,Central,Economy,2,0,0.489,1.193,6.675,20.486,54,48,1.125,1.0525,14.63
R0002215,2025-08-14 19:12:00,Airport,Economy,9,0,0.056,1.665,12.939,44.015,63,37,1.7027,1.2951,40.01
R0002216,2025-12-09 01:56:00,University,Economy,10,0,0.211,1.45,3.493,11.036,51,37,1.3784,1.1589,9.53
R0002217,2025-02-20 14:48:00,North,Comfort,23,0,1.538,1.202,14.175,45.984,47,35,1.3429,1.144,44.81
R0002218,2025-04-30 14:32:00,South,Economy,6,0,0.79,0.962,5.514,17.596,49,52,0.9423,1.0,14.0
R0002219,2025-02-12 15:41:00,Tech Park,Economy,4,0,0.234,1.345,2.002,3.848,48,53,0.9057,1.0,4.9
R0002220,2025-07-19 14:55:00,North,Comfort,22,0,1.423,0.976,3.999,15.258,47,45,1.0444,1.0187,17.55
R0002221,2025-08-12 17:07:00,South,Economy,3,0,0.275,1.214,6.559,24.964,36,53,0.6792,1.0,15.61
R0002222,2025-09-10 12:44:00,Airport,Economy,0,0,0.557,1.205,9.918,27.922,45,53,0.8491,1.0,21.81
R0002223,2025-07-25 19:27:00,North,Economy,10,0,0.038,1.268,7.219,26.307,50,38,1.3158,1.1326,21.4
R0002224,2025-10-04 01:46:00,Airport,Comfort,9,0,0.235,1.798,3.994,19.494,64,34,1.8824,1.3706,27.0
R0002225,2025-11-23 02:36:00,Central,Economy,14,0,0.726,1.084,5.062,12.591,66,32,2.0625,1.4462,13.16
R0002226,2025-01-15 10:48:00,Central,Economy,21,0,0.695,1.437,4.031,13.659,76,48,1.5833,1.245,14.11
R0002227,2025-09-08 16:41:00,Tech Park,Economy,22,0,0.376,1.133,8.956,26.618,56,46,1.2174,1.0913,21.88
R0002228,2025-10-25 17:27:00,Tech Park,Premium,6,0,0.505,0.943,7.39,24.716,49,45,1.0889,1.0373,29.11
R0002229,2025-03-19 15:58:00,Tech Park,Comfort,23,0,1.073,1.156,10.887,33.606,56,43,1.3023,1.127,30.73
R0002230,2025-02-01 23:00:00,Airport,Economy,15,1,0.467,0.993,2.934,8.991,54,53,1.0189,1.0079,7.02
R0002231,2025-07-10 02:50:00,University,Comfort,1,1,0.832,0.992,5.791,19.179,54,47,1.1489,1.0626,17.74
R0002232,2025-07-08 17:16:00,Airport,Comfort,22,0,0.314,0.843,23.709,70.513,48,43,1.1163,1.0488,57.64
R0002233,2025-01-16 10:05:00,Tech Park,Comfort,3,0,0.55,1.242,11.052,35.691,49,52,0.9423,1.0,28.56
R0002234,2025-05-07 14:34:00,Tech Park,Economy,14,0,0.033,1.064,6.6,19.967,48,44,1.0909,1.0382,15.85
R0002235,2025-08-28 02:02:00,South,Economy,18,0,0.34,1.658,4.513,16.486,52,39,1.3333,1.14,15.99
R0002236,2025-02-05 18:46:00,North,Comfort,5,0,0.612,1.045,14.286,44.917,37,46,0.8043,1.0,36.45
R0002237,2025-02-14 16:34:00,Tech Park,Economy,6,0,0.52,1.103,18.047,52.484,45,49,0.9184,1.0,32.9
R0002238,2025-04-03 16:56:00,Tech Park,Economy,11,0,0.313,0.924,4.13,13.173,45,48,0.9375,1.0,8.75
R0002239,2025-06-01 15:00:00,Central,Economy,21,0,0.181,1.447,4.35,13.706,78,49,1.5918,1.2486,14.56
R0002240,2025-06-10 19:40:00,Tech Park,Economy,5,0,0.631,1.421,9.055,28.357,44,59,0.7458,1.0,18.49
R0002241,2025-01-15 01:18:00,Airport,Economy,15,0,0.503,1.25,9.533,26.891,43,42,1.0238,1.01,17.65
R0002242,2025-05-05 23:29:00,North,Economy,10,0,0.761,1.586,10.13,34.79,68,41,1.6585,1.2766,32.27
R0002243,2025-09-01 08:18:00,South,Comfort,2,0,0.265,0.778,21.41,61.929,38,47,0.8085,1.0,47.39
R0002244,2025-06-18 16:58:00,Tech Park,Comfort,17,0,0.937,1.412,4.553,11.935,63,41,1.5366,1.2254,19.16
R0002245,2025-09-07 16:23:00,North,Economy,19,0,0.148,1.462,7.94,28.841,46,41,1.122,1.0512,19.36
R0002246,2025-07-15 12:36:00,Central,Economy,13,0,0.085,1.035,11.55,33.907,49,46,1.0652,1.0274,24.07
R0002247,2025-02-23 08:32:00,North,Economy,4,0,1.548,1.3,11.481,35.385,41,65,0.6308,1.0,28.38
R0002248,2025-03-26 04:44:00,Central,Economy,3,0,0.16,1.055,5.44,18.288,49,40,1.225,1.0945,11.77
R0002249,2025-03-06 00:20:00,South,Comfort,10,1,0.636,1.725,5.559,23.928,63,34,1.8529,1.3582,31.23
R0002250,2025-08-23 13:47:00,North,Economy,12,0,0.417,0.888,6.034,21.721,39,39,1.0,1.0,13.36
R0002251,2025-04-28 16:59:00,Tech Park,Comfort,13,0,1.578,1.555,19.824,68.974,46,45,1.0222,1.0093,69.29
R0002252,2025-07-03 11:58:00,Central,Premium,5,0,0.968,1.139,4.535,15.032,66,33,2.0,1.42,28.2
R0002253,2025-12-30 06:07:00,Central,Economy,12,1,0.089,1.069,6.499,21.59,55,47,1.1702,1.0715,17.51
R0002254,2025-02-13 03:23:00,North,Comfort,7,1,1.958,1.784,11.9,49.39,62,35,1.7714,1.324,70.8
R0002255,2025-11-20 15:16:00,Airport,Economy,16,1,1.266,1.284,4.268,14.264,58,41,1.4146,1.1741,17.11
R0002256,2025-08-02 09:00:00,Central,Economy,19,0,0.367,1.99,8.952,37.491,80,43,1.8605,1.3614,34.72
R0002257,2025-06-19 03:05:00,Central,Economy,15,0,0.145,0.848,2.733,7.769,51,49,1.0408,1.0171,5.36
R0002258,2025-08-27 10:14:00,North,Economy,0,0,0.677,0.921,8.636,24.137,35,45,0.7778,1.0,14.91
R0002259,2025-10-22 09:41:00,Central,Comfort,23,0,0.712,0.973,7.995,28.39,53,51,1.0392,1.0165,27.92
R0002260,2025-08-27 19:12:00,South,Economy,0,0,0.044,0.948,8.499,25.778,34,32,1.0625,1.0263,18.92
R0002261,2025-01-02 11:30:00,University,Economy,23,0,0.634,1.02,4.817,16.045,39,52,0.75,1.0,13.38
R0002262,2025-11-27 08:07:00,South,Economy,0,0,1.183,1.026,8.804,28.428,48,37,1.2973,1.1249,24.18
R0002263,2025-02-12 13:04:00,Central,Economy,12,1,0.603,1.1,7.603,22.228,64,40,1.6,1.252,19.44
R0002264,2025-06-22 13:12:00,Airport,Comfort,2,0,0.515,1.374,15.871,51.604,45,51,0.8824,1.0,45.4
R0002265,2025-09-23 21:18:00,Central,Economy,2,0,0.457,1.055,11.032,32.599,53,50,1.06,1.0252,23.19
R0002266,2025-10-22 04:16:00,South,Economy,16,0,0.23,1.024,3.501,12.455,40,44,0.9091,1.0,9.89
R0002267,2025-11-23 20:53:00,Tech Park,Economy,17,1,1.384,1.861,4.914,20.153,77,40,1.925,1.3885,22.55
R0002268,2025-08-19 01:48:00,Airport,Comfort,2,1,0.389,1.187,5.535,17.107,42,48,0.875,1.0,19.19
R0002269,2025-02-11 22:53:00,Central,Comfort,23,0,0.677,1.369,8.578,33.528,53,42,1.2619,1.11,31.04
R0002270,2025-05-15 14:52:00,Central,Economy,7,1,0.111,1.613,7.078,25.655,84,44,1.9091,1.3818,24.44
R0002271,2025-10-14 02:58:00,Central,Economy,7,1,0.498,1.639,7.062,26.042,88,27,3.2593,1.9489,40.22
R0002272,2025-10-30 22:30:00,University,Economy,7,1,0.868,1.528,36.589,125.0,75,25,3.0,1.84,155.78
R0002273,2025-01-22 15:20:00,Central,Comfort,11,1,0.38,1.202,5.859,17.569,62,50,1.24,1.1008,16.33
R0002274,2025-05-18 20:24:00,Airport,Economy,4,0,0.391,0.918,16.693,47.605,39,39,1.0,1.0,24.8
R0002275,2025-05-08 05:28:00,Central,Economy,10,1,0.549,1.491,7.163,25.892,98,35,2.8,1.756,30.98
R0002276,2025-11-13 13:43:00,Central,Premium,5,0,0.838,1.186,2.344,5.421,50,48,1.0417,1.0175,9.62
R0002277,2025-10-07 23:24:00,Central,Economy,1,1,0.63,1.391,8.63,28.871,64,44,1.4545,1.1909,24.67
R0002278,2025-09-02 01:22:00,North,Economy,8,0,2.527,2.136,14.376,61.58,73,34,2.1471,1.4818,75.72
R0002279,2025-06-24 15:20:00,Central,Economy,16,1,1.55,1.272,11.006,39.986,89,39,2.2821,1.5385,45.87
R0002280,2025-01-29 13:26:00,Airport,Economy,18,1,0.308,1.429,8.943,32.668,83,31,2.6774,1.7045,37.98
R0002281,2025-09-29 19:38:00,South,Premium,8,0,1.323,2.062,7.87,34.03,50,43,1.1628,1.0684,52.71
R0002282,2025-08-24 10:10:00,North,Premium,7,1,0.043,1.548,5.918,22.501,68,46,1.4783,1.2009,34.2
R0002283,2025-04-14 12:13:00,Airport,Economy,18,0,0.415,1.572,12.717,43.618,75,35,2.1429,1.48,38.91
R0002284,2025-05-03 18:27:00,University,Premium,16,0,0.079,1.114,6.118,23.45,41,42,0.9762,1.0,26.99
R0002285,2025-09-02 04:06:00,Central,Economy,19,0,0.92,1.635,5.462,18.201,65,40,1.625,1.2625,18.45
R0002286,2025-01-16 00:43:00,University,Economy,21,1,0.38,1.483,9.736,35.861,71,32,2.2188,1.5119,37.58
R0002287,2025-10-16 03:48:00,University,Comfort,19,0,0.134,1.456,6.586,22.032,52,42,1.2381,1.1,22.03
R0002288,2025-08-04 18:36:00,North,Economy,22,0,1.088,1.077,15.713,47.109,48,42,1.1429,1.06,30.15
R0002289,2025-03-14 12:35:00,Central,Economy,9,0,0.16,1.376,10.044,35.023,78,46,1.6957,1.2922,31.06
R0002290,2025-07-15 16:54:00,Tech Park,Economy,9,0,1.002,1.507,5.064,22.843,74,33,2.2424,1.5218,27.68
R0002291,2025-03-09 21:57:00,Central,Economy,7,0,0.696,1.85,4.139,19.637,67,35,1.9143,1.384,18.41
R0002292,2025-04-20 06:37:00,Central,Premium,5,1,0.455,1.202,5.666,19.651,74,44,1.6818,1.2864,34.17
R0002293,2025-01-17 10:18:00,South,Economy,17,0,1.211,1.62,28.103,97.943,70,46,1.5217,1.2191,86.19
R0002294,2025-10-31 02:07:00,North,Economy,17,1,0.202,1.746,6.816,27.31,57,29,1.9655,1.4055,25.87
R0002295,2025-05-20 11:51:00,Tech Park,Premium,19,0,0.056,1.616,11.788,44.858,85,32,2.6562,1.6956,85.87
R0002296,2025-09-06 05:38:00,Tech Park,Economy,4,1,0.148,0.968,3.788,8.511,54,48,1.125,1.0525,8.37
R0002297,2025-01-06 02:23:00,University,Economy,11,0,2.503,1.23,4.282,14.473,60,32,1.875,1.3675,18.58
R0002298,2025-11-11 09:11:00,Tech Park,Economy,5,0,0.234,1.103,7.003,20.11,45,45,1.0,1.0,15.52
R0002299,2025-07-12 11:34:00,South,Economy,21,0,0.358,1.95,19.798,74.426,57,31,1.8387,1.3523,70.65
R0002300,2025-03-01 17:08:00,North,Economy,6,0,1.831,1.332,3.819,10.887,27,31,0.871,1.0,11.56
R0002301,2025-04-12 06:32:00,University,Economy,3,0,0.359,1.244,5.494,14.6,43,46,0.9348,1.0,9.75
R0002302,2025-05-28 11:39:00,University,Economy,13,1,0.943,1.132,12.755,37.014,34,44,0.7727,1.0,25.54
R0002303,2025-12-28 00:07:00,Tech Park,Economy,21,0,1.996,2.075,18.651,71.417,77,34,2.2647,1.5312,87.77
R0002304,2025-11-26 07:23:00,Tech Park,Comfort,21,0,0.816,1.67,9.881,37.07,87,43,2.0233,1.4298,49.66
R0002305,2025-11-15 05:54:00,South,Premium,2,0,0.536,0.663,11.265,29.157,37,44,0.8409,1.0,35.37
R0002306,2025-03-09 12:02:00,Central,Economy,7,1,1.118,1.621,4.743,15.855,96,38,2.5263,1.6411,24.11
R0002307,2025-07-20 14:54:00,University,Premium,3,0,0.021,1.028,3.752,13.34,43,57,0.7544,1.0,14.92
R0002308,2025-01-12 22:29:00,Airport,Comfort,7,0,0.354,1.809,4.136,16.969,76,47,1.617,1.2591,21.78
R0002309,2025-11-25 04:19:00,Central,Premium,12,0,1.571,1.255,4.805,20.221,66,43,1.5349,1.2247,32.07
R0002310,2025-01-22 20:07:00,North,Comfort,6,0,0.237,1.048,8.794,29.418,31,34,0.9118,1.0,24.4
R0002311,2025-12-18 10:00:00,South,Economy,1,0,0.627,1.007,3.972,10.785,27,50,0.54,1.0,6.69
R0002312,2025-03-10 23:03:00,South,Economy,12,0,0.952,1.452,8.915,29.306,32,44,0.7273,1.0,22.49
R0002313,2025-08-08 01:26:00,Central,Premium,1,0,0.404,1.343,6.532,23.988,60,40,1.5,1.21,40.65
R0002314,2025-10-27 02:15:00,Airport,Economy,5,0,0.963,1.052,5.701,16.332,53,48,1.1042,1.0438,14.24
R0002315,2025-05-11 14:55:00,Central,Premium,0,0,0.7,0.853,12.639,35.861,59,55,1.0727,1.0305,48.37
R0002316,2025-04-17 11:15:00,Central,Comfort,2,0,1.135,0.879,4.584,10.559,57,45,1.2667,1.112,15.28
R0002317,2025-11-19 04:55:00,Airport,Economy,10,1,0.701,1.785,17.11,59.657,85,36,2.3611,1.5717,63.7
R0002318,2025-09-04 21:32:00,Tech Park,Economy,20,0,0.033,1.58,12.268,45.897,65,35,1.8571,1.36,41.81
R0002319,2025-04-08 07:41:00,Central,Premium,18,0,0.26,1.456,4.506,16.683,80,55,1.4545,1.1909,26.53
R0002320,2025-01-02 20:55:00,Central,Economy,2,0,0.165,1.079,15.048,44.76,44,40,1.1,1.042,31.32
R0002321,2025-04-30 17:55:00,Central,Comfort,0,0,1.792,1.101,4.223,13.034,57,53,1.0755,1.0317,13.99
R0002322,2025-04-03 07:29:00,North,Premium,8,1,0.139,1.718,15.819,60.803,57,42,1.3571,1.15,82.62
R0002323,2025-08-26 05:25:00,Tech Park,Economy,15,0,0.397,1.003,9.329,27.13,44,40,1.1,1.042,22.63
R0002324,2025-05-23 18:00:00,Central,Economy,17,0,0.777,1.495,3.259,13.365,88,42,2.0952,1.46,13.88
R0002325,2025-01-12 23:55:00,Central,Economy,19,0,0.317,1.541,3.81,16.217,73,49,1.4898,1.2057,16.91
R0002326,2025-08-27 03:26:00,Tech Park,Comfort,8,0,0.375,1.545,6.217,25.589,82,36,2.2778,1.5367,38.66
R0002327,2025-02-12 19:55:00,Airport,Economy,4,1,0.701,1.192,12.52,37.976,54,42,1.2857,1.12,25.21
R0002328,2025-02-13 21:54:00,Tech Park,Economy,0,0,0.237,1.253,7.072,20.447,45,47,0.9574,1.0,13.72
R0002329,2025-07-22 10:05:00,University,Economy,3,0,0.624,1.313,6.976,21.156,49,42,1.1667,1.07,16.46
R0002330,2025-04-26 03:20:00,South,Economy,1,1,1.087,1.224,7.941,27.653,43,51,0.8431,1.0,21.91
R0002331,2025-02-20 18:56:00,University,Economy,20,1,0.281,1.567,2.593,14.65,53,25,2.12,1.4704,16.86
R0002332,2025-08-26 04:31:00,North,Economy,6,0,0.157,0.926,12.223,37.861,27,59,0.4576,1.0,22.67
R0002333,2025-11-09 12:47:00,North,Comfort,19,0,2.104,1.61,16.229,55.535,73,52,1.4038,1.1696,66.17
R0002334,2025-02-27 07:33:00,Airport,Economy,13,0,2.127,1.379,11.991,42.755,57,40,1.425,1.1785,39.46
R0002335,2025-11-15 22:56:00,Airport,Comfort,12,1,0.514,0.939,6.154,17.997,47,39,1.2051,1.0862,18.13
R0002336,2025-01-26 10:02:00,Central,Premium,10,0,0.607,1.878,4.774,17.08,77,48,1.6042,1.2538,32.6
R0002337,2025-07-07 04:44:00,North,Economy,19,0,0.602,1.622,4.284,15.461,56,49,1.1429,1.06,13.52
R0002338,2025-09-20 22:12:00,North,Economy,1,1,0.35,1.197,4.165,13.0,43,36,1.1944,1.0817,12.48
R0002339,2025-02-03 17:26:00,Central,Economy,2,0,0.501,1.003,26.991,78.306,51,53,0.9623,1.0,45.37
R0002340,2025-12-07 19:45:00,South,Economy,10,0,0.034,1.435,7.438,28.507,46,42,1.0952,1.04,20.75
R0002341,2025-04-13 05:44:00,Central,Economy,9,0,0.1,1.677,12.776,44.766,78,43,1.814,1.3419,39.15
R0002342,2025-10-09 05:34:00,Central,Economy,13,1,0.378,1.118,12.395,35.196,69,33,2.0909,1.4582,33.22
R0002343,2025-08-02 01:48:00,Central,Economy,17,0,0.284,1.659,8.402,31.861,82,35,2.3429,1.564,38.27
R0002344,2025-05-13 08:20:00,Tech Park,Economy,14,0,0.122,1.005,4.653,12.915,42,45,0.9333,1.0,8.98
R0002345,2025-01-21 01:47:00,North,Economy,6,0,0.499,1.232,10.332,31.471,39,35,1.1143,1.048,21.68
R0002346,2025-11-14 17:58:00,Tech Park,Comfort,7,1,0.988,1.844,4.283,18.535,90,47,1.9149,1.3843,24.18
R0002347,2025-05-10 06:24:00,Airport,Economy,18,1,0.237,1.201,10.819,33.125,73,32,2.2812,1.5381,32.08
R0002348,2025-07-03 16:40:00,North,Economy,4,0,0.701,1.08,4.392,13.538,34,46,0.7391,1.0,8.17
R0002349,2025-03-07 05:14:00,University,Economy,12,0,0.388,1.253,6.111,20.627,39,45,0.8667,1.0,17.1
R0002350,2025-05-30 06:08:00,Airport,Economy,12,1,1.132,1.02,6.106,18.681,53,46,1.1522,1.0639,16.07
R0002351,2025-07-30 07:46:00,North,Economy,18,1,0.088,1.261,16.767,52.903,55,41,1.3415,1.1434,40.2
R0002352,2025-12-24 18:52:00,Airport,Economy,17,0,0.147,1.552,2.037,3.206,71,48,1.4792,1.2012,6.67
R0002353,2025-11-15 07:19:00,Central,Economy,11,0,0.365,1.159,27.992,86.09,49,44,1.1136,1.0477,52.53
R0002354,2025-12-12 04:41:00,North,Economy,7,1,0.192,1.502,4.987,21.637,65,35,1.8571,1.36,22.6
R0002355,2025-11-25 01:43:00,Central,Premium,8,1,1.433,2.041,7.258,30.355,87,45,1.9333,1.392,59.42
R0002356,2025-04-03 09:18:00,North,Economy,9,0,0.096,1.899,9.751,36.402,65,32,2.0312,1.4331,38.27
R0002357,2025-02-05 15:57:00,University,Economy,5,0,0.351,0.717,9.302,27.27,43,54,0.7963,1.0,12.66
R0002358,2025-06-15 08:51:00,Central,Economy,15,0,2.477,1.377,12.354,42.663,56,50,1.12,1.0504,32.36
R0002359,2025-02-04 13:19:00,Airport,Comfort,5,1,0.085,0.605,10.867,27.508,47,47,1.0,1.0,21.84
R0002360,2025-09-05 00:21:00,Tech Park,Premium,15,0,0.549,1.218,23.816,77.74,58,53,1.0943,1.0396,93.18
R0002361,2025-09-22 22:35:00,North,Economy,18,0,0.396,1.499,11.616,40.471,63,40,1.575,1.2415,30.46
R0002362,2025-09-29 15:44:00,University,Economy,23,0,0.798,1.058,7.282,22.291,26,39,0.6667,1.0,20.53
R0002363,2025-01-03 06:09:00,Central,Economy,2,1,0.727,1.338,5.731,23.262,59,42,1.4048,1.17,22.2
R0002364,2025-01-03 16:34:00,South,Comfort,18,1,0.685,1.434,5.65,15.42,81,40,2.025,1.4305,25.28
R0002365,2025-07-01 10:31:00,University,Economy,2,1,1.198,0.931,15.82,43.868,55,50,1.1,1.042,35.03
R0002366,2025-06-02 14:22:00,Central,Premium,8,0,1.172,1.351,20.396,68.148,76,40,1.9,1.378,116.65
R0002367,2025-08-29 21:26:00,Tech Park,Economy,4,1,0.28,1.279,13.494,45.317,52,49,1.0612,1.0257,27.33
R0002368,2025-09-18 15:27:00,South,Economy,3,1,0.268,1.235,1.363,9.347,56,36,1.5556,1.2333,10.48
R0002369,2025-05-22 19:58:00,Tech Park,Economy,4,0,0.95,1.118,2.257,3.309,58,53,1.0943,1.0396,4.72
R0002370,2025-10-23 01:10:00,Central,Economy,1,0,0.628,0.884,7.736,25.057,57,48,1.1875,1.0788,18.24
R0002371,2025-06-05 18:29:00,North,Economy,19,1,0.742,1.834,7.087,24.336,66,35,1.8857,1.372,27.92
R0002372,2025-09-07 13:08:00,Central,Comfort,1,0,0.557,1.596,7.853,29.176,57,60,0.95,1.0,26.27
R0002373,2025-06-10 14:25:00,University,Economy,9,0,0.326,1.566,15.463,53.642,51,38,1.3421,1.1437,39.09
R0002374,2025-01-30 00:12:00,Airport,Economy,16,0,0.908,0.947,15.045,46.322,45,55,0.8182,1.0,33.12
R0002375,2025-04-19 00:13:00,Airport,Comfort,23,0,0.224,1.264,8.552,27.702,55,45,1.2222,1.0933,25.26
R0002376,2025-12-20 04:17:00,University,Premium,20,0,2.518,1.799,3.36,15.75,76,39,1.9487,1.3985,34.1
R0002377,2025-06-03 13:12:00,Central,Comfort,3,1,2.333,1.354,3.951,12.325,57,34,1.6765,1.2841,19.19
R0002378,2025-08-01 08:57:00,South,Comfort,23,0,2.965,1.059,8.061,25.101,53,54,0.9815,1.0,28.81
R0002379,2025-10-21 04:39:00,Central,Economy,15,1,0.668,1.066,9.769,30.8,57,50,1.14,1.0588,23.91
R0002380,2025-07-19 19:12:00,South,Premium,4,0,0.373,0.837,3.977,16.171,40,56,0.7143,1.0,18.11
R0002381,2025-11-02 03:44:00,Central,Economy,10,0,1.714,2.085,11.171,46.03,85,49,1.7347,1.3086,44.16
R0002382,2025-02-19 15:58:00,North,Premium,22,1,0.569,0.927,2.963,10.358,46,36,1.2778,1.1167,17.4
R0002383,2025-08-07 06:49:00,South,Comfort,9,0,1.131,1.894,1.795,9.479,71,39,1.8205,1.3446,12.31
R0002384,2025-05-25 07:30:00,Central,Economy,4,0,1.124,1.183,4.8,18.559,59,41,1.439,1.1844,17.74
R0002385,2025-04-21 21:17:00,Central,Economy,21,1,0.232,1.614,16.53,58.893,77,44,1.75,1.315,50.73
R0002386,2025-05-21 03:48:00,Central,Comfort,22,0,0.89,1.254,17.944,55.158,62,44,1.4091,1.1718,58.36
R0002387,2025-05-29 00:28:00,Tech Park,Comfort,23,0,1.083,1.185,3.231,12.761,51,28,1.8214,1.345,18.65
R0002388,2025-06-02 00:20:00,Central,Economy,22,0,0.505,0.974,3.37,11.136,48,47,1.0213,1.0089,8.9
R0002389,2025-09-14 19:14:00,Central,Premium,20,1,0.098,1.421,11.805,39.187,86,43,2.0,1.42,64.28
R0002390,2025-11-19 08:43:00,Central,Economy,10,0,1.746,1.956,6.096,22.403,70,41,1.7073,1.2971,26.0
R0002391,2025-06-23 00:22:00,North,Economy,4,0,2.475,1.103,16.469,51.981,42,43,0.9767,1.0,39.99
R0002392,2025-07-25 16:27:00,Tech Park,Economy,14,1,0.605,1.411,11.7,40.642,55,45,1.2222,1.0933,23.89
R0002393,2025-02-14 13:26:00,North,Economy,5,0,0.411,1.098,12.859,37.755,33,41,0.8049,1.0,24.83
R0002394,2025-06-03 16:34:00,University,Economy,11,0,0.636,1.054,4.943,13.627,31,43,0.7209,1.0,12.33
R0002395,2025-08-31 14:25:00,Tech Park,Premium,15,0,0.346,1.11,9.915,35.345,48,51,0.9412,1.0,38.7
R0002396,2025-10-18 12:41:00,Tech Park,Economy,22,0,0.073,0.906,23.547,69.804,56,43,1.3023,1.127,48.32
R0002397,2025-02-04 02:38:00,Tech Park,Comfort,6,0,1.212,1.186,8.4,27.38,54,48,1.125,1.0525,29.67
R0002398,2025-07-15 02:17:00,Central,Comfort,6,0,0.932,0.964,7.578,24.578,51,65,0.7846,1.0,22.99
R0002399,2025-12-27 09:38:00,University,Economy,17,0,0.299,1.671,6.113,21.686,55,40,1.375,1.1575,19.12
R0002400,2025-06-04 06:27:00,Tech Park,Comfort,0,0,2.116,1.367,3.219,11.458,51,41,1.2439,1.1024,13.14
R0002401,2025-04-28 01:04:00,South,Comfort,13,0,0.528,1.129,4.244,14.32,44,34,1.2941,1.1235,15.76
R0002402,2025-09-15 05:04:00,Central,Economy,17,0,0.615,1.928,4.756,21.166,69,37,1.8649,1.3632,23.87
R0002403,2025-02-27 18:46:00,Central,Economy,13,0,0.457,0.938,3.144,7.343,47,51,0.9216,1.0,6.48
R0002404,2025-08-12 05:04:00,South,Economy,9,0,1.354,1.77,3.324,11.071,59,28,2.1071,1.465,15.3
R0002405,2025-08-06 12:21:00,North,Economy,19,1,0.903,1.415,2.021,5.379,54,34,1.5882,1.2471,8.82
R0002406,2025-05-21 23:27:00,Tech Park,Economy,8,0,0.034,1.655,5.051,20.838,61,42,1.4524,1.19,18.78
R0002407,2025-10-03 19:34:00,North,Economy,17,0,0.566,1.649,11.261,40.147,62,41,1.5122,1.2151,35.36
R0002408,2025-04-09 12:46:00,North,Premium,11,0,1.115,1.204,6.527,19.543,42,35,1.2,1.084,25.17
R0002409,2025-09-20 05:49:00,Central,Comfort,0,1,0.074,0.985,6.543,19.904,62,53,1.1698,1.0713,19.76
R0002410,2025-07-16 06:13:00,Central,Comfort,12,0,1.105,1.095,11.843,35.41,60,66,0.9091,1.0,29.26
R0002411,2025-04-08 15:18:00,Airport,Premium,1,1,0.921,1.615,19.667,65.659,60,37,1.6216,1.2611,102.26
R0002412,2025-12-24 08:27:00,Tech Park,Economy,22,0,0.185,1.04,27.122,83.851,52,52,1.0,1.0,57.03
R0002413,2025-07-17 04:03:00,South,Economy,14,0,0.442,1.133,8.411,26.512,41,45,0.9111,1.0,19.48
R0002414,2025-09-17 16:12:00,University,Comfort,8,1,0.119,1.366,6.653,25.688,70,45,1.5556,1.2333,28.7
R0002415,2025-09-10 14:19:00,Tech Park,Economy,11,0,0.304,1.214,6.189,17.387,46,45,1.0222,1.0093,11.77
R0002416,2025-11-30 17:45:00,Tech Park,Economy,14,0,0.434,1.056,10.753,34.304,61,42,1.4524,1.19,30.36
R0002417,2025-10-25 04:39:00,North,Comfort,6,1,0.994,1.259,7.128,20.568,51,36,1.4167,1.175,24.66
R0002418,2025-03-09 06:51:00,Tech Park,Economy,6,0,1.17,1.373,7.142,29.856,61,41,1.4878,1.2049,21.46
R0002419,2025-06-26 17:52:00,University,Economy,10,0,0.694,1.656,7.407,23.307,55,35,1.5714,1.24,21.1
R0002420,2025-09-07 22:41:00,Tech Park,Economy,6,0,0.415,0.953,4.627,18.683,47,56,0.8393,1.0,13.71
R0002421,2025-01-03 21:44:00,Airport,Economy,18,0,1.076,1.325,2.154,8.297,75,40,1.875,1.3675,10.84
R0002422,2025-04-12 02:49:00,South,Economy,2,1,0.617,1.041,5.376,16.877,43,42,1.0238,1.01,14.78
R0002423,2025-06-04 04:45:00,Central,Economy,19,0,0.766,1.565,17.316,61.329,69,40,1.725,1.3045,51.23
R0002424,2025-03-08 08:31:00,Airport,Comfort,8,1,1.219,1.564,16.874,56.454,66,46,1.4348,1.1826,63.5
R0002425,2025-08-13 07:55:00,Tech Park,Premium,13,0,1.022,1.445,13.025,45.932,47,40,1.175,1.0735,59.58
R0002426,2025-04-20 22:35:00,Tech Park,Economy,3,1,0.762,1.314,5.921,22.138,60,36,1.6667,1.28,21.23
R0002427,2025-02-21 09:26:00,Central,Economy,9,1,0.902,1.383,5.029,17.747,77,38,2.0263,1.4311,19.14
R0002428,2025-06-26 21:35:00,Airport,Economy,18,1,0.297,1.631,18.983,67.284,62,32,1.9375,1.3938,61.71
R0002429,2025-12-04 22:13:00,University,Economy,6,0,0.254,0.899,4.281,17.792,36,46,0.7826,1.0,15.08
R0002430,2025-02-25 03:30:00,Central,Economy,3,0,2.449,1.507,7.938,29.373,77,54,1.4259,1.1789,25.42
R0002431,2025-03-07 05:19:00,Airport,Economy,12,0,0.238,0.899,19.672,55.14,49,38,1.2895,1.1216,43.8
R0002432,2025-02-11 07:11:00,Tech Park,Economy,3,0,1.229,1.124,8.316,28.146,60,46,1.3043,1.1278,30.14
R0002433,2025-02-25 16:12:00,Tech Park,Economy,7,0,0.409,1.797,6.61,23.963,56,37,1.5135,1.2157,21.2
R0002434,2025-06-06 13:18:00,North,Economy,10,1,0.988,1.875,14.701,53.461,65,37,1.7568,1.3178,55.24
R0002435,2025-01-01 09:48:00,South,Comfort,13,0,0.027,1.277,8.082,27.965,28,47,0.5957,1.0,26.05
R0002436,2025-02-16 13:23:00,Central,Economy,15,1,0.107,0.98,8.653,24.227,53,41,1.2927,1.1229,19.91
R0002437,2025-04-02 05:50:00,Central,Economy,16,0,1.289,0.97,17.869,52.969,50,39,1.2821,1.1185,38.43
R0002438,2025-01-01 01:04:00,Tech Park,Economy,20,1,0.062,1.727,1.916,9.723,65,41,1.5854,1.2459,9.35
R0002439,2025-11-02 03:02:00,Tech Park,Comfort,1,0,0.302,1.221,9.463,34.923,57,39,1.4615,1.1938,34.76
R0002440,2025-04-21 07:52:00,Central,Economy,8,0,1.776,1.983,5.096,21.941,75,45,1.6667,1.28,23.71
R0002441,2025-09-20 13:55:00,Central,Economy,0,1,1.171,1.077,6.931,18.819,45,57,0.7895,1.0,12.69
R0002442,2025-09-04 20:03:00,Central,Economy,0,1,0.386,0.877,8.266,21.715,50,41,1.2195,1.0922,15.31
R0002443,2025-02-24 19:06:00,Airport,Comfort,5,1,0.239,1.14,5.357,21.47,52,53,0.9811,1.0,20.94
R0002444,2025-02-22 12:26:00,Central,Comfort,14,1,1.994,1.199,8.808,27.142,68,50,1.36,1.1512,35.23
R0002445,2025-12-07 17:59:00,Airport,Economy,21,0,0.265,1.542,9.602,30.434,71,37,1.9189,1.3859,27.85
R0002446,2025-06-29 20:46:00,Tech Park,Economy,18,1,0.737,2.206,8.688,33.388,77,32,2.4062,1.5906,47.36
R0002447,2025-08-22 13:46:00,Central,Economy,15,0,1.655,1.681,8.259,31.979,73,48,1.5208,1.2188,27.6
R0002448,2025-09-12 20:36:00,Tech Park,Economy,18,0,0.856,1.847,7.281,28.105,74,42,1.7619,1.32,26.23
R0002449,2025-07-04 18:04:00,South,Economy,4,0,1.658,1.179,7.361,25.391,39,49,0.7959,1.0,15.93
R0002450,2025-08-26 13:27:00,Tech Park,Economy,20,0,0.37,1.487,8.115,28.316,84,48,1.75,1.315,22.68
R0002451,2025-02-15 18:40:00,University,Economy,21,0,0.163,1.708,4.626,15.274,56,38,1.4737,1.1989,16.75
R0002452,2025-11-28 00:29:00,Central,Premium,2,1,1.023,1.454,15.62,48.89,62,48,1.2917,1.1225,67.47
R0002453,2025-11-21 15:13:00,Airport,Economy,11,0,1.512,1.18,7.388,22.22,65,44,1.4773,1.2005,20.95
R0002454,2025-10-06 02:09:00,Tech Park,Economy,19,1,0.903,1.63,6.222,23.147,74,27,2.7407,1.7311,30.35
R0002455,2025-08-08 04:26:00,Airport,Premium,11,0,0.201,1.052,9.657,27.33,52,51,1.0196,1.0082,29.46
R0002456,2025-06-06 10:33:00,Central,Comfort,20,0,3.0,1.84,7.293,30.019,91,39,2.3333,1.56,50.41
R0002457,2025-02-20 05:08:00,Airport,Economy,22,0,0.119,0.777,15.386,41.001,41,52,0.7885,1.0,20.34
R0002458,2025-05-11 01:21:00,University,Comfort,11,0,0.667,0.908,12.706,33.724,44,40,1.1,1.042,30.47
R0002459,2025-06-26 00:58:00,Airport,Economy,1,0,1.649,1.395,8.175,27.955,46,38,1.2105,1.0884,24.32
R0002460,2025-10-11 18:01:00,North,Comfort,8,0,0.608,1.708,13.019,48.768,50,41,1.2195,1.0922,46.14
R0002461,2025-01-14 12:41:00,North,Economy,5,0,1.037,1.391,8.841,33.363,38,47,0.8085,1.0,18.8
R0002462,2025-06-08 03:58:00,South,Premium,11,0,0.054,0.697,4.117,8.834,35,39,0.8974,1.0,13.12
R0002463,2025-01-28 19:34:00,Central,Economy,14,1,1.002,0.907,12.672,40.384,62,41,1.5122,1.2151,35.19
R0002464,2025-08-17 11:39:00,University,Economy,11,0,0.187,1.116,2.731,10.097,47,37,1.2703,1.1135,6.94
R0002465,2025-03-09 22:46:00,Tech Park,Economy,4,1,0.678,0.965,1.123,3.356,55,37,1.4865,1.2043,3.89
R0002466,2025-07-02 18:01:00,North,Economy,7,1,0.114,1.427,11.403,40.203,53,32,1.6562,1.2756,35.03
R0002467,2025-06-05 12:48:00,Central,Economy,16,0,1.087,1.378,9.914,36.418,76,46,1.6522,1.2739,28.43
R0002468,2025-07-13 04:17:00,Tech Park,Comfort,0,0,0.891,1.061,9.556,26.013,50,38,1.3158,1.1326,24.8
R0002469,2025-10-26 12:08:00,Tech Park,Economy,5,0,0.67,1.042,16.681,49.523,53,47,1.1277,1.0536,37.46
R0002470,2025-03-08 21:09:00,North,Premium,21,0,1.32,1.743,7.663,27.361,51,41,1.2439,1.1024,39.93
R0002471,2025-09-03 01:38:00,Central,Economy,2,0,0.972,1.141,6.309,21.928,56,60,0.9333,1.0,16.08
R0002472,2025-05-16 13:31:00,Airport,Economy,9,1,0.109,1.693,12.039,46.716,76,51,1.4902,1.2059,34.21
R0002473,2025-09-07 19:42:00,Airport,Economy,4,0,1.289,1.014,5.246,16.937,42,55,0.7636,1.0,15.23
R0002474,2025-04-21 03:58:00,Airport,Economy,2,0,0.985,1.143,6.814,21.45,53,44,1.2045,1.0859,17.1
R0002475,2025-01-28 15:32:00,Airport,Comfort,10,0,0.238,1.802,8.926,34.449,70,42,1.6667,1.28,42.68
R0002476,2025-04-30 07:06:00,Central,Comfort,12,0,0.582,1.489,9.327,31.907,56,46,1.2174,1.0913,30.76
R0002477,2025-03-14 13:09:00,Tech Park,Economy,4,0,0.354,0.82,6.468,14.492,61,42,1.4524,1.19,11.18
R0002478,2025-07-11 07:18:00,Tech Park,Economy,1,0,2.699,1.545,5.931,22.588,48,57,0.8421,1.0,19.34
R0002479,2025-06-11 23:32:00,Tech Park,Economy,3,1,0.16,0.995,4.196,15.816,48,61,0.7869,1.0,9.71
R0002480,2025-11-16 08:21:00,South,Economy,15,0,0.373,1.049,5.038,18.684,32,45,0.7111,1.0,12.16
R0002481,2025-12-09 11:54:00,South,Economy,20,0,0.544,1.506,21.126,69.303,66,43,1.5349,1.2247,53.02
R0002482,2025-03-04 12:40:00,Central,Economy,4,0,0.649,1.253,6.712,23.744,43,52,0.8269,1.0,14.38
R0002483,2025-08-17 21:15:00,Tech Park,Economy,7,0,0.387,1.746,8.62,35.339,67,56,1.1964,1.0825,28.3
R0002484,2025-02-20 12:59:00,Central,Premium,8,1,0.633,2.118,3.421,20.237,59,30,1.9667,1.406,39.65
R0002485,2025-03-18 15:31:00,North,Economy,8,1,0.906,1.475,31.81,107.652,67,38,1.7632,1.3205,89.3
R0002486,2025-03-30 05:43:00,University,Economy,5,1,0.267,0.734,4.837,16.595,53,30,1.7667,1.322,18.35
R0002487,2025-01-03 01:44:00,University,Economy,1,0,0.387,1.44,4.07,12.641,44,53,0.8302,1.0,9.09
R0002488,2025-06-16 14:32:00,Central,Economy,12,0,2.26,1.398,7.511,23.348,66,47,1.4043,1.1698,24.38
R0002489,2025-01-24 17:41:00,Tech Park,Comfort,8,1,1.313,1.704,4.755,20.307,79,36,2.1944,1.5017,27.01
R0002490,2025-05-14 23:20:00,Airport,Comfort,8,0,1.288,1.816,9.495,31.139,82,53,1.5472,1.2298,38.6
R0002491,2025-03-06 09:59:00,Airport,Comfort,6,0,0.102,0.767,3.382,10.982,43,57,0.7544,1.0,7.52
R0002492,2025-12-28 09:53:00,Airport,Comfort,22,0,2.548,1.526,14.518,53.243,48,49,0.9796,1.0,52.3
R0002493,2025-08-18 14:29:00,Central,Economy,14,0,0.524,1.08,13.026,41.726,51,37,1.3784,1.1589,32.19
R0002494,2025-01-25 07:54:00,Tech Park,Economy,10,1,1.41,1.997,7.277,30.324,97,40,2.425,1.5985,39.52
R0002495,2025-02-22 11:30:00,Central,Economy,4,0,0.684,1.277,3.125,11.191,54,53,1.0189,1.0079,8.22
R0002496,2025-11-13 16:18:00,Airport,Premium,19,1,0.052,1.729,4.969,18.086,67,36,1.8611,1.3617,31.43
R0002497,2025-01-16 05:02:00,University,Comfort,21,0,0.408,1.658,8.04,34.051,65,44,1.4773,1.2005,37.56
R0002498,2025-07-26 17:12:00,South,Economy,0,0,1.33,1.528,3.992,17.582,44,45,0.9778,1.0,13.07
R0002499,2025-07-29 18:26:00,North,Economy,22,0,1.362,1.349,4.365,17.316,34,46,0.7391,1.0,14.99
R0002500,2025-09-16 23:25:00,North,Economy,16,0,0.71,1.032,13.834,42.054,38,50,0.76,1.0,27.87
R0002501,2025-03-06 19:02:00,North,Premium,2,0,0.152,0.882,8.459,23.895,30,43,0.6977,1.0,26.24
R0002502,2025-12-28 15:26:00,North,Economy,18,0,1.443,1.684,8.313,32.819,54,36,1.5,1.21,34.06
R0002503,2025-03-23 17:09:00,South,Economy,2,0,0.267,1.154,10.382,32.293,46,44,1.0455,1.0191,20.7
R0002504,2025-02-05 03:36:00,University,Economy,1,1,0.678,0.882,7.099,21.549,58,36,1.6111,1.2567,17.11
R0002505,2025-12-19 12:01:00,Central,Comfort,2,0,0.956,1.2,7.518,25.934,68,54,1.2593,1.1089,28.65
R0002506,2025-10-13 03:57:00,North,Comfort,11,0,1.038,1.037,9.982,31.222,38,35,1.0857,1.036,30.74
R0002507,2025-10-25 03:42:00,Airport,Economy,14,0,0.926,0.941,12.121,39.455,63,43,1.4651,1.1953,26.64
R0002508,2025-11-25 20:24:00,Tech Park,Comfort,9,1,0.221,1.393,10.216,31.638,70,28,2.5,1.63,41.6
R0002509,2025-11-01 20:05:00,Central,Economy,2,0,0.37,1.062,17.343,52.863,53,66,0.803,1.0,34.28
R0002510,2025-12-23 01:24:00,Central,Comfort,4,0,0.214,1.176,7.874,30.215,57,44,1.2955,1.1241,27.28
R0002511,2025-01-12 14:01:00,University,Economy,20,0,1.109,1.628,3.703,16.187,70,36,1.9444,1.3967,19.13
R0002512,2025-04-07 22:58:00,South,Economy,23,0,0.982,0.803,14.134,39.687,38,41,0.9268,1.0,25.55
R0002513,2025-12-21 06:55:00,Central,Economy,18,0,0.259,2.164,6.788,29.662,78,34,2.2941,1.5435,35.71
R0002514,2025-07-01 17:55:00,Central,Economy,2,0,1.252,1.427,5.09,18.0,73,43,1.6977,1.293,20.01
R0002515,2025-06-25 14:41:00,Central,Economy,19,1,1.246,1.942,11.494,47.261,87,44,1.9773,1.4105,45.22
R0002516,2025-06-20 04:50:00,University,Economy,16,0,1.608,1.582,9.525,35.645,51,50,1.02,1.0084,24.87
R0002517,2025-02-01 21:15:00,North,Economy,12,0,0.952,1.188,3.845,11.358,49,46,1.0652,1.0274,12.53
R0002518,2025-07-19 16:59:00,Central,Economy,3,0,1.006,1.157,11.233,36.097,50,55,0.9091,1.0,25.81
R0002519,2025-04-25 20:36:00,South,Comfort,23,0,0.399,1.316,21.777,71.423,30,47,0.6383,1.0,61.89
R0002520,2025-04-23 23:42:00,North,Economy,10,0,0.505,1.884,9.281,36.417,75,45,1.6667,1.28,38.69
R0002521,2025-02-07 03:54:00,Airport,Economy,1,0,1.485,1.378,6.747,23.935,68,41,1.6585,1.2766,25.86
R0002522,2025-10-10 21:22:00,University,Economy,5,0,0.315,1.216,3.102,12.305,57,45,1.2667,1.112,10.85
R0002523,2025-04-30 11:51:00,Airport,Economy,9,0,0.233,1.369,24.003,79.558,73,41,1.7805,1.3278,61.86
R0002524,2025-07-07 07:16:00,University,Comfort,1,0,1.015,1.136,5.845,17.543,47,32,1.4688,1.1969,23.21
R0002525,2025-02-16 14:08:00,Tech Park,Economy,7,1,0.038,1.863,3.581,13.508,75,41,1.8293,1.3483,17.3
R0002526,2025-02-03 12:18:00,Airport,Premium,11,0,0.295,1.198,8.256,26.273,43,48,0.8958,1.0,31.4
R0002527,2025-04-02 06:33:00,Tech Park,Comfort,22,0,1.658,1.035,13.525,41.339,60,52,1.1538,1.0646,46.08
R0002528,2025-03-06 01:38:00,Tech Park,Economy,2,1,1.93,1.252,15.329,48.683,65,40,1.625,1.2625,46.16
R0002529,2025-01-25 16:44:00,South,Economy,13,1,1.365,1.523,5.367,21.877,55,30,1.8333,1.35,23.58
R0002530,2025-08-20 08:38:00,South,Comfort,21,0,0.65,1.749,7.358,25.411,60,40,1.5,1.21,32.78
R0002531,2025-04-04 12:58:00,Airport,Comfort,19,1,0.235,1.625,7.77,24.344,71,34,2.0882,1.4571,34.72
R0002532,2025-08-01 15:57:00,Airport,Economy,22,0,0.109,1.058,13.291,45.025,49,53,0.9245,1.0,29.79
R0002533,2025-05-05 08:34:00,Tech Park,Economy,4,0,0.431,1.063,10.762,31.484,66,43,1.5349,1.2247,21.55
R0002534,2025-10-02 19:41:00,Airport,Economy,19,1,0.112,1.476,9.015,33.709,70,34,2.0588,1.4447,33.39
R0002535,2025-11-30 16:24:00,Central,Comfort,23,1,2.469,1.294,12.848,43.311,71,44,1.6136,1.2577,54.56
R0002536,2025-12-15 18:39:00,North,Comfort,7,0,0.408,1.805,3.672,12.943,58,31,1.871,1.3658,18.42
R0002537,2025-03-11 00:36:00,Central,Economy,11,0,0.461,1.126,9.791,30.649,58,44,1.3182,1.1336,23.12
R0002538,2025-08-26 19:51:00,Tech Park,Economy,12,0,1.186,1.341,8.775,28.868,54,42,1.2857,1.12,22.65
R0002539,2025-10-30 05:08:00,Tech Park,Comfort,11,0,0.086,1.114,7.557,24.931,41,40,1.025,1.0105,23.31
R0002540,2025-09-01 23:36:00,Tech Park,Premium,6,1,0.474,1.339,6.771,21.399,53,49,1.0816,1.0343,25.47
R0002541,2025-10-26 11:09:00,Airport,Economy,23,0,0.6,1.19,8.363,26.713,47,50,0.94,1.0,15.27
R0002542,2025-03-12 01:52:00,North,Economy,22,0,0.117,1.169,5.677,18.698,35,53,0.6604,1.0,13.11
R0002543,2025-07-24 18:58:00,Tech Park,Economy,9,0,0.216,1.619,34.814,123.199,67,49,1.3673,1.1543,95.53
R0002544,2025-01-07 03:40:00,Central,Economy,19,0,0.322,1.437,16.403,54.262,64,27,2.3704,1.5756,54.47
R0002545,2025-06-09 17:30:00,Tech Park,Economy,9,0,1.408,1.763,14.17,49.633,81,44,1.8409,1.3532,49.68
R0002546,2025-02-10 08:01:00,South,Economy,19,1,1.884,1.995,5.805,22.046,68,31,2.1935,1.5013,28.84
R0002547,2025-05-27 08:13:00,Central,Comfort,14,0,0.906,1.285,4.588,16.726,64,48,1.3333,1.14,23.48
R0002548,2025-09-08 05:51:00,Central,Economy,11,0,0.558,1.362,6.913,19.776,59,42,1.4048,1.17,19.35
R0002549,2025-11-29 07:22:00,South,Economy,3,0,1.662,1.216,8.271,29.642,44,49,0.898,1.0,21.13
R0002550,2025-03-12 06:05:00,Central,Economy,15,0,1.258,1.267,3.502,12.495,53,51,1.0392,1.0165,10.77
R0002551,2025-12-15 03:13:00,University,Economy,7,0,3.0,2.067,10.115,40.957,74,30,2.4667,1.616,56.63
R0002552,2025-02-05 02:58:00,South,Economy,5,0,0.064,1.304,14.086,46.471,20,42,0.4762,1.0,34.14
R0002553,2025-09-13 21:26:00,Airport,Economy,4,0,0.62,1.179,2.271,6.965,44,51,0.8627,1.0,4.77
R0002554,2025-11-30 03:38:00,Tech Park,Economy,23,0,0.342,1.133,4.734,13.382,51,48,1.0625,1.0263,9.33
R0002555,2025-11-12 06:32:00,North,Economy,2,1,0.084,1.009,15.261,44.329,52,49,1.0612,1.0257,30.6
R0002556,2025-05-16 16:41:00,Central,Comfort,19,0,0.626,1.622,9.542,30.905,58,45,1.2889,1.1213,36.59
R0002557,2025-10-14 04:27:00,University,Comfort,20,0,2.822,1.797,4.824,19.523,77,39,1.9744,1.4092,33.0
R0002558,2025-09-03 15:50:00,Tech Park,Economy,0,0,0.172,0.804,11.64,32.958,51,53,0.9623,1.0,20.55
R0002559,2025-09-18 17:29:00,South,Comfort,14,0,3.0,1.572,5.602,17.096,42,47,0.8936,1.0,21.18
R0002560,2025-10-05 15:03:00,Tech Park,Economy,13,1,1.283,1.241,6.822,21.322,45,40,1.125,1.0525,17.69
R0002561,2025-03-30 00:37:00,South,Comfort,8,0,1.715,1.892,4.152,18.124,70,32,2.1875,1.4988,34.46
R0002562,2025-05-20 02:07:00,North,Comfort,16,0,1.705,1.476,7.841,30.257,43,42,1.0238,1.01,31.66
R0002563,2025-06-01 06:40:00,Central,Economy,9,0,0.91,1.731,13.599,46.558,79,49,1.6122,1.2571,41.44
R0002564,2025-08-18 05:39:00,Central,Economy,10,1,0.404,1.56,5.974,26.422,73,43,1.6977,1.293,25.06
R0002565,2025-04-01 20:23:00,North,Economy,10,0,0.111,1.532,11.078,36.528,67,49,1.3673,1.1543,30.58
R0002566,2025-02-18 16:10:00,North,Economy,19,0,0.175,1.625,7.558,23.684,55,39,1.4103,1.1723,18.64
R0002567,2025-10-02 23:12:00,Tech Park,Economy,15,0,1.018,1.115,14.062,47.518,50,47,1.0638,1.0268,33.51
R0002568,2025-05-14 21:20:00,North,Economy,9,0,0.421,1.817,6.021,20.856,55,26,2.1154,1.4685,24.1
R0002569,2025-04-20 21:56:00,South,Comfort,22,1,0.203,1.035,18.27,58.372,53,37,1.4324,1.1816,52.9
R0002570,2025-12-30 12:23:00,Tech Park,Economy,19,0,0.78,1.736,11.301,39.876,74,43,1.7209,1.3028,36.74
R0002571,2025-09-14 20:24:00,University,Economy,22,0,0.863,1.008,8.884,26.681,53,40,1.325,1.1365,20.65
R0002572,2025-09-14 19:19:00,Central,Economy,17,0,1.191,1.956,9.064,32.278,83,38,2.1842,1.4974,37.38
R0002573,2025-05-01 17:33:00,University,Comfort,9,1,0.259,1.856,6.015,26.129,72,31,2.3226,1.5555,42.48
R0002574,2025-02-17 08:13:00,Tech Park,Economy,18,0,0.556,1.405,5.806,22.842,61,50,1.22,1.0924,18.2
R0002575,2025-01-23 19:24:00,Airport,Economy,7,0,0.268,1.67,8.973,31.182,67,41,1.6341,1.2663,28.78
R0002576,2025-10-10 10:57:00,Central,Comfort,6,1,0.14,1.006,4.018,13.006,63,38,1.6579,1.2763,17.08
R0002577,2025-11-22 15:07:00,Central,Economy,10,0,1.49,1.869,5.579,23.259,85,34,2.5,1.63,31.44
R0002578,2025-11-05 04:44:00,Tech Park,Economy,23,1,1.408,1.335,4.639,15.237,58,36,1.6111,1.2567,15.59
R0002579,2025-06-01 10:46:00,South,Economy,13,1,0.068,0.61,10.639,31.827,60,43,1.3953,1.166,26.33
R0002580,2025-05-19 21:51:00,North,Economy,9,0,0.656,1.805,10.728,39.717,53,33,1.6061,1.2545,39.5
R0002581,2025-03-25 23:08:00,Tech Park,Premium,11,0,1.67,1.501,15.6,52.239,54,58,0.931,1.0,70.93
R0002582,2025-11-15 04:46:00,Central,Economy,6,0,1.226,1.441,6.462,19.181,52,46,1.1304,1.0548,16.34
R0002583,2025-07-15 08:42:00,North,Economy,15,1,0.227,0.871,4.981,12.553,45,38,1.1842,1.0774,11.23
R0002584,2025-02-12 00:29:00,University,Economy,8,1,1.821,1.872,3.462,15.402,81,24,3.375,1.9975,27.09
R0002585,2025-02-18 12:57:00,University,Premium,13,1,1.671,1.204,9.016,29.727,62,44,1.4091,1.1718,46.01
R0002586,2025-01-21 19:15:00,Tech Park,Comfort,8,0,0.837,1.356,16.747,56.929,56,48,1.1667,1.07,50.92
R0002587,2025-01-05 02:07:00,Central,Economy,7,0,0.478,1.524,7.456,25.206,78,41,1.9024,1.379,26.97
R0002588,2025-09-15 12:57:00,Airport,Economy,23,0,0.223,0.845,7.883,19.71,54,36,1.5,1.21,19.88
R0002589,2025-01-09 20:39:00,Central,Economy,8,0,0.622,1.722,7.741,27.61,74,45,1.6444,1.2707,24.02
R0002590,2025-09-26 09:52:00,North,Comfort,1,0,2.033,1.072,8.933,32.437,50,38,1.3158,1.1326,39.93
R0002591,2025-12-28 14:11:00,Central,Economy,9,1,0.234,1.416,13.442,43.109,74,43,1.7209,1.3028,38.68
R0002592,2025-10-31 11:42:00,University,Economy,12,0,2.177,1.298,22.322,71.812,53,42,1.2619,1.11,56.17
R0002593,2025-10-18 11:04:00,Tech Park,Economy,2,0,1.176,1.35,10.217,28.863,65,49,1.3265,1.1371,25.31
R0002594,2025-10-14 01:09:00,North,Premium,7,0,0.621,2.162,10.595,41.544,64,33,1.9394,1.3945,81.14
R0002595,2025-11-05 08:44:00,Central,Economy,3,0,1.683,1.358,6.81,22.408,65,55,1.1818,1.0764,21.79
R0002596,2025-01-25 17:30:00,North,Economy,12,1,0.604,0.923,7.321,22.98,47,50,0.94,1.0,18.45
R0002597,2025-06-29 13:38:00,North,Premium,17,0,0.516,1.521,7.267,25.09,69,33,2.0909,1.4582,45.24
R0002598,2025-04-30 09:19:00,Tech Park,Economy,23,0,1.437,1.377,6.351,18.613,48,43,1.1163,1.0488,14.56
R0002599,2025-07-13 20:09:00,Airport,Economy,9,0,0.647,1.424,8.332,27.207,73,44,1.6591,1.2768,25.21
R0002600,2025-05-19 09:24:00,Tech Park,Economy,20,0,0.605,1.856,10.954,40.791,65,42,1.5476,1.23,36.63
R0002601,2025-03-09 05:28:00,Central,Economy,5,0,0.333,1.109,8.044,23.383,45,44,1.0227,1.0095,16.2
R0002602,2025-08-11 00:56:00,Central,Economy,18,1,0.506,1.619,6.657,22.434,86,42,2.0476,1.44,23.37
R0002603,2025-07-01 18:39:00,University,Economy,13,1,2.385,1.126,8.325,28.746,59,35,1.6857,1.288,27.46
R0002604,2025-03-19 09:31:00,Central,Economy,18,0,0.225,1.756,4.582,16.357,71,41,1.7317,1.3073,18.38
R0002605,2025-07-31 17:33:00,Airport,Economy,18,0,0.279,1.463,12.083,42.266,69,43,1.6047,1.254,33.59
R0002606,2025-02-24 09:39:00,South,Comfort,12,0,0.56,1.128,6.189,19.734,36,37,0.973,1.0,20.05
R0002607,2025-10-28 05:51:00,North,Economy,6,0,0.473,1.057,4.116,10.928,41,40,1.025,1.0105,8.91
R0002608,2025-08-09 14:19:00,Airport,Comfort,12,0,0.745,0.849,10.014,28.522,50,47,1.0638,1.0268,26.15
R0002609,2025-11-08 11:42:00,Airport,Economy,19,0,0.032,1.514,10.291,36.481,54,40,1.35,1.147,25.24
R0002610,2025-06-22 01:09:00,Airport,Economy,23,0,0.735,0.914,4.841,19.006,63,54,1.1667,1.07,15.45
R0002611,2025-10-27 00:39:00,South,Economy,22,0,2.37,1.309,10.946,34.422,56,40,1.4,1.168,31.51
R0002612,2025-03-30 01:41:00,Central,Economy,4,0,0.646,1.194,11.008,35.054,65,55,1.1818,1.0764,23.44
R0002613,2025-12-14 20:25:00,Tech Park,Economy,14,0,0.491,1.215,23.016,74.447,37,35,1.0571,1.024,47.46
R0002614,2025-12-24 04:21:00,Tech Park,Economy,2,0,0.574,1.1,6.826,24.649,40,37,1.0811,1.0341,16.15
R0002615,2025-11-27 06:49:00,Central,Comfort,16,0,0.427,0.918,7.539,21.408,52,48,1.0833,1.035,17.3
R0002616,2025-09-30 16:57:00,Central,Premium,23,0,1.176,1.095,5.564,17.742,43,49,0.8776,1.0,24.72
R0002617,2025-04-12 07:34:00,Central,Economy,1,1,0.847,1.033,10.191,33.786,52,41,1.2683,1.1127,23.25
R0002618,2025-08-17 18:07:00,Central,Premium,15,0,0.795,0.758,7.748,23.504,48,42,1.1429,1.06,30.91
R0002619,2025-03-13 19:33:00,Central,Economy,22,0,1.683,1.316,13.375,46.154,71,45,1.5778,1.2427,47.38
R0002620,2025-05-16 11:16:00,Tech Park,Economy,20,0,1.186,1.464,6.119,24.232,76,50,1.52,1.2184,20.79
R0002621,2025-05-18 01:09:00,Central,Economy,9,0,0.012,1.566,10.07,36.763,68,34,2.0,1.42,35.87
R0002622,2025-02-23 04:02:00,North,Comfort,2,0,0.417,0.812,6.815,20.493,37,40,0.925,1.0,17.76
R0002623,2025-01-31 12:47:00,Tech Park,Comfort,22,0,0.13,0.806,2.82,7.737,42,44,0.9545,1.0,8.86
R0002624,2025-03-22 14:49:00,Tech Park,Premium,22,0,0.268,1.169,10.973,34.356,54,50,1.08,1.0336,37.21
R0002625,2025-10-31 03:14:00,Central,Comfort,13,0,0.339,1.066,2.97,9.887,52,49,1.0612,1.0257,11.31
R0002626,2025-07-20 22:20:00,Central,Economy,23,1,0.257,0.707,7.116,23.001,46,48,0.9583,1.0,15.56
R0002627,2025-06-19 21:15:00,University,Premium,0,1,1.231,1.121,7.177,23.439,62,44,1.4091,1.1718,39.85
R0002628,2025-12-08 19:34:00,Central,Premium,14,0,1.067,1.239,7.732,25.905,43,29,1.4828,1.2028,35.56
R0002629,2025-02-13 20:23:00,Tech Park,Comfort,0,0,0.415,0.963,7.973,22.185,42,44,0.9545,1.0,19.33
R0002630,2025-02-21 20:56:00,Tech Park,Economy,22,0,1.033,1.124,7.93,27.983,70,33,2.1212,1.4709,30.38
R0002631,2025-06-16 05:57:00,North,Comfort,16,0,0.921,1.21,9.485,29.008,49,37,1.3243,1.1362,32.71
R0002632,2025-09-11 13:57:00,Central,Economy,21,0,0.697,1.683,7.317,26.344,63,52,1.2115,1.0888,21.37
R0002633,2025-07-21 08:35:00,Central,Premium,13,0,0.54,0.919,32.741,97.065,54,51,1.0588,1.0247,114.99
R0002634,2025-11-11 14:55:00,North,Premium,1,0,1.339,1.245,6.435,23.451,47,35,1.3429,1.144,35.04
R0002635,2025-05-12 22:27:00,North,Comfort,0,0,0.605,1.057,3.965,11.322,41,38,1.0789,1.0332,12.56
R0002636,2025-09-11 13:56:00,Tech Park,Economy,8,0,0.774,2.0,3.577,12.539,65,33,1.9697,1.4073,13.7
R0002637,2025-04-25 23:52:00,Tech Park,Economy,17,0,0.726,1.662,11.157,39.686,64,29,2.2069,1.5069,44.08
R0002638,2025-04-05 01:24:00,University,Premium,3,0,0.353,1.088,3.237,9.861,46,43,1.0698,1.0293,16.11
R0002639,2025-06-11 12:05:00,University,Comfort,20,0,0.333,1.657,3.993,12.081,60,46,1.3043,1.1278,13.29
R0002640,2025-08-02 08:11:00,Tech Park,Comfort,5,0,0.505,1.033,3.689,10.645,43,41,1.0488,1.0205,10.8
R0002641,2025-04-02 06:57:00,Airport,Premium,11,1,1.213,1.089,9.988,25.174,72,41,1.7561,1.3176,40.59
R0002642,2025-12-16 18:59:00,North,Economy,4,1,0.558,1.183,16.149,52.838,53,36,1.4722,1.1983,42.27
R0002643,2025-05-18 11:32:00,South,Comfort,11,0,0.048,1.093,4.622,17.119,39,46,0.8478,1.0,15.22
R0002644,2025-06-29 23:42:00,South,Economy,10,0,0.843,2.077,9.797,41.98,62,39,1.5897,1.2477,41.47
R0002645,2025-09-15 14:02:00,Central,Economy,0,0,0.371,1.2,1.822,7.87,56,44,1.2727,1.1145,8.01
R0002646,2025-04-26 15:28:00,South,Economy,13,0,0.254,1.182,5.157,16.269,43,44,0.9773,1.0,12.04
R0002647,2025-11-26 17:32:00,Central,Economy,18,0,1.119,1.881,10.82,43.227,90,50,1.8,1.336,43.07
R0002648,2025-10-05 07:02:00,Central,Economy,22,0,1.112,1.076,6.542,19.351,64,64,1.0,1.0,15.31
R0002649,2025-01-20 07:13:00,Tech Park,Comfort,7,0,0.702,1.45,13.42,42.632,57,40,1.425,1.1785,45.91
R0002650,2025-05-26 19:52:00,North,Economy,21,1,0.47,1.454,2.274,8.65,73,38,1.9211,1.3868,11.9
R0002651,2025-12-21 02:06:00,South,Comfort,21,0,0.387,1.744,5.185,20.718,58,43,1.3488,1.1465,25.97
R0002652,2025-10-05 21:18:00,South,Economy,23,0,0.132,1.28,9.964,30.979,44,34,1.2941,1.1235,25.39
R0002653,2025-06-04 04:00:00,South,Comfort,8,0,0.012,1.684,9.896,33.65,49,31,1.5806,1.2439,41.55
R0002654,2025-12-16 09:13:00,Central,Economy,20,0,0.417,1.595,10.322,35.738,76,35,2.1714,1.492,34.73
R0002655,2025-11-05 03:52:00,South,Comfort,13,0,0.426,1.378,8.707,30.458,40,32,1.25,1.105,28.79
R0002656,2025-07-06 13:39:00,Central,Economy,1,1,0.234,0.962,4.14,13.054,56,47,1.1915,1.0804,12.69
R0002657,2025-08-29 15:00:00,South,Economy,6,1,1.677,1.095,5.061,22.386,57,39,1.4615,1.1938,18.64
R0002658,2025-09-17 11:12:00,Central,Economy,16,0,0.357,1.11,27.772,84.329,44,56,0.7857,1.0,57.53
R0002659,2025-10-28 14:49:00,University,Economy,3,1,0.695,1.358,3.886,15.601,54,30,1.8,1.336,15.61
R0002660,2025-02-28 18:58:00,Tech Park,Economy,10,0,0.831,1.548,3.566,10.314,76,36,2.1111,1.4667,14.01
R0002661,2025-02-26 13:41:00,North,Economy,18,0,0.934,1.411,11.29,39.48,61,46,1.3261,1.137,30.73
R0002662,2025-05-17 10:22:00,Central,Economy,3,0,0.31,1.063,4.338,13.294,78,42,1.8571,1.36,14.19
R0002663,2025-02-15 19:36:00,North,Comfort,11,0,0.457,1.221,20.816,65.759,38,42,0.9048,1.0,60.46
R0002664,2025-03-18 13:08:00,Tech Park,Economy,5,0,0.632,0.6,34.951,94.685,55,42,1.3095,1.13,70.06
R0002665,2025-01-18 04:16:00,South,Economy,12,0,0.312,1.232,6.804,21.754,31,36,0.8611,1.0,19.16
R0002666,2025-12-07 03:03:00,Tech Park,Economy,5,0,1.552,1.033,9.209,25.59,62,45,1.3778,1.1587,27.19
R0002667,2025-03-21 10:53:00,University,Economy,23,1,3.0,1.67,2.847,8.846,69,46,1.5,1.21,11.91
R0002668,2025-04-06 16:16:00,North,Economy,1,0,0.81,0.786,13.7,39.122,41,43,0.9535,1.0,23.73
R0002669,2025-08-24 12:21:00,Tech Park,Comfort,23,1,0.803,0.879,2.268,8.104,58,38,1.5263,1.2211,11.48
R0002670,2025-05-05 08:29:00,North,Economy,19,0,1.464,1.925,3.718,15.376,59,34,1.7353,1.3088,18.92
R0002671,2025-07-03 14:06:00,South,Economy,20,1,1.219,1.988,8.291,29.682,72,38,1.8947,1.3758,30.06
R0002672,2025-01-06 10:58:00,North,Economy,20,0,0.607,1.658,10.498,42.272,73,46,1.587,1.2465,38.51
R0002673,2025-08-31 21:50:00,Tech Park,Economy,4,0,2.252,1.836,3.434,17.124,48,67,0.7164,1.0,13.95
R0002674,2025-12-11 12:31:00,Airport,Comfort,22,0,0.329,0.875,5.764,17.89,47,41,1.1463,1.0615,16.69
R0002675,2025-12-21 23:12:00,Central,Economy,14,1,1.128,1.017,3.115,7.23,60,47,1.2766,1.1162,9.53
R0002676,2025-12-02 01:11:00,Central,Comfort,23,0,0.453,1.027,6.525,24.059,64,53,1.2075,1.0872,24.12
R0002677,2025-02-28 19:59:00,University,Economy,21,0,0.896,1.648,5.001,21.259,57,48,1.1875,1.0788,18.04
R0002678,2025-03-28 10:39:00,North,Economy,13,1,0.409,1.125,5.476,18.187,53,45,1.1778,1.0747,14.79
R0002679,2025-03-22 22:16:00,Central,Economy,8,0,2.196,1.811,11.114,44.032,70,40,1.75,1.315,47.96
R0002680,2025-10-20 18:34:00,North,Premium,2,1,1.523,1.376,9.069,29.613,41,43,0.9535,1.0,38.06
R0002681,2025-03-24 00:19:00,North,Economy,2,0,0.856,1.252,10.577,32.325,32,38,0.8421,1.0,23.66
R0002682,2025-09-15 12:33:00,University,Economy,9,0,1.236,2.063,7.235,29.364,70,54,1.2963,1.1244,26.86
R0002683,2025-09-22 08:12:00,University,Premium,19,0,0.235,1.504,11.523,36.437,48,40,1.2,1.084,47.62
R0002684,2025-12-10 18:33:00,Tech Park,Economy,12,0,0.102,1.079,7.619,21.666,47,35,1.3429,1.144,19.41
R0002685,2025-01-12 12:05:00,Tech Park,Economy,11,0,0.316,1.166,5.928,20.724,55,50,1.1,1.042,15.86
R0002686,2025-02-15 12:08:00,Central,Economy,5,0,2.148,1.385,10.631,36.341,66,46,1.4348,1.1826,36.71
R0002687,2025-05-03 22:47:00,Central,Economy,13,0,0.407,1.035,6.154,16.491,53,49,1.0816,1.0343,12.07
R0002688,2025-09-26 09:11:00,South,Comfort,15,1,1.302,0.863,6.48,18.638,50,50,1.0,1.0,18.46
R0002689,2025-07-20 09:32:00,South,Economy,23,1,0.496,1.104,13.979,40.333,41,49,0.8367,1.0,23.26
R0002690,2025-04-28 01:45:00,Central,Economy,17,0,0.526,1.752,13.273,47.401,69,48,1.4375,1.1838,36.89
R0002691,2025-01-05 22:48:00,Tech Park,Economy,14,0,0.413,1.064,6.597,19.674,55,37,1.4865,1.2043,16.52
R0002692,2025-01-08 18:00:00,Central,Premium,21,0,0.385,1.478,12.554,45.197,78,43,1.814,1.3419,72.64
R0002693,2025-12-07 04:35:00,Central,Economy,10,1,1.226,1.468,3.846,13.839,68,48,1.4167,1.175,13.32
R0002694,2025-12-31 17:14:00,Central,Economy,22,1,0.391,1.152,6.618,21.012,63,44,1.4318,1.1814,15.84
R0002695,2025-12-17 23:42:00,Tech Park,Premium,8,0,0.38,1.624,5.137,18.261,77,45,1.7111,1.2987,31.47
R0002696,2025-09-26 15:12:00,Tech Park,Economy,3,0,0.614,1.361,7.76,22.599,50,53,0.9434,1.0,13.78
R0002697,2025-10-27 20:42:00,South,Comfort,10,1,0.458,1.372,11.635,38.7,60,36,1.6667,1.28,40.27
R0002698,2025-07-05 01:03:00,Tech Park,Comfort,3,1,0.259,0.962,10.545,32.801,68,47,1.4468,1.1877,31.35
R0002699,2025-06-21 23:45:00,Tech Park,Economy,2,0,1.116,0.963,9.784,30.077,58,49,1.1837,1.0771,23.85
R0002700,2025-12-19 11:46:00,North,Comfort,21,1,0.75,1.87,8.378,33.513,68,31,2.1935,1.5013,47.22
R0002701,2025-08-02 10:10:00,Tech Park,Premium,19,0,0.366,1.839,7.116,28.841,67,43,1.5581,1.2344,45.39
R0002702,2025-10-08 08:21:00,Central,Economy,5,0,0.26,1.393,15.039,54.971,51,55,0.9273,1.0,37.17
R0002703,2025-01-10 06:29:00,North,Economy,20,1,1.488,1.912,3.318,11.211,68,37,1.8378,1.3519,16.01
R0002704,2025-03-13 22:53:00,Airport,Comfort,1,0,0.152,1.169,5.383,18.403,46,52,0.8846,1.0,19.93
R0002705,2025-10-21 18:45:00,North,Economy,6,0,0.996,1.258,9.74,32.642,42,34,1.2353,1.0988,25.9
R0002706,2025-06-16 21:49:00,South,Economy,16,1,0.045,1.111,17.999,54.695,33,41,0.8049,1.0,37.52
R0002707,2025-01-05 14:59:00,Airport,Economy,7,1,0.672,1.68,6.422,22.445,85,43,1.9767,1.4102,25.65
R0002708,2025-08-13 22:08:00,North,Comfort,17,0,0.69,1.786,6.729,26.606,52,37,1.4054,1.1703,29.83
R0002709,2025-08-18 12:10:00,South,Comfort,20,0,0.118,1.956,3.821,16.574,63,38,1.6579,1.2763,20.11
R0002710,2025-04-14 13:23:00,South,Premium,1,1,0.132,1.063,5.767,16.217,44,40,1.1,1.042,21.03
R0002711,2025-02-02 16:04:00,Airport,Economy,0,0,0.712,1.132,11.468,32.093,55,44,1.25,1.105,22.06
R0002712,2025-05-31 04:21:00,Airport,Premium,22,1,0.127,1.059,18.516,55.034,53,31,1.7097,1.2981,78.24
R0002713,2025-10-16 23:33:00,Central,Economy,12,0,1.745,1.287,6.611,20.804,64,41,1.561,1.2356,20.8
R0002714,2025-01-03 17:59:00,Tech Park,Economy,12,0,0.371,1.111,5.006,17.815,50,43,1.1628,1.0684,15.96
R0002715,2025-07-13 07:25:00,University,Comfort,11,0,1.988,1.325,8.072,25.104,45,50,0.9,1.0,25.04
R0002716,2025-07-22 03:42:00,Central,Economy,10,1,1.662,2.055,3.196,13.244,98,35,2.8,1.756,23.56
R0002717,2025-02-27 08:19:00,Tech Park,Economy,16,1,0.547,1.286,15.326,45.922,64,47,1.3617,1.1519,33.05
R0002718,2025-06-16 16:13:00,South,Economy,13,0,0.734,1.522,3.948,11.286,37,52,0.7115,1.0,11.6
R0002719,2025-01-25 11:19:00,University,Economy,3,0,0.187,1.029,9.231,26.808,44,41,1.0732,1.0307,21.59
R0002720,2025-05-10 04:55:00,Airport,Comfort,15,1,0.407,1.125,9.156,28.476,50,34,1.4706,1.1976,28.64
R0002721,2025-03-31 15:32:00,South,Economy,16,0,1.949,1.395,10.971,35.199,39,39,1.0,1.0,27.68
R0002722,2025-07-02 22:26:00,South,Comfort,2,0,1.286,1.267,8.94,29.773,36,41,0.878,1.0,33.97
R0002723,2025-12-20 18:09:00,Central,Economy,9,1,0.483,1.84,7.779,25.875,82,41,2.0,1.42,26.72
R0002724,2025-03-22 18:05:00,Airport,Economy,18,1,0.739,1.391,9.833,32.807,53,39,1.359,1.1508,23.66
R0002725,2025-02-14 04:27:00,Airport,Comfort,14,1,0.305,1.138,12.294,38.144,48,50,0.96,1.0,33.22
R0002726,2025-07-22 19:47:00,North,Economy,3,0,0.443,1.439,20.865,66.608,31,38,0.8158,1.0,40.34
R0002727,2025-06-16 07:20:00,Tech Park,Premium,0,0,0.982,1.422,4.236,15.807,54,32,1.6875,1.2888,28.15
R0002728,2025-01-13 21:11:00,Tech Park,Premium,13,1,0.445,1.305,2.825,5.653,57,53,1.0755,1.0317,11.07
R0002729,2025-04-10 09:02:00,Central,Economy,11,0,1.119,1.353,3.317,10.609,71,55,1.2909,1.1222,9.4
R0002730,2025-08-22 13:20:00,Tech Park,Economy,23,0,0.127,0.916,2.865,11.337,43,49,0.8776,1.0,6.51
R0002731,2025-08-30 16:28:00,North,Economy,12,1,0.973,1.04,4.016,8.387,41,47,0.8723,1.0,9.84
R0002732,2025-10-27 06:42:00,University,Comfort,22,0,0.214,0.905,3.745,13.534,34,45,0.7556,1.0,15.63
R0002733,2025-10-07 20:57:00,Airport,Economy,5,1,0.532,0.891,6.178,16.278,59,52,1.1346,1.0565,12.53
R0002734,2025-05-22 18:31:00,Tech Park,Premium,10,0,0.285,1.772,12.433,44.411,59,42,1.4048,1.17,66.94
R0002735,2025-12-09 10:10:00,University,Premium,3,1,0.975,1.44,10.963,40.487,46,42,1.0952,1.04,56.19
R0002736,2025-05-30 15:37:00,Tech Park,Economy,13,0,0.146,1.104,5.517,16.609,53,46,1.1522,1.0639,14.23
R0002737,2025-06-19 23:07:00,Tech Park,Comfort,4,0,1.13,1.348,5.785,23.54,52,56,0.9286,1.0,23.12
R0002738,2025-02-21 17:43:00,Central,Economy,11,1,0.608,1.162,23.475,72.143,54,46,1.1739,1.073,51.6
R0002739,2025-06-18 17:52:00,Tech Park,Economy,8,0,0.489,1.74,10.774,39.339,64,46,1.3913,1.1643,34.44
R0002740,2025-12-10 09:02:00,South,Economy,4,1,0.329,0.678,8.542,25.788,47,46,1.0217,1.0091,12.89
R0002741,2025-04-12 21:06:00,North,Comfort,2,0,0.399,1.128,8.305,27.688,29,55,0.5273,1.0,24.28
R0002742,2025-12-28 10:03:00,University,Economy,12,1,1.633,1.217,6.625,22.276,53,45,1.1778,1.0747,16.51
R0002743,2025-09-30 19:49:00,Central,Comfort,22,1,0.322,1.051,23.376,69.281,60,43,1.3953,1.166,63.71
R0002744,2025-03-20 00:23:00,North,Economy,4,0,1.642,1.336,6.998,20.381,50,43,1.1628,1.0684,18.57
R0002745,2025-12-29 03:54:00,University,Economy,9,0,2.071,1.794,8.433,28.34,76,40,1.9,1.378,32.87
R0002746,2025-11-02 08:46:00,Central,Premium,5,0,0.478,0.893,3.137,13.199,64,42,1.5238,1.22,20.06
R0002747,2025-05-11 03:12:00,Central,Comfort,19,1,0.102,1.434,5.474,23.133,81,36,2.25,1.525,31.46
R0002748,2025-11-20 00:44:00,Central,Economy,9,1,1.334,1.529,5.738,21.008,76,42,1.8095,1.34,22.33
R0002749,2025-09-14 12:26:00,Tech Park,Economy,23,1,1.322,1.03,10.15,27.292,75,39,1.9231,1.3877,28.32
R0002750,2025-01-06 01:53:00,Tech Park,Economy,5,0,1.661,1.116,5.071,15.007,53,53,1.0,1.0,15.54
R0002751,2025-10-09 10:56:00,Airport,Economy,1,0,0.569,0.844,7.977,21.769,34,44,0.7727,1.0,16.72
R0002752,2025-11-17 19:04:00,South,Premium,13,1,0.807,1.24,5.565,17.553,63,39,1.6154,1.2585,27.14
R0002753,2025-10-25 03:11:00,South,Economy,15,1,0.394,0.909,4.24,11.522,38,38,1.0,1.0,8.71
R0002754,2025-06-17 20:45:00,Tech Park,Economy,23,0,0.377,0.732,4.147,13.727,49,50,0.98,1.0,11.48
R0002755,2025-08-09 16:21:00,Tech Park,Comfort,20,0,0.771,1.616,7.061,26.222,71,35,2.0286,1.432,35.93
R0002756,2025-10-03 12:49:00,University,Economy,21,0,1.427,1.606,8.221,33.055,70,30,2.3333,1.56,40.2
R0002757,2025-05-29 01:15:00,Central,Comfort,15,0,1.185,1.476,6.983,23.719,47,52,0.9038,1.0,23.79
R0002758,2025-05-25 09:48:00,Central,Economy,8,0,0.633,1.688,4.913,19.061,85,59,1.4407,1.1851,18.22
R0002759,2025-08-04 18:11:00,South,Economy,10,0,1.523,1.559,7.201,27.438,70,37,1.8919,1.3746,32.04
R0002760,2025-01-07 06:16:00,North,Economy,3,0,0.15,1.129,6.505,23.326,33,47,0.7021,1.0,16.64
R0002761,2025-02-06 15:56:00,North,Economy,10,1,3.0,2.105,4.38,15.599,75,31,2.4194,1.5961,29.44
R0002762,2025-11-11 01:45:00,Airport,Premium,8,1,0.172,1.538,8.131,29.689,90,41,2.1951,1.502,52.1
R0002763,2025-12-20 23:32:00,Central,Economy,0,1,0.586,1.389,21.024,69.744,60,50,1.2,1.084,46.53
R0002764,2025-06-13 02:29:00,University,Economy,4,0,0.76,0.961,7.154,22.678,47,36,1.3056,1.1283,19.11
R0002765,2025-02-26 22:51:00,Airport,Economy,12,0,0.786,1.328,3.478,12.686,53,44,1.2045,1.0859,11.25
R0002766,2025-02-14 16:20:00,South,Economy,8,0,1.405,1.729,17.421,66.588,69,31,2.2258,1.5148,73.4
R0002767,2025-03-21 14:40:00,Tech Park,Economy,23,0,0.252,1.042,15.509,45.071,56,30,1.8667,1.364,40.05
R0002768,2025-05-22 23:07:00,Airport,Economy,11,0,0.832,1.015,17.08,49.157,55,44,1.25,1.105,32.86
R0002769,2025-08-07 12:40:00,Central,Economy,23,1,1.107,1.076,7.59,22.192,85,45,1.8889,1.3733,19.02
R0002770,2025-04-14 19:17:00,North,Premium,15,1,1.568,1.204,5.048,16.376,52,34,1.5294,1.2224,29.07
R0002771,2025-07-16 21:34:00,North,Economy,0,1,0.473,0.743,4.753,14.892,51,41,1.2439,1.1024,9.9
R0002772,2025-09-06 08:00:00,Central,Comfort,4,0,0.699,1.188,14.551,45.023,53,53,1.0,1.0,38.47
R0002773,2025-01-25 00:41:00,South,Economy,16,0,0.616,1.132,18.788,60.302,36,32,1.125,1.0525,40.29
R0002774,2025-07-25 01:54:00,Central,Comfort,13,0,1.063,0.922,4.682,14.76,50,49,1.0204,1.0086,14.98
R0002775,2025-07-24 10:04:00,Airport,Economy,7,0,1.069,1.861,1.942,8.343,81,32,2.5312,1.6431,15.61
R0002776,2025-09-19 21:47:00,Airport,Economy,12,0,0.454,1.344,7.692,23.131,37,51,0.7255,1.0,18.14
R0002777,2025-08-31 16:20:00,Central,Economy,21,0,0.605,1.539,4.724,21.372,80,47,1.7021,1.2949,21.09
R0002778,2025-12-20 10:41:00,Central,Economy,9,1,0.647,1.525,5.265,19.013,65,46,1.413,1.1735,18.34
R0002779,2025-06-25 00:41:00,University,Economy,1,0,0.208,1.238,6.814,26.24,41,39,1.0513,1.0215,16.12
R0002780,2025-03-29 09:06:00,Airport,Economy,7,1,0.873,1.78,9.732,34.804,73,40,1.825,1.3465,33.38
R0002781,2025-07-30 16:22:00,South,Premium,22,1,0.844,1.127,5.055,18.536,37,49,0.7551,1.0,29.78
R0002782,2025-03-07 04:21:00,South,Economy,18,0,0.211,1.735,8.372,29.767,64,34,1.8824,1.3706,29.58
R0002783,2025-02-12 06:32:00,Tech Park,Premium,20,1,0.923,1.766,7.247,31.234,73,37,1.973,1.4086,58.92
R0002784,2025-09-01 11:08:00,South,Economy,21,0,3.0,2.347,2.186,12.808,77,38,2.0263,1.4311,18.59
R0002785,2025-11-24 12:33:00,Airport,Economy,2,1,0.286,1.048,10.483,34.2,54,36,1.5,1.21,28.54
R0002786,2025-07-26 03:07:00,South,Economy,6,1,0.208,1.114,6.061,18.072,41,35,1.1714,1.072,13.66
R0002787,2025-12-29 18:12:00,Central,Economy,1,1,1.095,1.395,3.876,18.237,71,43,1.6512,1.2735,17.3
R0002788,2025-07-23 19:37:00,Tech Park,Comfort,0,1,0.452,0.641,5.211,19.503,57,37,1.5405,1.227,24.29
R0002789,2025-08-13 05:55:00,Central,Economy,20,0,1.408,2.008,8.685,33.291,69,41,1.6829,1.2868,37.85
R0002790,2025-08-20 04:41:00,Tech Park,Comfort,22,1,0.579,1.013,7.968,25.053,54,49,1.102,1.0429,23.58
R0002791,2025-07-20 19:27:00,South,Economy,3,0,0.35,1.153,11.072,37.088,22,41,0.5366,1.0,24.84
R0002792,2025-04-08 01:11:00,South,Economy,17,0,0.571,1.952,9.876,33.796,65,43,1.5116,1.2149,30.22
R0002793,2025-09-13 18:46:00,Central,Economy,12,0,1.069,1.137,4.078,16.323,55,38,1.4474,1.1879,13.31
R0002794,2025-07-16 12:25:00,Tech Park,Comfort,1,1,1.038,1.105,1.53,8.325,61,52,1.1731,1.0727,10.39
R0002795,2025-11-19 23:40:00,Tech Park,Economy,21,0,0.13,1.564,8.302,28.314,73,42,1.7381,1.31,26.51
R0002796,2025-02-21 23:28:00,North,Premium,20,0,1.066,1.48,10.99,33.037,60,34,1.7647,1.3212,58.8
R0002797,2025-03-09 07:42:00,Central,Economy,13,1,0.665,1.515,6.949,25.431,60,46,1.3043,1.1278,22.28
R0002798,2025-08-20 22:45:00,Central,Economy,16,0,0.715,1.121,11.171,32.551,58,51,1.1373,1.0576,21.82
R0002799,2025-07-01 06:57:00,Central,Comfort,9,0,0.873,2.003,4.478,14.81,76,26,2.9231,1.8077,27.3
R0002800,2025-05-27 15:04:00,Tech Park,Economy,19,0,0.204,1.527,6.422,23.813,61,34,1.7941,1.3335,22.15
R0002801,2025-05-28 16:39:00,North,Comfort,10,0,0.123,1.578,4.682,20.278,55,33,1.6667,1.28,21.97
R0002802,2025-08-29 05:14:00,Tech Park,Economy,23,1,0.136,1.194,11.399,35.959,65,43,1.5116,1.2149,28.25
R0002803,2025-02-28 10:43:00,Tech Park,Comfort,1,0,1.34,1.043,4.708,17.932,61,54,1.1296,1.0544,19.71
R0002804,2025-06-25 20:40:00,Tech Park,Economy,4,0,1.331,1.221,24.117,77.434,55,44,1.25,1.105,59.15
R0002805,2025-05-31 08:31:00,Tech Park,Premium,23,1,0.023,1.167,5.894,16.409,53,52,1.0192,1.0081,19.59
R0002806,2025-07-25 06:14:00,South,Economy,6,0,0.604,1.07,12.049,35.945,50,53,0.9434,1.0,25.16
R0002807,2025-11-17 11:32:00,North,Comfort,7,1,0.383,1.532,5.936,23.772,68,37,1.8378,1.3519,32.71
R0002808,2025-01-16 05:13:00,Central,Economy,18,0,0.235,1.793,16.211,58.203,79,47,1.6809,1.286,51.74
R0002809,2025-02-11 12:03:00,Tech Park,Comfort,4,1,1.554,1.532,15.875,56.516,62,33,1.8788,1.3691,75.29
R0002810,2025-06-24 10:59:00,University,Comfort,12,0,1.801,1.605,6.501,22.793,50,43,1.1628,1.0684,25.21
R0002811,2025-03-08 03:18:00,North,Comfort,6,0,0.746,1.013,9.035,29.385,52,47,1.1064,1.0447,27.96
R0002812,2025-07-23 18:58:00,University,Economy,4,0,0.36,0.961,15.653,47.313,46,44,1.0455,1.0191,34.36
R0002813,2025-08-23 03:51:00,University,Economy,23,1,0.429,0.992,9.183,27.525,48,54,0.8889,1.0,18.68
R0002814,2025-12-21 23:00:00,North,Comfort,4,0,0.192,1.164,4.681,17.253,45,37,1.2162,1.0908,16.89
R0002815,2025-03-19 13:11:00,Tech Park,Economy,2,1,0.422,0.861,8.073,19.203,64,44,1.4545,1.1909,18.96
R0002816,2025-03-04 02:17:00,South,Economy,16,0,0.271,0.843,5.147,13.354,29,44,0.6591,1.0,10.14
R0002817,2025-03-05 06:59:00,Central,Economy,20,0,1.711,1.729,8.441,30.19,81,47,1.7234,1.3038,33.01
R0002818,2025-09-30 04:04:00,Airport,Economy,3,0,0.071,0.844,5.037,18.02,51,38,1.3421,1.1437,14.65
R0002819,2025-12-04 04:28:00,North,Economy,16,0,1.22,1.379,9.536,29.043,35,56,0.625,1.0,23.05
R0002820,2025-04-24 19:40:00,Tech Park,Comfort,12,0,0.251,1.192,2.904,10.321,53,56,0.9464,1.0,12.14
R0002821,2025-06-10 14:19:00,Central,Economy,19,1,1.058,1.654,4.191,16.681,92,29,3.1724,1.9124,28.92
R0002822,2025-12-27 09:18:00,Tech Park,Economy,3,1,0.548,1.064,5.021,16.879,81,40,2.025,1.4305,20.02
R0002823,2025-03-20 05:02:00,South,Comfort,23,0,1.236,0.765,7.113,20.491,35,55,0.6364,1.0,22.64
R0002824,2025-01-19 06:37:00,Tech Park,Economy,14,0,0.145,0.944,3.382,9.78,48,49,0.9796,1.0,7.88
R0002825,2025-07-04 18:26:00,Central,Premium,20,0,0.343,1.836,4.778,18.209,67,37,1.8108,1.3405,30.55
R0002826,2025-07-24 17:57:00,North,Economy,8,0,0.455,1.54,11.917,43.671,56,36,1.5556,1.2333,36.25
R0002827,2025-01-25 11:53:00,Central,Economy,22,0,0.659,0.922,12.723,36.039,64,51,1.2549,1.1071,33.2
R0002828,2025-07-30 13:13:00,Central,Economy,15,0,0.65,1.365,1.928,3.0,51,52,0.9808,1.0,4.91
R0002829,2025-03-26 23:42:00,Airport,Economy,3,1,0.19,0.834,5.625,18.044,58,43,1.3488,1.1465,11.36
R0002830,2025-02-19 22:26:00,Central,Comfort,22,0,0.132,1.302,15.661,54.227,64,47,1.3617,1.1519,59.1
R0002831,2025-07-28 00:22:00,Central,Economy,19,0,0.482,2.157,9.605,36.487,79,42,1.881,1.37,38.76
R0002832,2025-11-11 10:50:00,South,Economy,7,0,0.584,1.635,9.719,37.927,74,46,1.6087,1.2557,31.67
R0002833,2025-03-08 06:51:00,North,Economy,13,0,0.457,1.306,10.594,36.125,34,47,0.7234,1.0,21.93
R0002834,2025-02-23 17:09:00,Central,Economy,9,0,0.07,1.262,4.584,13.272,69,45,1.5333,1.224,13.15
R0002835,2025-12-04 01:42:00,University,Comfort,13,0,0.607,0.801,8.738,23.815,54,38,1.4211,1.1768,27.01
R0002836,2025-10-22 09:08:00,South,Economy,23,1,0.912,1.021,10.069,29.233,37,44,0.8409,1.0,22.25
R0002837,2025-03-31 06:36:00,University,Economy,21,0,0.744,1.832,8.239,31.592,58,32,1.8125,1.3412,33.83
R0002838,2025-04-17 13:54:00,South,Economy,5,0,0.53,1.096,6.256,19.752,37,49,0.7551,1.0,11.89
R0002839,2025-04-15 12:28:00,Airport,Comfort,23,0,0.692,1.091,7.565,26.457,41,47,0.8723,1.0,21.8
R0002840,2025-06-09 09:28:00,University,Economy,10,0,0.282,1.368,4.149,16.701,64,40,1.6,1.252,15.81
R0002841,2025-09-16 05:44:00,Tech Park,Economy,16,0,1.555,1.257,10.889,32.058,59,42,1.4048,1.17,30.91
R0002842,2025-10-14 01:30:00,South,Comfort,18,0,0.375,1.502,3.527,10.112,61,38,1.6053,1.2542,13.67
R0002843,2025-11-13 02:42:00,South,Economy,11,0,0.936,1.002,4.958,17.241,36,30,1.2,1.084,10.47
R0002844,2025-12-29 16:08:00,North,Comfort,10,0,0.51,1.461,11.302,37.566,53,38,1.3947,1.1658,41.67
R0002845,2025-01-31 03:35:00,North,Economy,10,1,1.28,1.815,9.112,33.853,90,34,2.6471,1.6918,38.6
R0002846,2025-08-28 21:52:00,Tech Park,Premium,20,1,0.367,1.486,5.952,22.424,77,41,1.878,1.3688,37.21
R0002847,2025-07-23 06:44:00,North,Economy,9,0,1.289,1.781,3.029,14.182,71,42,1.6905,1.29,17.73
R0002848,2025-11-23 19:03:00,Central,Economy,6,0,1.713,0.99,7.573,20.684,72,51,1.4118,1.1729,21.01
R0002849,2025-09-25 18:22:00,Airport,Economy,8,1,0.258,1.687,5.493,15.749,82,35,2.3429,1.564,17.44
R0002850,2025-10-30 20:02:00,Central,Economy,4,1,1.18,1.256,10.117,32.79,64,55,1.1636,1.0687,27.46
R0002851,2025-11-12 17:47:00,Central,Economy,9,1,2.014,1.871,5.847,20.903,103,42,2.4524,1.61,32.64
R0002852,2025-10-22 11:25:00,Central,Economy,2,0,0.796,1.172,2.966,10.681,48,44,1.0909,1.0382,10.79
R0002853,2025-02-01 23:29:00,University,Economy,2,0,1.476,1.434,3.629,13.167,38,51,0.7451,1.0,11.49
R0002854,2025-08-15 18:33:00,Central,Comfort,17,0,1.743,1.603,6.142,20.314,89,38,2.3421,1.5637,35.7
R0002855,2025-12-30 02:01:00,Central,Economy,1,1,1.32,1.25,8.247,31.757,61,54,1.1296,1.0544,22.88
R0002856,2025-06-19 00:14:00,Central,Comfort,13,0,0.289,0.817,4.095,12.777,37,49,0.7551,1.0,14.22
R0002857,2025-02-06 04:10:00,South,Comfort,18,0,0.891,1.726,5.118,18.24,47,27,1.7407,1.3111,27.95
R0002858,2025-01-18 05:09:00,South,Economy,17,0,0.985,1.681,12.011,43.507,52,33,1.5758,1.2418,38.24
R0002859,2025-10-21 03:55:00,South,Comfort,10,0,0.057,1.556,14.301,50.893,55,31,1.7742,1.3252,59.93
R0002860,2025-11-08 07:19:00,University,Comfort,4,0,0.55,1.252,9.046,28.277,36,54,0.6667,1.0,28.02
R0002861,2025-02-23 22:37:00,University,Comfort,22,0,0.696,1.273,6.641,27.402,44,50,0.88,1.0,24.59
R0002862,2025-12-16 22:18:00,Tech Park,Economy,20,0,0.926,1.912,5.519,18.435,78,41,1.9024,1.379,17.77
R0002863,2025-08-14 06:45:00,Tech Park,Economy,14,1,0.213,0.967,10.45,28.315,51,53,0.9623,1.0,19.41
R0002864,2025-04-30 03:36:00,Central,Premium,2,0,0.51,1.218,6.527,18.123,57,40,1.425,1.1785,21.95
R0002865,2025-05-05 04:00:00,South,Economy,0,0,0.744,1.225,12.885,41.341,44,46,0.9565,1.0,31.98
R0002866,2025-03-26 23:30:00,Central,Economy,7,1,0.415,1.558,13.263,47.292,90,45,2.0,1.42,46.9
R0002867,2025-05-05 04:07:00,Tech Park,Economy,3,1,0.055,1.031,9.733,29.255,54,36,1.5,1.21,22.79
R0002868,2025-02-11 06:22:00,Central,Comfort,20,0,1.612,1.816,5.908,23.767,78,46,1.6957,1.2922,34.91
R0002869,2025-05-16 04:00:00,Central,Comfort,4,0,2.57,1.714,6.164,24.12,64,47,1.3617,1.1519,29.41
R0002870,2025-02-26 13:56:00,Airport,Premium,6,0,0.833,1.296,3.145,10.619,46,37,1.2432,1.1022,18.44
R0002871,2025-09-20 14:26:00,South,Premium,23,0,0.846,1.092,7.546,24.914,36,43,0.8372,1.0,31.23
R0002872,2025-09-22 00:51:00,Tech Park,Economy,19,0,0.589,1.583,7.418,26.257,76,40,1.9,1.378,27.27
R0002873,2025-05-22 14:07:00,Airport,Economy,5,0,0.134,1.196,3.641,11.768,44,43,1.0233,1.0098,8.99
R0002874,2025-12-30 11:59:00,North,Economy,9,0,0.084,1.806,28.511,102.623,61,42,1.4524,1.19,77.97
R0002875,2025-12-07 17:53:00,North,Economy,12,0,1.517,1.33,10.548,35.559,46,53,0.8679,1.0,27.67
R0002876,2025-10-07 09:05:00,Tech Park,Economy,15,0,2.363,1.544,4.893,20.63,57,52,1.0962,1.0404,17.0
R0002877,2025-03-14 17:54:00,Airport,Premium,22,0,0.904,1.397,24.042,76.688,48,36,1.3333,1.14,101.44
R0002878,2025-06-26 12:12:00,Airport,Economy,20,0,0.41,1.592,5.913,20.568,70,40,1.75,1.315,22.52
R0002879,2025-01-02 19:50:00,South,Economy,23,0,0.51,1.107,12.264,38.538,31,43,0.7209,1.0,26.75
R0002880,2025-01-20 01:35:00,South,Economy,0,0,1.016,1.27,8.151,30.879,34,41,0.8293,1.0,20.03
R0002881,2025-03-06 00:56:00,Tech Park,Economy,5,0,1.455,1.185,6.026,20.87,50,48,1.0417,1.0175,16.87
R0002882,2025-09-09 23:54:00,South,Economy,13,1,0.599,1.414,6.454,20.697,58,46,1.2609,1.1096,17.47
R0002883,2025-12-17 01:50:00,University,Economy,1,1,0.446,1.001,17.118,49.132,52,50,1.04,1.0168,30.25
R0002884,2025-01-08 14:54:00,Central,Economy,8,0,0.209,1.599,12.578,46.544,76,38,2.0,1.42,44.48
R0002885,2025-08-23 00:02:00,North,Economy,3,0,0.365,1.411,7.262,24.405,39,43,0.907,1.0,17.45
R0002886,2025-06-18 08:33:00,University,Comfort,22,0,0.965,0.839,2.515,5.741,45,41,1.0976,1.041,9.29
R0002887,2025-08-13 07:52:00,Airport,Comfort,1,0,0.787,1.181,9.184,31.773,42,46,0.913,1.0,29.64
R0002888,2025-06-04 22:24:00,Tech Park,Comfort,3,1,0.73,1.013,3.914,13.569,62,35,1.7714,1.324,17.16
R0002889,2025-12-23 19:35:00,Airport,Economy,4,0,0.219,1.039,10.446,29.517,39,52,0.75,1.0,18.59
R0002890,2025-03-31 12:46:00,North,Economy,3,1,0.485,0.87,5.245,13.184,43,38,1.1316,1.0553,11.8
R0002891,2025-06-15 11:15:00,Central,Economy,13,0,1.193,1.148,5.556,13.542,62,46,1.3478,1.1461,10.53
R0002892,2025-09-13 17:31:00,South,Premium,8,0,1.894,1.895,5.469,20.153,65,41,1.5854,1.2459,35.72
R0002893,2025-04-25 04:13:00,Tech Park,Economy,21,1,1.145,1.799,13.617,50.905,85,49,1.7347,1.3086,48.37
R0002894,2025-12-27 02:14:00,Airport,Economy,6,0,1.451,1.422,2.94,13.196,45,56,0.8036,1.0,11.38
R0002895,2025-01-04 16:41:00,Central,Premium,12,1,0.057,0.6,11.655,32.273,72,51,1.4118,1.1729,43.52
R0002896,2025-08-16 21:35:00,Central,Premium,15,0,1.652,1.275,9.377,28.013,62,41,1.5122,1.2151,42.88
R0002897,2025-04-12 20:47:00,Central,Economy,15,1,0.893,1.129,7.464,23.341,71,47,1.5106,1.2145,20.02
R0002898,2025-02-11 21:26:00,North,Comfort,19,0,0.737,1.671,6.071,25.714,61,40,1.525,1.2205,30.38
R0002899,2025-06-24 06:09:00,University,Economy,4,0,0.804,1.15,10.151,31.109,44,49,0.898,1.0,21.18
R0002900,2025-08-06 17:46:00,Airport,Economy,12,1,2.183,1.244,6.098,22.138,59,52,1.1346,1.0565,17.9
R0002901,2025-01-01 13:54:00,North,Economy,19,0,0.393,1.342,6.068,22.282,57,40,1.425,1.1785,17.69
R0002902,2025-08-20 00:42:00,North,Premium,20,0,0.804,1.734,8.045,31.521,63,35,1.8,1.336,54.76
R0002903,2025-11-11 06:45:00,Central,Economy,14,1,0.543,0.919,20.003,59.076,61,42,1.4524,1.19,43.61
R0002904,2025-01-03 18:20:00,Central,Comfort,15,0,0.233,1.114,3.38,13.296,42,58,0.7241,1.0,12.22
R0002905,2025-07-19 15:01:00,Tech Park,Economy,20,1,0.104,1.4,10.231,31.388,61,41,1.4878,1.2049,23.27
R0002906,2025-12-18 20:50:00,South,Economy,14,0,0.229,1.166,7.18,26.669,37,45,0.8222,1.0,22.42
R0002907,2025-11-17 21:40:00,Tech Park,Comfort,22,0,0.301,1.044,6.88,17.738,63,50,1.26,1.1092,18.91
R0002908,2025-06-22 11:50:00,North,Comfort,3,0,0.566,1.105,3.354,12.211,50,41,1.2195,1.0922,16.11
R0002909,2025-09-16 19:57:00,South,Premium,8,0,1.451,1.767,2.957,11.898,69,43,1.6047,1.254,22.39
R0002910,2025-04-23 23:13:00,University,Comfort,2,1,0.23,0.968,9.365,27.028,42,52,0.8077,1.0,23.8
R0002911,2025-08-17 15:24:00,Tech Park,Comfort,2,0,0.295,1.011,3.865,10.599,51,62,0.8226,1.0,11.83
R0002912,2025-02-20 20:25:00,University,Economy,11,0,2.148,1.599,13.586,49.029,54,45,1.2,1.084,40.82
R0002913,2025-09-17 09:24:00,Central,Premium,5,0,0.406,0.797,4.443,15.38,52,60,0.8667,1.0,18.87
R0002914,2025-06-19 18:39:00,University,Economy,9,0,0.336,1.494,10.517,36.188,63,40,1.575,1.2415,31.24
R0002915,2025-09-28 01:47:00,Tech Park,Economy,10,0,0.349,1.803,5.659,21.136,71,42,1.6905,1.29,20.67
R0002916,2025-10-23 11:58:00,Tech Park,Economy,14,1,0.685,1.271,5.511,21.571,57,47,1.2128,1.0894,17.0
R0002917,2025-05-27 06:57:00,Tech Park,Economy,22,1,0.573,1.345,4.699,15.577,54,38,1.4211,1.1768,16.27
R0002918,2025-04-18 03:37:00,University,Economy,20,1,0.311,1.595,9.877,35.049,68,33,2.0606,1.4455,33.01
R0002919,2025-09-19 20:49:00,North,Economy,9,0,0.43,1.39,11.514,38.261,66,39,1.6923,1.2908,37.4
R0002920,2025-05-21 10:23:00,Tech Park,Economy,7,0,1.224,1.571,6.53,29.042,72,47,1.5319,1.2234,27.85
R0002921,2025-11-13 11:39:00,Tech Park,Premium,18,0,0.767,1.634,10.753,36.633,73,44,1.6591,1.2768,58.63
R0002922,2025-06-21 03:10:00,Tech Park,Premium,2,1,1.758,1.453,7.822,29.027,67,49,1.3673,1.1543,47.1
R0002923,2025-10-02 06:29:00,Tech Park,Economy,12,0,0.475,1.04,3.729,8.702,55,46,1.1957,1.0822,9.98
R0002924,2025-12-12 16:35:00,Central,Premium,10,0,1.22,1.71,9.566,32.905,81,41,1.9756,1.4098,62.73
R0002925,2025-09-04 06:21:00,Central,Economy,4,0,1.255,1.297,6.584,21.579,62,49,1.2653,1.1114,18.54
R0002926,2025-08-05 20:50:00,North,Economy,14,1,0.291,1.057,1.844,6.65,42,31,1.3548,1.149,5.09
R0002927,2025-11-01 19:41:00,Tech Park,Premium,7,1,0.858,1.625,6.266,22.396,77,38,2.0263,1.4311,41.11
R0002928,2025-10-25 03:31:00,Tech Park,Economy,4,1,0.643,0.935,3.06,9.989,60,41,1.4634,1.1946,10.42
R0002929,2025-03-18 15:12:00,Tech Park,Comfort,15,0,0.063,1.182,3.946,12.037,57,56,1.0179,1.0075,12.91
R0002930,2025-05-25 17:42:00,Tech Park,Economy,4,1,0.112,1.209,6.774,25.179,58,33,1.7576,1.3182,22.55
R0002931,2025-04-29 07:25:00,South,Economy,16,0,0.709,0.937,7.453,20.515,29,52,0.5577,1.0,15.88
R0002932,2025-10-25 12:45:00,Central,Economy,3,0,0.048,0.936,4.907,17.103,47,67,0.7015,1.0,11.63
R0002933,2025-07-30 09:53:00,South,Premium,10,0,0.628,1.783,10.381,40.008,63,39,1.6154,1.2585,64.98
R0002934,2025-02-13 15:37:00,University,Economy,19,0,0.019,1.349,7.294,22.727,50,35,1.4286,1.18,22.93
R0002935,2025-03-16 06:10:00,South,Economy,5,0,0.189,1.1,6.152,19.056,39,52,0.75,1.0,13.97
R0002936,2025-04-18 12:58:00,University,Economy,18,0,0.626,1.604,7.956,28.649,57,44,1.2955,1.1241,23.34
R0002937,2025-09-11 12:20:00,University,Comfort,17,0,0.531,1.427,15.071,54.358,52,38,1.3684,1.1547,54.73
R0002938,2025-08-07 05:28:00,Central,Economy,21,0,0.531,1.966,2.381,9.545,106,48,2.2083,1.5075,15.43
R0002939,2025-10-03 05:13:00,Tech Park,Comfort,4,1,1.001,1.119,15.875,57.111,52,41,1.2683,1.1127,55.36
R0002940,2025-06-07 05:47:00,South,Economy,17,0,1.369,1.891,5.534,23.427,47,35,1.3429,1.144,23.67
R0002941,2025-01-10 09:46:00,North,Economy,22,0,1.483,1.065,5.061,17.213,31,31,1.0,1.0,15.55
R0002942,2025-04-24 04:10:00,Central,Economy,18,0,2.294,2.242,6.226,28.077,86,44,1.9545,1.4009,39.1
R0002943,2025-08-29 22:18:00,Central,Economy,4,1,0.024,1.355,4.77,12.99,57,49,1.1633,1.0686,11.95
R0002944,2025-04-28 07:24:00,Central,Comfort,19,0,0.269,1.328,4.383,18.012,70,46,1.5217,1.2191,20.77
R0002945,2025-01-12 03:00:00,South,Comfort,2,0,0.174,1.002,12.376,34.499,29,39,0.7436,1.0,30.2
R0002946,2025-10-21 12:58:00,Central,Economy,14,0,2.349,1.662,8.481,32.78,69,30,2.3,1.546,41.72
R0002947,2025-01-18 06:07:00,North,Economy,11,0,0.638,1.031,2.705,8.113,45,55,0.8182,1.0,7.95
R0002948,2025-09-18 21:57:00,South,Economy,12,0,0.557,1.174,11.254,34.043,32,33,0.9697,1.0,26.25
R0002949,2025-02-24 09:17:00,North,Comfort,12,0,0.383,0.766,10.388,33.462,45,53,0.8491,1.0,27.17
R0002950,2025-10-11 16:06:00,Tech Park,Premium,0,0,0.362,0.923,3.433,11.013,46,48,0.9583,1.0,12.3
R0002951,2025-03-25 16:19:00,North,Comfort,12,0,0.36,1.12,8.577,23.879,35,45,0.7778,1.0,22.12
R0002952,2025-07-28 08:56:00,Airport,Economy,22,0,0.393,0.965,10.927,35.004,43,42,1.0238,1.01,23.52
R0002953,2025-11-12 03:21:00,University,Economy,10,0,0.354,1.549,3.214,9.636,51,42,1.2143,1.09,11.25
R0002954,2025-03-11 09:17:00,Tech Park,Premium,6,0,1.941,1.077,9.088,31.439,52,41,1.2683,1.1127,45.74
R0002955,2025-07-23 10:36:00,Tech Park,Economy,23,0,2.964,1.651,5.359,19.971,53,43,1.2326,1.0977,19.64
R0002956,2025-10-22 23:07:00,Tech Park,Comfort,2,0,2.832,1.269,10.467,31.442,62,43,1.4419,1.1856,39.43
R0002957,2025-01-21 01:50:00,Central,Premium,11,0,0.059,1.288,4.648,17.924,58,34,1.7059,1.2965,26.88
R0002958,2025-06-09 00:37:00,Tech Park,Comfort,12,0,0.306,0.932,13.78,41.815,46,46,1.0,1.0,33.01
R0002959,2025-12-17 22:12:00,Central,Economy,11,0,0.037,1.151,6.794,17.403,62,41,1.5122,1.2151,13.53
R0002960,2025-10-26 05:09:00,North,Economy,22,0,2.91,1.65,5.539,20.485,58,44,1.3182,1.1336,17.51
R0002961,2025-06-20 10:07:00,Central,Premium,10,0,0.836,1.523,5.221,19.618,71,46,1.5435,1.2283,33.19
R0002962,2025-01-11 16:40:00,Tech Park,Economy,23,0,1.193,1.111,12.562,39.647,60,43,1.3953,1.166,32.88
R0002963,2025-07-20 22:05:00,Central,Premium,1,0,0.515,1.01,5.219,16.274,49,38,1.2895,1.1216,26.46
R0002964,2025-01-17 14:41:00,Central,Economy,17,0,0.559,1.581,13.919,50.372,72,44,1.6364,1.2673,39.64
R0002965,2025-09-16 03:40:00,Airport,Comfort,14,0,1.612,1.057,8.735,28.505,55,55,1.0,1.0,31.73
R0002966,2025-04-27 00:35:00,Tech Park,Premium,5,1,0.633,1.21,3.625,12.729,47,38,1.2368,1.0995,18.35
R0002967,2025-11-03 04:10:00,Central,Economy,5,0,0.657,0.994,7.88,23.793,53,51,1.0392,1.0165,14.2
R0002968,2025-06-09 03:38:00,North,Economy,17,0,1.11,1.729,7.971,29.882,57,45,1.2667,1.112,21.41
R0002969,2025-08-04 04:24:00,Central,Economy,15,1,1.0,1.361,3.561,11.592,67,42,1.5952,1.25,12.07
R0002970,2025-03-05 19:41:00,Tech Park,Comfort,14,0,0.612,1.213,7.803,23.294,45,49,0.9184,1.0,23.62
R0002971,2025-08-17 05:32:00,Central,Economy,1,0,0.373,0.955,10.467,28.983,52,52,1.0,1.0,20.14
R0002972,2025-06-29 04:10:00,University,Economy,14,0,0.344,1.249,14.447,46.237,43,40,1.075,1.0315,30.12
R0002973,2025-02-01 07:31:00,Central,Comfort,23,1,1.502,1.39,14.103,45.188,66,46,1.4348,1.1826,54.18
R0002974,2025-08-29 16:14:00,Airport,Premium,0,1,0.671,0.994,28.904,84.816,37,41,0.9024,1.0,96.72
R0002975,2025-01-20 16:19:00,Central,Comfort,11,0,0.262,0.955,7.77,26.661,58,42,1.381,1.16,23.5
R0002976,2025-12-01 10:05:00,Airport,Economy,11,1,1.307,1.415,10.534,35.312,51,45,1.1333,1.056,30.33
R0002977,2025-04-05 19:18:00,North,Premium,21,0,0.602,1.798,5.565,21.721,46,30,1.5333,1.224,33.3
R0002978,2025-06-17 20:04:00,Central,Comfort,6,0,0.055,0.739,21.896,59.646,60,52,1.1538,1.0646,47.38
R0002979,2025-07-20 04:52:00,University,Economy,11,0,0.28,0.869,4.759,17.647,42,47,0.8936,1.0,12.09
R0002980,2025-08-21 09:12:00,North,Premium,17,0,0.603,1.784,21.361,81.326,70,41,1.7073,1.2971,129.83
R0002981,2025-11-24 07:57:00,Central,Economy,1,0,0.078,0.803,19.906,54.855,49,53,0.9245,1.0,31.53
R0002982,2025-07-01 01:20:00,North,Premium,19,1,0.799,1.839,5.045,21.327,74,26,2.8462,1.7754,47.85
R0002983,2025-03-05 08:48:00,Central,Comfort,19,0,0.927,2.065,13.735,58.371,77,39,1.9744,1.4092,78.52
R0002984,2025-12-11 18:36:00,Central,Comfort,17,0,1.406,1.87,9.986,35.293,91,42,2.1667,1.49,56.42
R0002985,2025-12-10 01:45:00,Central,Economy,15,0,0.729,0.965,6.193,21.432,54,50,1.08,1.0336,15.9
R0002986,2025-05-26 16:57:00,Airport,Economy,17,0,0.298,1.635,7.209,22.469,72,46,1.5652,1.2374,22.99
R0002987,2025-04-07 10:42:00,Central,Economy,18,0,0.058,1.747,8.989,33.339,75,42,1.7857,1.33,31.99
R0002988,2025-09-22 13:11:00,University,Comfort,21,1,0.054,1.577,9.472,33.31,56,37,1.5135,1.2157,34.84
R0002989,2025-10-27 03:26:00,Tech Park,Comfort,10,0,0.503,1.728,17.669,59.913,70,27,2.5926,1.6689,88.81
R0002990,2025-02-09 03:35:00,University,Economy,10,0,0.503,1.497,10.635,39.228,79,45,1.7556,1.3173,35.76
R0002991,2025-04-15 02:20:00,Central,Economy,15,0,0.073,0.883,5.086,16.069,47,29,1.6207,1.2607,14.86
R0002992,2025-04-15 00:54:00,Tech Park,Comfort,4,1,0.781,1.304,11.693,36.388,55,40,1.375,1.1575,38.81
R0002993,2025-05-28 19:38:00,Central,Economy,20,1,0.379,1.49,2.971,12.075,97,47,2.0638,1.4468,14.95
R0002994,2025-08-01 23:38:00,Central,Economy,18,0,0.196,1.12,6.28,22.339,68,48,1.4167,1.175,17.82
R0002995,2025-09-14 10:34:00,Tech Park,Economy,15,0,0.134,0.969,6.622,16.637,50,46,1.087,1.0365,12.51
R0002996,2025-11-02 12:12:00,Airport,Economy,7,0,1.955,1.958,11.157,36.018,90,30,3.0,1.84,53.68
R0002997,2025-11-18 23:42:00,North,Economy,8,1,0.043,1.748,20.572,74.153,67,33,2.0303,1.4327,65.63
R0002998,2025-05-28 17:51:00,Tech Park,Comfort,10,1,2.384,2.275,8.756,34.694,91,36,2.5278,1.6417,68.23
R0002999,2025-03-31 17:27:00,South,Economy,15,1,0.21,1.053,6.368,23.199,48,50,0.96,1.0,13.88
R0003000,2025-01-24 22:08:00,North,Economy,18,0,2.559,2.129,5.291,21.106,66,47,1.4043,1.1698,20.12
R0003001,2025-10-09 20:12:00,Central,Comfort,16,0,0.063,1.033,12.296,38.185,66,47,1.4043,1.1698,36.24
R0003002,2025-03-28 20:19:00,Airport,Premium,22,0,0.848,1.216,6.979,22.609,40,50,0.8,1.0,29.06
R0003003,2025-12-29 14:46:00,University,Economy,23,0,1.666,1.266,5.89,16.512,57,49,1.1633,1.0686,14.89
R0003004,2025-05-01 19:17:00,Central,Comfort,16,0,1.695,1.375,13.108,43.755,57,47,1.2128,1.0894,43.54
R0003005,2025-05-26 18:34:00,Central,Comfort,8,0,0.844,1.57,14.777,48.602,71,54,1.3148,1.1322,53.79
R0003006,2025-09-22 20:25:00,Central,Premium,14,0,0.739,1.489,4.583,13.672,50,42,1.1905,1.08,20.93
R0003007,2025-02-05 16:12:00,University,Economy,10,1,0.092,1.136,3.411,9.371,69,32,2.1562,1.4856,13.84
R0003008,2025-04-02 00:18:00,Tech Park,Economy,15,1,1.314,1.339,7.361,22.363,75,40,1.875,1.3675,24.03
R0003009,2025-07-28 11:21:00,North,Economy,19,1,1.535,1.884,4.149,16.186,72,35,2.0571,1.444,21.98
R0003010,2025-06-20 08:16:00,University,Comfort,8,1,0.616,1.728,3.848,14.178,69,40,1.725,1.3045,18.0
R0003011,2025-03-28 23:16:00,Airport,Comfort,12,0,0.714,0.916,4.383,14.52,50,42,1.1905,1.08,10.32
R0003012,2025-05-07 03:49:00,University,Economy,1,0,3.0,1.238,13.813,40.887,50,46,1.087,1.0365,34.81
R0003013,2025-02-03 17:36:00,Airport,Economy,17,0,0.107,1.678,11.109,39.566,73,45,1.6222,1.2613,30.89
R0003014,2025-11-15 20:17:00,North,Economy,11,0,0.866,1.397,30.012,97.611,40,38,1.0526,1.0221,68.88
R0003015,2025-08-09 09:49:00,Airport,Economy,11,0,1.287,1.271,5.457,19.027,55,50,1.1,1.042,17.41
R0003016,2025-11-21 09:38:00,University,Premium,12,0,0.051,1.154,16.142,50.975,50,39,1.2821,1.1185,63.76
R0003017,2025-05-09 09:45:00,University,Economy,5,1,0.061,0.928,10.191,30.777,54,42,1.2857,1.12,20.44
R0003018,2025-10-21 07:13:00,South,Comfort,14,1,0.261,1.107,5.72,16.428,49,43,1.1395,1.0586,16.55
R0003019,2025-04-21 09:52:00,Central,Economy,17,1,0.287,1.822,7.166,27.344,87,46,1.8913,1.3743,28.8
R0003020,2025-05-12 04:34:00,Central,Comfort,8,1,0.239,1.537,5.705,19.518,76,36,2.1111,1.4667,28.26
R0003021,2025-11-29 03:24:00,North,Comfort,3,1,0.3,1.267,8.956,32.398,41,48,0.8542,1.0,26.28
R0003022,2025-05-18 04:19:00,Central,Economy,9,0,0.309,1.311,13.366,44.041,69,40,1.725,1.3045,33.06
R0003023,2025-02-10 05:37:00,Airport,Comfort,4,1,0.607,0.999,6.343,20.062,67,45,1.4889,1.2053,23.23
R0003024,2025-08-15 17:24:00,South,Comfort,8,1,0.203,1.685,12.387,41.812,72,48,1.5,1.21,45.56
R0003025,2025-06-12 23:24:00,South,Premium,15,1,0.446,1.423,15.63,51.143,59,36,1.6389,1.2683,77.96
R0003026,2025-11-14 21:23:00,University,Economy,2,0,0.577,1.107,17.666,54.901,45,52,0.8654,1.0,35.37
R0003027,2025-09-18 09:34:00,North,Economy,17,0,0.383,1.433,4.075,14.643,57,38,1.5,1.21,13.82
R0003028,2025-11-01 20:20:00,Central,Economy,5,1,0.864,1.494,7.561,26.404,62,42,1.4762,1.2,23.26
R0003029,2025-08-15 11:54:00,North,Comfort,21,0,1.867,1.863,11.475,39.34,66,37,1.7838,1.3292,54.67
R0003030,2025-02-18 04:16:00,Central,Economy,17,0,0.101,1.688,4.273,14.599,73,43,1.6977,1.293,19.28
R0003031,2025-08-22 21:08:00,South,Premium,6,0,0.182,0.973,3.78,11.769,39,52,0.75,1.0,14.6
R0003032,2025-08-02 20:14:00,Tech Park,Economy,13,0,1.145,1.232,7.656,27.853,70,45,1.5556,1.2333,24.42
R0003033,2025-10-21 19:52:00,Central,Premium,2,0,0.767,1.037,6.19,15.484,63,49,1.2857,1.12,24.15
R0003034,2025-01-08 08:04:00,Central,Economy,2,1,1.224,1.627,7.065,23.456,70,35,2.0,1.42,27.49
R0003035,2025-05-04 20:26:00,University,Economy,22,1,1.081,1.409,5.994,16.79,51,43,1.186,1.0781,15.2
R0003036,2025-02-26 07:51:00,North,Economy,19,1,0.296,1.922,25.481,96.071,61,38,1.6053,1.2542,77.59
R0003037,2025-06-15 00:19:00,South,Economy,3,0,1.983,1.215,6.026,22.686,54,48,1.125,1.0525,16.74
R0003038,2025-12-31 18:50:00,Tech Park,Comfort,6,0,2.022,1.035,10.72,33.703,46,38,1.2105,1.0884,36.24
R0003039,2025-04-30 23:28:00,South,Economy,4,0,0.19,0.981,10.332,32.57,32,32,1.0,1.0,20.67
R0003040,2025-01-13 11:14:00,Airport,Economy,9,0,1.771,2.322,3.068,11.575,79,39,2.0256,1.4308,17.11
R0003041,2025-04-04 12:05:00,Tech Park,Premium,6,0,2.498,1.392,17.398,58.56,60,45,1.3333,1.14,93.76
R0003042,2025-09-28 05:54:00,University,Economy,7,1,1.1,1.937,10.959,40.315,82,36,2.2778,1.5367,49.51
R0003043,2025-05-14 16:59:00,Airport,Economy,12,1,0.418,0.891,8.468,25.404,48,52,0.9231,1.0,19.56
R0003044,2025-03-15 01:59:00,Central,Premium,4,0,0.274,0.9,13.896,41.723,43,51,0.8431,1.0,44.13
R0003045,2025-05-04 04:20:00,Tech Park,Economy,21,0,0.419,1.611,7.566,26.73,70,37,1.8919,1.3746,28.79
R0003046,2025-09-11 21:31:00,South,Economy,17,0,0.125,1.952,12.617,50.106,64,30,2.1333,1.476,46.25
R0003047,2025-06-04 11:34:00,North,Economy,18,0,0.881,1.907,2.768,11.3,62,37,1.6757,1.2838,13.65
R0003048,2025-04-14 12:16:00,South,Economy,4,0,0.499,0.72,12.178,34.523,40,51,0.7843,1.0,24.43
R0003049,2025-11-09 15:18:00,Tech Park,Economy,16,0,0.093,1.137,8.593,31.58,47,46,1.0217,1.0091,18.44
R0003050,2025-07-04 01:34:00,North,Premium,20,0,0.281,1.394,8.668,30.632,70,31,2.2581,1.5284,52.78
R0003051,2025-05-08 06:17:00,Central,Economy,4,0,1.655,1.175,4.888,14.754,75,49,1.5306,1.2229,15.57
R0003052,2025-11-08 07:40:00,Airport,Premium,18,1,0.896,1.803,6.887,25.117,87,29,3.0,1.84,65.34
R0003053,2025-06-12 04:44:00,North,Economy,8,0,0.245,1.846,6.777,27.946,42,37,1.1351,1.0568,24.99
R0003054,2025-03-16 23:40:00,University,Economy,18,0,2.447,2.233,4.152,20.186,76,41,1.8537,1.3585,28.4
R0003055,2025-06-07 08:02:00,South,Economy,11,0,0.79,1.202,9.46,30.477,42,36,1.1667,1.07,20.91
R0003056,2025-10-14 16:54:00,Central,Economy,19,0,0.144,1.638,18.453,61.666,70,36,1.9444,1.3967,56.5
R0003057,2025-04-14 08:59:00,University,Economy,3,0,0.421,1.318,3.555,10.679,44,54,0.8148,1.0,12.79
R0003058,2025-03-10 06:05:00,North,Comfort,9,1,0.084,1.281,10.172,33.83,53,32,1.6562,1.2756,38.99
R0003059,2025-06-25 16:25:00,North,Comfort,6,1,1.98,1.685,6.164,24.244,42,37,1.1351,1.0568,24.79
R0003060,2025-11-24 02:56:00,Airport,Comfort,5,0,1.258,1.094,5.785,20.949,69,48,1.4375,1.1838,25.73
R0003061,2025-11-13 09:27:00,Tech Park,Economy,7,0,0.258,1.643,8.094,24.928,75,36,2.0833,1.455,25.37
R0003062,2025-11-18 11:13:00,Tech Park,Comfort,9,0,1.241,1.684,8.162,31.832,74,43,1.7209,1.3028,40.56
R0003063,2025-04-11 12:08:00,Tech Park,Economy,3,0,0.767,0.93,8.598,29.063,53,37,1.4324,1.1816,25.04
R0003064,2025-11-06 00:16:00,Central,Comfort,16,0,1.745,1.397,4.17,9.736,58,49,1.1837,1.0771,12.82
R0003065,2025-06-27 15:47:00,North,Comfort,13,1,0.014,1.045,14.146,43.055,56,43,1.3023,1.127,38.55
R0003066,2025-05-01 23:19:00,Central,Economy,19,0,1.138,1.736,8.122,31.803,66,36,1.8333,1.35,34.93
R0003067,2025-06-26 08:18:00,University,Economy,16,0,0.556,1.073,10.768,30.288,62,44,1.4091,1.1718,26.04
R0003068,2025-09-19 22:17:00,Airport,Premium,3,0,0.129,1.298,15.15,48.174,36,50,0.72,1.0,55.49
R0003069,2025-09-10 17:48:00,South,Economy,1,0,1.358,1.639,2.7,12.03,41,45,0.9111,1.0,14.47
R0003070,2025-10-14 15:13:00,Tech Park,Comfort,10,1,1.163,1.985,10.987,41.412,72,34,2.1176,1.4694,62.1
R0003071,2025-07-02 16:29:00,Central,Premium,11,0,0.091,1.066,7.097,21.682,54,47,1.1489,1.0626,27.6
R0003072,2025-03-11 22:25:00,Central,Economy,5,0,0.441,0.785,13.604,38.947,56,51,1.098,1.0412,25.39
R0003073,2025-03-24 16:20:00,Airport,Economy,18,0,1.028,1.848,4.999,17.027,79,47,1.6809,1.286,17.26
R0003074,2025-03-19 02:57:00,South,Economy,13,1,0.259,1.168,12.993,38.684,48,50,0.96,1.0,22.13
R0003075,2025-05-15 12:40:00,University,Comfort,17,0,0.268,1.737,4.348,17.865,69,40,1.725,1.3045,24.68
R0003076,2025-02-13 16:41:00,North,Economy,2,0,1.495,1.064,9.691,32.217,35,40,0.875,1.0,22.56
R0003077,2025-03-05 10:08:00,University,Economy,19,0,2.716,2.192,9.082,37.918,81,51,1.5882,1.2471,47.87
R0003078,2025-08-26 07:59:00,Central,Economy,4,0,1.388,1.531,7.131,28.394,65,47,1.383,1.1609,23.43
R0003079,2025-02-02 00:57:00,North,Premium,10,1,0.103,1.392,4.403,16.659,55,34,1.6176,1.2594,24.66
R0003080,2025-07-30 09:01:00,University,Premium,10,0,0.001,1.673,6.342,27.586,55,30,1.8333,1.35,45.23
R0003081,2025-03-01 18:06:00,University,Economy,19,0,0.157,1.432,12.905,43.808,67,42,1.5952,1.25,33.4
R0003082,2025-03-27 17:53:00,Central,Premium,6,0,1.129,1.184,17.607,55.874,51,51,1.0,1.0,63.75
R0003083,2025-02-06 00:08:00,Tech Park,Comfort,5,0,1.252,1.055,22.755,69.431,48,59,0.8136,1.0,63.86
R0003084,2025-07-30 04:02:00,University,Premium,8,0,0.396,1.558,10.379,35.14,68,41,1.6585,1.2766,49.92
R0003085,2025-02-03 12:43:00,Tech Park,Economy,8,1,0.154,1.516,8.92,29.572,89,36,2.4722,1.6183,33.68
R0003086,2025-12-08 18:55:00,South,Economy,4,0,0.437,1.153,9.943,29.647,38,44,0.8636,1.0,20.81
R0003087,2025-02-21 16:18:00,Central,Comfort,4,0,0.049,1.169,22.436,68.569,50,36,1.3889,1.1633,67.48
R0003088,2025-05-10 06:06:00,Airport,Economy,5,0,0.429,1.296,10.343,38.654,40,48,0.8333,1.0,26.67
R0003089,2025-05-17 15:17:00,South,Economy,11,1,0.52,0.976,8.15,28.976,51,33,1.5455,1.2291,29.52
R0003090,2025-02-12 17:36:00,North,Comfort,8,0,0.374,1.682,6.676,24.011,44,34,1.2941,1.1235,25.24
R0003091,2025-02-22 03:32:00,Central,Economy,9,0,0.189,1.386,7.114,23.543,81,51,1.5882,1.2471,18.32
R0003092,2025-07-01 05:46:00,Central,Economy,17,0,0.806,1.675,9.607,30.152,81,36,2.25,1.525,40.32
R0003093,2025-06-27 20:44:00,North,Economy,5,0,1.366,1.254,5.138,15.321,47,40,1.175,1.0735,14.13
R0003094,2025-06-05 04:51:00,North,Economy,21,1,0.455,1.466,5.504,17.86,64,31,2.0645,1.4471,18.49
R0003095,2025-04-04 11:26:00,North,Economy,18,0,1.37,1.897,7.5,28.003,67,45,1.4889,1.2053,24.21
R0003096,2025-12-25 04:44:00,North,Economy,4,0,0.392,1.043,6.058,18.035,43,45,0.9556,1.0,12.71
R0003097,2025-11-02 17:01:00,Airport,Economy,7,0,0.187,1.611,10.784,38.851,66,39,1.6923,1.2908,32.27
R0003098,2025-05-05 23:59:00,University,Comfort,4,0,1.601,1.509,11.253,40.703,38,37,1.027,1.0114,38.59
R0003099,2025-02-12 04:52:00,South,Economy,6,0,1.165,1.133,8.974,26.938,36,41,0.878,1.0,15.82
R0003100,2025-05-27 02:29:00,Central,Economy,8,0,0.601,1.811,10.17,41.167,88,43,2.0465,1.4395,41.43
R0003101,2025-09-19 04:20:00,North,Comfort,3,0,0.87,1.416,8.287,29.225,17,52,0.3269,1.0,28.48
R0003102,2025-10-27 22:14:00,North,Economy,0,1,0.354,1.312,0.965,6.509,45,40,1.125,1.0525,5.35
R0003103,2025-01-27 15:50:00,South,Economy,10,1,0.396,1.587,4.798,16.844,57,32,1.7812,1.3281,16.9
R0003104,2025-03-23 04:48:00,South,Economy,16,0,0.745,0.959,11.462,35.543,29,35,0.8286,1.0,22.87
R0003105,2025-12-20 16:00:00,South,Comfort,7,1,0.041,1.43,4.897,18.488,59,39,1.5128,1.2154,21.09
R0003106,2025-05-13 12:03:00,Tech Park,Economy,20,1,0.583,1.369,12.435,44.693,75,30,2.5,1.63,52.79
R0003107,2025-09-17 17:55:00,Airport,Economy,8,0,1.346,1.916,12.825,50.111,61,39,1.5641,1.2369,47.42
R0003108,2025-10-18 06:24:00,Central,Economy,21,0,0.201,1.721,6.713,26.957,69,47,1.4681,1.1966,20.9
R0003109,2025-11-11 19:57:00,Airport,Comfort,5,0,0.432,1.099,5.614,17.088,47,43,1.093,1.0391,16.74
R0003110,2025-12-25 11:15:00,North,Comfort,12,0,3.0,1.292,7.809,28.717,39,40,0.975,1.0,32.2
R0003111,2025-02-03 14:55:00,North,Premium,18,0,0.889,1.644,7.582,24.832,60,34,1.7647,1.3212,41.17
R0003112,2025-05-01 13:57:00,Tech Park,Comfort,1,0,0.589,1.355,10.967,35.347,43,47,0.9149,1.0,30.0
R0003113,2025-08-11 10:41:00,Central,Economy,22,1,0.127,1.133,2.143,8.576,67,37,1.8108,1.3405,8.63
R0003114,2025-02-17 06:41:00,South,Economy,8,0,0.268,1.739,5.188,17.267,52,30,1.7333,1.308,17.7
R0003115,2025-01-03 13:42:00,Central,Economy,11,1,0.734,1.728,4.451,15.13,61,41,1.4878,1.2049,14.9
R0003116,2025-07-15 20:11:00,North,Economy,15,0,0.373,1.126,1.944,5.317,35,40,0.875,1.0,3.51
R0003117,2025-05-16 09:27:00,Tech Park,Economy,15,0,2.258,1.018,5.917,19.583,51,45,1.1333,1.056,16.26
R0003118,2025-03-02 15:34:00,Airport,Economy,0,1,0.493,0.89,3.405,10.708,44,33,1.3333,1.14,10.09
R0003119,2025-12-25 13:45:00,Central,Comfort,20,0,0.237,1.648,6.277,25.279,66,45,1.4667,1.196,30.22
R0003120,2025-06-20 12:26:00,North,Comfort,14,0,0.663,1.123,5.939,23.481,41,45,0.9111,1.0,18.9
R0003121,2025-05-14 14:39:00,Tech Park,Economy,23,0,1.078,1.163,9.968,32.383,62,43,1.4419,1.1856,25.41
R0003122,2025-12-11 01:09:00,Central,Economy,11,0,1.653,1.27,6.769,21.558,58,51,1.1373,1.0576,16.28
R0003123,2025-07-30 00:30:00,University,Economy,14,0,0.156,0.887,3.064,10.901,36,52,0.6923,1.0,6.08
R0003124,2025-03-31 15:51:00,University,Economy,10,0,1.264,1.845,9.399,33.535,69,29,2.3793,1.5793,35.73
R0003125,2025-07-08 14:04:00,Tech Park,Economy,21,0,1.962,2.154,29.398,115.456,85,44,1.9318,1.3914,127.18
R0003126,2025-10-09 18:29:00,Central,Economy,19,0,2.007,2.223,14.031,62.194,77,39,1.9744,1.4092,71.42
R0003127,2025-04-24 23:05:00,Tech Park,Economy,21,0,1.263,2.084,11.286,44.182,74,34,2.1765,1.4941,52.58
R0003128,2025-04-05 13:57:00,Airport,Premium,12,0,0.421,0.904,6.976,21.825,57,43,1.3256,1.1367,29.89
R0003129,2025-01-22 05:36:00,University,Economy,18,0,0.391,1.617,5.93,21.45,61,39,1.5641,1.2369,19.15
R0003130,2025-07-25 23:06:00,North,Economy,8,0,0.364,1.559,5.708,19.864,47,32,1.4688,1.1969,16.85
R0003131,2025-11-14 18:52:00,Central,Economy,11,0,0.846,1.259,8.867,30.223,47,47,1.0,1.0,23.61
R0003132,2025-01-26 23:34:00,Central,Economy,18,1,0.722,1.665,4.159,13.116,82,49,1.6735,1.2829,15.83
R0003133,2025-09-01 02:27:00,Tech Park,Economy,1,0,0.441,1.039,8.769,26.852,50,46,1.087,1.0365,18.84
R0003134,2025-02-09 20:20:00,University,Premium,17,0,0.521,1.906,5.392,18.303,64,24,2.6667,1.7,41.25
R0003135,2025-12-23 15:05:00,North,Economy,0,0,0.645,1.134,3.025,14.016,29,34,0.8529,1.0,11.08
R0003136,2025-03-06 06:58:00,North,Economy,13,1,0.465,1.106,5.351,19.671,43,46,0.9348,1.0,14.49
R0003137,2025-08-14 15:30:00,Tech Park,Premium,11,0,0.335,1.135,15.458,46.41,53,54,0.9815,1.0,51.46
R0003138,2025-12-31 08:10:00,Tech Park,Economy,11,0,0.146,1.148,8.382,22.779,43,35,1.2286,1.096,17.97
R0003139,2025-02-08 16:43:00,Tech Park,Economy,11,0,0.159,1.151,1.101,5.913,46,34,1.3529,1.1482,7.68
R0003140,2025-07-11 17:32:00,North,Economy,11,0,0.456,1.361,5.363,18.604,45,41,1.0976,1.041,15.35
R0003141,2025-06-11 17:44:00,South,Economy,9,0,0.882,1.477,12.766,48.637,55,30,1.8333,1.35,47.51
R0003142,2025-01-13 04:40:00,Tech Park,Premium,10,0,0.933,1.776,6.592,28.051,79,37,2.1351,1.4768,56.12
R0003143,2025-04-07 14:32:00,Central,Economy,13,0,1.054,1.171,10.361,34.454,54,57,0.9474,1.0,26.51
R0003144,2025-09-07 12:30:00,North,Comfort,18,0,0.934,1.664,6.25,21.99,64,41,1.561,1.2356,26.67
R0003145,2025-12-08 19:35:00,Airport,Economy,13,0,0.38,1.205,8.595,27.346,45,39,1.1538,1.0646,21.66
R0003146,2025-09-21 12:43:00,North,Comfort,15,1,0.158,1.262,7.92,26.896,44,43,1.0233,1.0098,24.89
R0003147,2025-03-19 11:19:00,Tech Park,Comfort,20,0,0.215,1.482,5.445,20.304,70,40,1.75,1.315,26.56
R0003148,2025-08-04 13:49:00,Central,Comfort,23,1,0.573,1.407,10.637,34.468,55,54,1.0185,1.0078,31.94
R0003149,2025-06-12 07:28:00,South,Comfort,2,1,0.732,0.874,18.036,48.871,36,36,1.0,1.0,43.48
R0003150,2025-05-05 17:45:00,Airport,Comfort,17,1,1.352,1.9,9.598,40.915,82,40,2.05,1.441,56.81
R0003151,2025-12-11 21:51:00,University,Economy,5,1,2.021,1.204,8.225,26.85,66,55,1.2,1.084,23.99
R0003152,2025-02-27 09:16:00,Tech Park,Economy,4,0,0.41,0.958,4.885,16.427,45,52,0.8654,1.0,14.2
R0003153,2025-02-01 13:23:00,South,Economy,19,0,0.756,1.697,13.014,45.063,63,33,1.9091,1.3818,48.38
R0003154,2025-03-28 19:52:00,Tech Park,Economy,1,0,1.098,1.126,5.865,22.14,53,42,1.2619,1.11,18.05
R0003155,2025-09-29 19:18:00,Airport,Economy,20,0,0.647,1.151,10.574,35.81,86,39,2.2051,1.5062,40.3
R0003156,2025-05-16 04:13:00,Tech Park,Comfort,18,0,0.223,1.7,11.81,42.911,70,39,1.7949,1.3338,50.97
R0003157,2025-08-23 04:38:00,Tech Park,Comfort,23,0,0.274,1.19,13.372,42.896,45,46,0.9783,1.0,38.09
R0003158,2025-06-05 07:14:00,Airport,Premium,16,0,1.445,1.231,13.509,43.957,49,52,0.9423,1.0,55.67
R0003159,2025-06-07 15:50:00,University,Economy,20,1,0.442,1.586,13.243,46.722,63,38,1.6579,1.2763,43.65
R0003160,2025-04-07 13:11:00,Airport,Comfort,2,0,0.49,1.021,3.893,14.086,54,44,1.2273,1.0955,15.35
R0003161,2025-02-06 21:20:00,South,Comfort,21,0,1.765,1.56,4.843,18.677,49,35,1.4,1.168,22.7
R0003162,2025-04-07 08:21:00,Central,Premium,3,0,1.128,0.876,3.652,11.317,53,47,1.1277,1.0536,18.14
R0003163,2025-11-02 15:48:00,Tech Park,Comfort,7,0,0.098,1.712,3.519,11.264,73,44,1.6591,1.2768,14.92
R0003164,2025-12-24 17:08:00,Airport,Economy,3,1,1.007,1.373,17.974,59.267,57,37,1.5405,1.227,50.51
R0003165,2025-01-10 23:14:00,Airport,Economy,9,0,1.071,1.85,4.517,19.513,65,46,1.413,1.1735,15.95
R0003166,2025-07-17 18:43:00,North,Premium,17,0,2.527,2.073,4.18,18.915,71,51,1.3922,1.1647,36.74
R0003167,2025-10-14 12:04:00,University,Comfort,6,0,0.246,1.185,7.533,27.419,43,54,0.7963,1.0,20.22
R0003168,2025-08-28 15:45:00,Central,Comfort,19,0,0.957,1.851,5.154,23.294,78,53,1.4717,1.1981,27.57
R0003169,2025-08-09 15:07:00,South,Comfort,14,0,0.348,0.921,26.952,79.4,26,52,0.5,1.0,59.78
R0003170,2025-06-02 18:34:00,North,Comfort,15,1,0.329,1.099,6.683,21.858,51,47,1.0851,1.0357,18.42
R0003171,2025-03-12 08:48:00,Tech Park,Comfort,22,0,2.167,1.337,9.923,33.872,56,42,1.3333,1.14,39.5
R0003172,2025-02-27 04:01:00,Central,Premium,10,0,1.454,1.761,5.057,18.171,86,41,2.0976,1.461,37.24
R0003173,2025-07-24 15:41:00,South,Premium,8,0,0.101,1.773,3.114,14.336,53,37,1.4324,1.1816,23.59
R0003174,2025-08-21 08:08:00,University,Economy,23,0,0.078,1.298,5.203,20.816,37,42,0.881,1.0,14.1
R0003175,2025-09-11 07:31:00,Central,Economy,13,1,1.042,0.765,5.234,17.924,70,60,1.1667,1.07,14.72
R0003176,2025-06-21 03:17:00,North,Economy,14,0,0.536,1.051,5.214,18.067,42,39,1.0769,1.0323,12.29
R0003177,2025-05-22 16:38:00,University,Economy,7,0,0.208,1.532,3.222,11.771,70,38,1.8421,1.3537,14.6
R0003178,2025-11-05 19:11:00,Central,Comfort,5,0,1.059,1.4,8.372,27.839,73,35,2.0857,1.456,39.59
R0003179,2025-10-20 05:40:00,North,Comfort,4,0,0.942,0.909,6.454,19.365,35,41,0.8537,1.0,19.58
R0003180,2025-02-20 00:01:00,Central,Economy,5,0,0.632,0.6,3.327,8.41,45,53,0.8491,1.0,8.78
R0003181,2025-12-16 01:35:00,Tech Park,Economy,4,0,0.694,1.273,8.235,27.895,71,48,1.4792,1.2012,25.51
R0003182,2025-01-29 21:04:00,University,Economy,17,1,0.23,1.765,11.813,37.286,83,40,2.075,1.4515,39.33
R0003183,2025-09-29 02:12:00,South,Comfort,1,0,0.936,0.847,15.011,41.897,31,57,0.5439,1.0,37.49
R0003184,2025-10-04 09:16:00,South,Economy,15,0,2.851,1.491,2.052,8.457,42,43,0.9767,1.0,11.3
R0003185,2025-01-01 18:35:00,North,Economy,22,1,0.133,1.299,5.197,23.396,52,43,1.2093,1.0879,17.67
R0003186,2025-06-29 17:57:00,Airport,Economy,18,1,1.413,1.61,3.655,14.005,77,28,2.75,1.735,21.02
R0003187,2025-05-05 20:21:00,Central,Economy,9,0,0.174,1.6,5.426,20.092,80,37,2.1622,1.4881,23.92
R0003188,2025-01-05 03:22:00,Central,Economy,1,0,1.203,1.308,16.672,52.378,62,58,1.069,1.029,40.37
R0003189,2025-11-30 04:06:00,Airport,Comfort,20,0,0.522,1.387,5.207,22.096,86,44,1.9545,1.4009,28.76
R0003190,2025-07-26 03:24:00,South,Premium,0,1,1.23,1.12,5.982,17.667,36,43,0.8372,1.0,24.74
R0003191,2025-05-04 09:16:00,Central,Economy,16,0,0.145,0.722,4.923,19.086,57,51,1.1176,1.0494,14.34
R0003192,2025-01-31 02:11:00,Airport,Economy,16,0,0.72,1.1,18.997,56.578,62,36,1.7222,1.3033,48.49
R0003193,2025-03-11 09:03:00,North,Economy,4,0,1.33,1.097,2.193,10.111,33,51,0.6471,1.0,6.89
R0003194,2025-06-08 00:55:00,Central,Economy,17,0,0.747,1.722,5.72,21.474,86,40,2.15,1.483,22.98
R0003195,2025-02-22 13:37:00,Central,Economy,4,0,1.118,1.316,4.826,15.551,60,43,1.3953,1.166,14.4
R0003196,2025-02-11 11:34:00,Central,Economy,5,1,0.384,1.319,3.014,13.28,45,48,0.9375,1.0,10.6
R0003197,2025-10-20 12:58:00,Central,Economy,19,0,1.144,2.176,14.242,59.958,90,48,1.875,1.3675,59.2
R0003198,2025-01-09 06:58:00,South,Comfort,23,0,2.148,1.424,2.881,10.487,43,45,0.9556,1.0,9.8
R0003199,2025-03-30 21:48:00,Tech Park,Economy,6,1,0.378,1.011,6.033,19.001,62,52,1.1923,1.0808,14.62
R0003200,2025-04-04 00:52:00,Tech Park,Comfort,22,0,1.102,1.131,7.439,22.993,62,57,1.0877,1.0368,23.15
R0003201,2025-06-17 01:06:00,Tech Park,Economy,21,0,0.274,1.426,5.14,18.757,56,30,1.8667,1.364,20.55
R0003202,2025-10-05 07:52:00,South,Economy,18,0,2.332,2.05,2.993,10.442,72,41,1.7561,1.3176,18.35
R0003203,2025-07-03 14:28:00,University,Economy,3,0,0.102,0.929,7.081,15.685,39,45,0.8667,1.0,9.49
R0003204,2025-02-10 17:52:00,North,Economy,7,0,0.897,1.805,5.109,15.696,65,29,2.2414,1.5214,21.42
R0003205,2025-12-18 07:57:00,South,Economy,16,0,0.648,0.949,12.119,35.63,35,38,0.9211,1.0,29.09
R0003206,2025-10-18 03:30:00,North,Comfort,23,0,0.382,0.985,10.318,28.935,39,41,0.9512,1.0,22.84
R0003207,2025-08-25 08:40:00,Central,Premium,19,0,0.367,1.694,22.632,80.223,69,53,1.3019,1.1268,104.17
R0003208,2025-09-23 09:23:00,Central,Economy,10,0,0.594,1.634,8.252,28.755,86,41,2.0976,1.461,32.81
R0003209,2025-12-17 06:27:00,Central,Economy,5,1,2.073,1.028,10.741,31.347,83,45,1.8444,1.3547,33.25
R0003210,2025-10-21 04:10:00,Tech Park,Economy,23,0,0.795,1.14,6.376,19.325,55,47,1.1702,1.0715,16.19
R0003211,2025-03-18 04:38:00,Airport,Comfort,6,1,0.076,0.869,19.915,59.17,47,46,1.0217,1.0091,49.25
R0003212,2025-07-23 18:48:00,Tech Park,Economy,8,0,0.792,1.905,7.812,30.683,93,40,2.325,1.5565,38.01
R0003213,2025-11-11 04:51:00,University,Economy,23,0,1.543,1.453,7.342,29.059,44,40,1.1,1.042,24.0
R0003214,2025-08-20 16:43:00,North,Comfort,13,0,0.24,0.632,10.457,28.785,40,45,0.8889,1.0,25.48
R0003215,2025-03-17 03:17:00,Airport,Comfort,6,0,0.75,1.279,5.448,14.391,41,38,1.0789,1.0332,13.6
R0003216,2025-05-29 08:57:00,North,Comfort,0,0,1.563,1.351,5.902,18.08,46,54,0.8519,1.0,21.08
R0003217,2025-04-11 19:41:00,Central,Economy,10,0,0.863,1.438,10.453,35.962,93,44,2.1136,1.4677,40.93
R0003218,2025-06-25 07:12:00,University,Economy,23,0,0.682,1.281,11.62,38.505,33,50,0.66,1.0,28.79
R0003219,2025-12-24 02:30:00,Tech Park,Economy,10,0,0.445,1.4,10.787,35.16,65,52,1.25,1.105,27.79
R0003220,2025-05-04 11:49:00,Tech Park,Comfort,16,0,0.523,1.3,7.433,23.202,59,41,1.439,1.1844,29.36
R0003221,2025-06-30 16:22:00,North,Comfort,6,0,1.153,1.091,9.014,27.001,34,48,0.7083,1.0,26.14
R0003222,2025-12-16 09:40:00,Tech Park,Economy,18,0,1.28,1.507,13.174,45.066,76,41,1.8537,1.3585,46.76
R0003223,2025-05-12 18:09:00,Tech Park,Premium,18,0,1.26,2.159,4.256,17.925,82,52,1.5769,1.2423,36.45
R0003224,2025-12-31 19:27:00,Airport,Economy,14,0,0.286,0.773,7.774,20.13,54,38,1.4211,1.1768,16.03
R0003225,2025-08-27 06:38:00,Central,Comfort,18,0,0.006,1.406,1.566,7.125,75,42,1.7857,1.33,12.86
R0003226,2025-01-11 11:57:00,Airport,Economy,13,0,0.393,0.961,11.671,35.481,41,45,0.9111,1.0,20.72
R0003227,2025-10-12 10:48:00,North,Economy,9,0,1.387,1.718,5.051,18.986,44,33,1.3333,1.14,16.76
R0003228,2025-04-30 05:01:00,University,Economy,17,0,2.456,2.118,5.125,19.713,80,60,1.3333,1.14,19.82
R0003229,2025-06-15 11:18:00,South,Comfort,20,0,0.19,1.595,7.264,27.715,52,30,1.7333,1.308,28.84
R0003230,2025-02-16 02:24:00,North,Economy,20,1,1.1,1.929,10.919,44.698,60,37,1.6216,1.2611,40.5
R0003231,2025-11-02 03:14:00,University,Economy,5,0,0.31,1.123,28.948,87.483,44,44,1.0,1.0,54.01
R0003232,2025-04-13 05:56:00,Central,Comfort,16,1,1.956,1.051,3.306,9.849,69,39,1.7692,1.3231,15.41
R0003233,2025-08-22 19:46:00,Airport,Comfort,0,0,1.368,1.345,4.868,18.072,61,54,1.1296,1.0544,17.51
R0003234,2025-01-19 13:56:00,University,Comfort,13,0,0.842,1.194,8.809,25.921,47,46,1.0217,1.0091,19.94
R0003235,2025-11-10 13:25:00,University,Comfort,13,0,0.901,1.05,5.209,14.017,41,46,0.8913,1.0,13.33
R0003236,2025-09-21 06:28:00,Tech Park,Comfort,8,0,1.791,2.246,12.302,48.773,64,43,1.4884,1.2051,61.81
R0003237,2025-12-13 07:33:00,Central,Comfort,23,0,0.052,1.119,7.083,23.437,45,49,0.9184,1.0,24.08
R0003238,2025-08-24 00:21:00,University,Economy,21,1,0.569,1.822,12.641,45.052,96,35,2.7429,1.732,55.66
R0003239,2025-08-23 00:29:00,Tech Park,Economy,0,0,0.158,1.204,6.776,22.284,43,35,1.2286,1.096,20.3
R0003240,2025-09-27 21:01:00,Tech Park,Economy,5,0,0.887,1.084,10.482,28.226,55,55,1.0,1.0,18.92
R0003241,2025-09-17 22:03:00,Central,Economy,4,0,0.728,1.245,4.589,17.12,64,49,1.3061,1.1286,16.68
R0003242,2025-12-23 22:49:00,North,Economy,21,0,0.841,1.758,22.547,84.585,68,38,1.7895,1.3316,78.17
R0003243,2025-01-30 08:46:00,Tech Park,Economy,12,1,0.127,0.923,3.05,8.143,51,45,1.1333,1.056,6.48
R0003244,2025-06-28 14:41:00,University,Economy,17,0,1.555,1.61,5.263,20.469,68,39,1.7436,1.3123,22.73
R0003245,2025-10-17 23:07:00,South,Comfort,19,0,1.205,1.771,3.557,13.688,74,36,2.0556,1.4433,22.15
R0003246,2025-03-04 22:13:00,South,Comfort,18,1,0.38,1.724,12.063,44.141,64,35,1.8286,1.348,53.42
R0003247,2025-12-23 01:43:00,Tech Park,Economy,2,1,1.288,1.235,10.452,33.355,50,45,1.1111,1.0467,21.91
R0003248,2025-08-11 19:29:00,South,Premium,3,0,0.017,0.97,3.975,12.259,33,43,0.7674,1.0,18.42
R0003249,2025-06-22 10:20:00,North,Economy,9,0,0.164,1.585,13.442,45.329,49,40,1.225,1.0945,34.46
R0003250,2025-02-01 10:06:00,Airport,Economy,8,1,0.591,1.605,5.29,17.155,66,40,1.65,1.273,15.68
R0003251,2025-05-29 04:36:00,Central,Economy,17,0,0.454,1.911,9.612,39.234,70,31,2.2581,1.5284,44.07
R0003252,2025-12-17 17:34:00,Tech Park,Economy,3,0,1.88,1.387,10.937,33.122,62,54,1.1481,1.0622,26.8
R0003253,2025-09-13 04:52:00,Airport,Economy,8,0,1.136,1.667,6.789,24.995,74,47,1.5745,1.2413,27.01
R0003254,2025-09-22 14:00:00,Airport,Comfort,5,1,2.211,1.073,12.812,39.305,57,44,1.2955,1.1241,43.44
R0003255,2025-03-19 09:16:00,University,Economy,4,1,0.098,0.982,7.176,22.098,45,44,1.0227,1.0095,15.13
R0003256,2025-05-24 09:21:00,Tech Park,Economy,4,0,0.45,0.977,9.359,29.921,49,44,1.1136,1.0477,19.7
R0003257,2025-02-12 21:24:00,Airport,Economy,4,0,0.152,0.917,6.681,19.587,46,55,0.8364,1.0,14.56
R0003258,2025-10-07 23:24:00,Central,Economy,13,0,0.846,1.322,2.78,11.76,48,30,1.6,1.252,12.58
R0003259,2025-12-05 17:03:00,Tech Park,Comfort,9,0,0.099,1.582,7.258,30.507,67,48,1.3958,1.1662,34.19
R0003260,2025-05-28 03:27:00,North,Comfort,10,1,0.744,1.381,4.804,16.654,63,28,2.25,1.525,26.13
R0003261,2025-01-25 14:20:00,North,Comfort,11,0,0.266,1.159,16.706,47.739,43,33,1.303,1.1273,51.81
R0003262,2025-12-03 08:04:00,North,Economy,17,0,1.302,1.5,3.668,13.382,64,41,1.561,1.2356,14.41
R0003263,2025-09-11 20:08:00,Central,Economy,20,0,0.597,1.782,15.238,55.291,61,41,1.4878,1.2049,44.32
R0003264,2025-06-24 16:33:00,Tech Park,Economy,12,0,0.072,0.927,7.04,22.367,48,45,1.0667,1.028,14.13
R0003265,2025-04-21 00:47:00,Airport,Comfort,15,1,1.482,1.282,9.712,27.61,78,55,1.4182,1.1756,31.15
R0003266,2025-04-19 17:12:00,North,Economy,17,0,1.502,1.816,3.637,15.282,47,39,1.2051,1.0862,13.58
R0003267,2025-01-04 20:38:00,Central,Economy,16,1,1.241,1.197,6.555,20.677,73,49,1.4898,1.2057,22.19
R0003268,2025-08-31 01:54:00,Airport,Economy,3,0,0.372,1.105,5.39,19.375,31,50,0.62,1.0,13.43
R0003269,2025-03-29 03:33:00,Central,Comfort,23,0,1.031,1.2,24.7,76.193,56,55,1.0182,1.0076,68.7
R0003270,2025-03-04 05:32:00,University,Economy,3,0,1.615,1.627,5.317,21.663,49,53,0.9245,1.0,15.48
R0003271,2025-10-30 14:47:00,Central,Premium,9,0,0.539,1.687,14.649,49.216,77,46,1.6739,1.283,77.93
R0003272,2025-03-26 20:11:00,Central,Economy,15,0,0.564,1.146,14.762,46.182,57,58,0.9828,1.0,24.58
R0003273,2025-01-08 10:20:00,Central,Economy,9,0,0.677,1.544,14.536,48.239,84,50,1.68,1.2856,43.73
R0003274,2025-06-22 02:41:00,Tech Park,Economy,5,0,1.257,1.295,5.603,18.08,62,42,1.4762,1.2,16.63
R0003275,2025-03-19 15:44:00,North,Economy,22,1,0.773,0.955,20.962,67.47,52,36,1.4444,1.1867,55.62
R0003276,2025-09-19 03:35:00,University,Economy,1,0,1.094,1.404,23.493,75.608,43,40,1.075,1.0315,55.75
R0003277,2025-09-27 03:32:00,Tech Park,Comfort,5,0,0.512,0.825,9.506,26.833,41,32,1.2812,1.1181,28.18
R0003278,2025-06-02 00:54:00,South,Economy,23,1,0.499,0.938,6.014,16.107,34,42,0.8095,1.0,10.77
R0003279,2025-12-25 19:42:00,South,Economy,17,0,1.129,1.46,4.839,16.749,62,46,1.3478,1.1461,16.49
R0003280,2025-10-10 15:02:00,Airport,Economy,2,1,0.319,1.133,10.069,31.508,52,41,1.2683,1.1127,27.56
R0003281,2025-08-31 11:39:00,University,Economy,18,0,0.194,1.509,8.05,26.71,65,33,1.9697,1.4073,25.1
R0003282,2025-05-19 02:07:00,University,Premium,23,0,0.302,1.178,8.589,31.175,47,51,0.9216,1.0,34.2
R0003283,2025-07-14 21:37:00,Central,Economy,2,0,0.477,0.91,3.701,14.493,50,58,0.8621,1.0,11.01
R0003284,2025-04-26 07:21:00,South,Comfort,9,1,0.635,1.76,7.91,27.466,69,33,2.0909,1.4582,39.82
R0003285,2025-05-23 05:15:00,Central,Economy,11,0,0.374,1.172,14.572,47.684,53,42,1.2619,1.11,35.72
R0003286,2025-08-17 22:55:00,South,Economy,3,0,0.421,1.114,12.162,36.892,38,47,0.8085,1.0,25.68
R0003287,2025-09-25 04:04:00,Tech Park,Comfort,4,1,0.881,1.164,6.186,17.597,55,37,1.4865,1.2043,21.66
R0003288,2025-07-29 08:03:00,University,Economy,4,0,0.263,1.072,7.316,21.584,40,43,0.9302,1.0,13.93
R0003289,2025-03-19 19:51:00,Central,Comfort,4,1,1.223,1.056,3.464,8.948,60,41,1.4634,1.1946,15.8
R0003290,2025-07-16 09:43:00,Tech Park,Economy,9,1,0.225,1.397,5.388,21.013,71,47,1.5106,1.2145,21.1
R0003291,2025-01-30 23:56:00,Tech Park,Economy,11,1,0.619,1.209,6.443,19.403,62,39,1.5897,1.2477,19.09
R0003292,2025-04-16 17:19:00,Central,Premium,5,1,0.581,1.038,11.005,36.607,70,37,1.8919,1.3746,61.18
R0003293,2025-09-14 01:01:00,South,Economy,6,1,1.869,1.418,5.267,18.957,48,32,1.5,1.21,19.38
R0003294,2025-01-03 12:45:00,South,Premium,4,0,0.52,1.373,4.394,14.747,38,52,0.7308,1.0,17.43
R0003295,2025-11-28 04:18:00,Tech Park,Premium,19,1,1.371,1.715,11.784,41.726,99,38,2.6053,1.6742,95.05
R0003296,2025-09-30 10:31:00,University,Economy,5,1,1.132,1.096,6.157,23.711,47,43,1.093,1.0391,15.75
R0003297,2025-11-15 08:15:00,Airport,Economy,21,0,0.35,1.555,4.897,18.032,80,41,1.9512,1.3995,23.07
R0003298,2025-05-14 04:36:00,Central,Comfort,12,0,1.742,1.321,12.144,38.917,62,47,1.3191,1.134,40.96
R0003299,2025-05-18 14:29:00,Central,Economy,19,1,0.369,1.727,9.997,38.548,90,42,2.1429,1.48,43.14
R0003300,2025-01-04 21:51:00,Central,Comfort,15,0,0.458,1.077,6.93,23.342,54,47,1.1489,1.0626,26.02
R0003301,2025-12-09 12:58:00,North,Economy,6,0,0.944,1.544,6.403,20.857,35,40,0.875,1.0,14.12
R0003302,2025-04-06 11:36:00,University,Economy,14,0,0.415,1.15,9.571,30.491,29,59,0.4915,1.0,17.79
R0003303,2025-01-30 11:59:00,North,Economy,6,0,0.103,1.159,10.447,29.23,25,51,0.4902,1.0,20.79
R0003304,2025-02-14 18:06:00,Tech Park,Comfort,2,1,0.466,1.077,8.714,27.269,54,39,1.3846,1.1615,31.45
R0003305,2025-01-24 18:33:00,North,Comfort,6,0,0.458,1.265,8.301,28.131,43,46,0.9348,1.0,26.9
R0003306,2025-01-18 18:56:00,Central,Economy,6,0,0.208,1.001,5.564,18.624,62,44,1.4091,1.1718,14.1
R0003307,2025-07-18 16:59:00,Tech Park,Economy,3,1,0.612,0.994,5.751,15.95,44,42,1.0476,1.02,15.3
R0003308,2025-04-25 03:49:00,South,Economy,0,0,0.626,1.276,7.067,22.026,38,55,0.6909,1.0,20.55
R0003309,2025-09-10 13:03:00,Central,Economy,22,0,0.886,1.149,4.579,15.903,69,52,1.3269,1.1373,12.77
R0003310,2025-02-17 11:54:00,University,Economy,12,0,0.164,1.074,4.293,16.971,52,49,1.0612,1.0257,13.25
R0003311,2025-04-11 01:36:00,North,Economy,9,1,0.178,1.759,7.394,27.913,74,35,2.1143,1.468,30.96
R0003312,2025-07-14 19:35:00,Central,Economy,22,1,1.257,1.251,13.386,41.949,66,52,1.2692,1.1131,32.73
R0003313,2025-08-03 04:49:00,North,Economy,5,0,0.218,1.012,2.484,10.865,36,54,0.6667,1.0,7.39
R0003314,2025-12-27 03:14:00,Tech Park,Economy,9,0,0.79,1.596,6.263,23.119,73,36,2.0278,1.4317,23.44
R0003315,2025-01-21 14:13:00,Central,Comfort,20,0,0.501,1.831,9.024,34.439,84,37,2.2703,1.5335,46.57
R0003316,2025-06-08 23:46:00,Tech Park,Economy,15,0,0.281,0.989,14.01,43.755,52,44,1.1818,1.0764,32.05
R0003317,2025-11-25 02:09:00,South,Premium,9,0,1.851,1.874,20.904,77.438,69,37,1.8649,1.3632,142.86
R0003318,2025-09-08 00:15:00,North,Economy,6,0,0.634,1.166,6.741,19.945,33,35,0.9429,1.0,18.02
R0003319,2025-07-24 04:09:00,Tech Park,Economy,0,0,0.331,1.11,22.986,69.978,53,55,0.9636,1.0,45.4
R0003320,2025-12-20 20:56:00,North,Comfort,2,0,0.075,1.196,9.98,34.55,30,50,0.6,1.0,29.14
R0003321,2025-12-11 16:24:00,North,Economy,3,0,1.066,1.179,12.156,42.769,52,41,1.2683,1.1127,36.25
R0003322,2025-07-22 00:49:00,Airport,Comfort,18,1,0.216,1.837,4.323,14.431,63,40,1.575,1.2415,19.04
R0003323,2025-08-01 06:01:00,Central,Economy,15,0,1.727,1.266,9.968,36.263,75,50,1.5,1.21,31.46
R0003324,2025-12-14 08:51:00,North,Economy,10,0,0.57,1.719,12.747,45.454,60,43,1.3953,1.166,39.15
R0003325,2025-11-06 09:39:00,Central,Comfort,18,0,3.0,2.057,5.317,21.74,70,43,1.6279,1.2637,33.16
R0003326,2025-07-16 12:54:00,South,Economy,3,1,0.458,1.459,1.853,11.337,56,40,1.4,1.168,11.45
R0003327,2025-12-13 18:29:00,Central,Economy,5,0,0.206,0.974,8.431,24.863,56,48,1.1667,1.07,18.82
R0003328,2025-01-26 04:20:00,Central,Economy,9,0,0.646,1.619,6.902,24.546,74,47,1.5745,1.2413,23.13
R0003329,2025-06-21 12:34:00,South,Economy,22,0,0.317,1.078,16.27,48.344,40,42,0.9524,1.0,31.91
R0003330,2025-10-21 13:26:00,Central,Economy,14,0,0.027,0.957,5.777,18.126,48,35,1.3714,1.156,15.43
R0003331,2025-05-01 10:00:00,South,Comfort,20,1,1.3,1.841,5.271,21.239,59,30,1.9667,1.406,32.35
R0003332,2025-11-10 05:37:00,Tech Park,Economy,5,0,0.808,1.367,4.078,13.087,48,55,0.8727,1.0,10.31
R0003333,2025-04-28 19:33:00,Central,Premium,20,0,0.255,1.622,5.493,23.526,61,34,1.7941,1.3335,36.79
R0003334,2025-10-09 16:03:00,Airport,Economy,1,1,0.162,1.062,33.677,99.304,65,50,1.3,1.126,64.39
R0003335,2025-05-16 00:52:00,North,Economy,5,0,0.188,0.993,3.246,11.989,28,50,0.56,1.0,8.33
R0003336,2025-10-07 05:49:00,Airport,Economy,12,0,0.615,1.02,3.727,12.429,54,40,1.35,1.147,12.68
R0003337,2025-04-07 12:12:00,North,Comfort,1,0,2.712,1.506,7.539,29.34,55,43,1.2791,1.1172,39.36
R0003338,2025-05-05 00:59:00,Tech Park,Comfort,20,0,0.492,1.64,23.012,78.985,69,48,1.4375,1.1838,82.57
R0003339,2025-12-10 11:38:00,South,Economy,20,0,0.069,1.774,11.68,44.31,77,36,2.1389,1.4783,47.39
R0003340,2025-10-11 17:21:00,North,Economy,12,1,0.213,0.866,18.243,57.65,40,52,0.7692,1.0,33.09
R0003341,2025-07-12 14:10:00,University,Comfort,7,1,0.688,1.936,6.285,21.554,67,36,1.8611,1.3617,30.52
R0003342,2025-02-08 05:58:00,Airport,Economy,2,1,0.263,1.021,3.616,10.07,51,38,1.3421,1.1437,9.55
R0003343,2025-08-10 02:48:00,University,Economy,14,0,0.126,1.049,6.067,23.935,26,42,0.619,1.0,17.11
R0003344,2025-05-30 03:11:00,Tech Park,Comfort,12,0,0.509,0.9,7.253,21.622,54,38,1.4211,1.1768,22.1
R0003345,2025-01-26 02:20:00,North,Economy,18,0,0.212,1.689,7.815,28.992,46,32,1.4375,1.1838,26.01
R0003346,2025-04-01 18:06:00,Central,Comfort,14,1,0.725,0.958,6.905,20.546,54,40,1.35,1.147,22.86
R0003347,2025-11-19 02:16:00,Central,Comfort,3,1,0.743,1.201,10.75,38.151,72,39,1.8462,1.3554,46.27
R0003348,2025-09-22 01:52:00,University,Economy,2,0,0.961,1.223,5.251,14.172,56,45,1.2444,1.1027,12.23
R0003349,2025-01-30 07:30:00,Central,Economy,18,0,1.109,1.691,4.665,20.49,72,45,1.6,1.252,17.63
R0003350,2025-10-04 07:22:00,University,Economy,3,1,0.247,0.673,4.005,8.749,51,52,0.9808,1.0,7.05
R0003351,2025-07-08 02:55:00,North,Comfort,22,1,1.281,1.62,8.695,27.848,51,50,1.02,1.0084,30.13
R0003352,2025-11-05 13:59:00,North,Economy,2,1,0.409,0.884,8.233,22.172,59,46,1.2826,1.1187,14.23
R0003353,2025-11-13 00:00:00,South,Economy,17,0,0.043,1.607,14.158,49.579,58,45,1.2889,1.1213,32.49
R0003354,2025-09-11 11:26:00,Central,Economy,23,0,1.161,1.078,18.19,53.879,59,40,1.475,1.1995,43.3
R0003355,2025-02-08 06:05:00,North,Economy,10,0,1.829,2.068,3.999,15.023,52,38,1.3684,1.1547,15.45
R0003356,2025-03-10 14:03:00,University,Economy,1,0,0.48,1.018,7.869,22.4,57,43,1.3256,1.1367,24.14
R0003357,2025-10-31 10:08:00,Central,Economy,21,1,1.34,1.656,6.938,23.486,84,48,1.75,1.315,25.46
R0003358,2025-04-13 05:39:00,University,Economy,4,0,0.516,1.2,3.336,9.69,47,43,1.093,1.0391,8.39
R0003359,2025-09-19 01:55:00,University,Economy,12,0,0.322,0.829,5.81,18.02,47,52,0.9038,1.0,14.86
R0003360,2025-07-13 18:10:00,Airport,Economy,23,0,0.525,1.02,18.387,53.736,47,48,0.9792,1.0,34.32
R0003361,2025-07-17 06:55:00,South,Economy,17,0,0.581,1.779,5.485,15.174,51,35,1.4571,1.192,15.46
R0003362,2025-08-27 08:16:00,Central,Economy,1,0,0.69,1.395,5.006,17.617,51,58,0.8793,1.0,16.93
R0003363,2025-05-03 01:58:00,South,Economy,19,0,0.431,1.454,7.549,27.955,53,35,1.5143,1.216,19.82
R0003364,2025-06-22 02:30:00,University,Economy,3,1,1.12,1.091,12.825,39.078,44,42,1.0476,1.02,25.65
R0003365,2025-09-22 08:39:00,University,Economy,17,0,0.918,1.779,6.569,22.125,66,36,1.8333,1.35,25.06
R0003366,2025-10-09 19:12:00,University,Premium,14,0,0.188,0.674,8.333,24.998,40,52,0.7692,1.0,26.37
R0003367,2025-12-10 09:27:00,Central,Economy,6,0,0.349,1.307,2.211,5.47,42,41,1.0244,1.0102,4.86
R0003368,2025-03-10 13:36:00,South,Economy,10,0,1.069,1.563,10.642,36.743,59,45,1.3111,1.1307,32.28
R0003369,2025-03-01 16:53:00,Central,Economy,2,0,0.505,1.012,8.773,26.983,47,47,1.0,1.0,17.23
R0003370,2025-11-17 23:17:00,University,Comfort,23,1,0.265,1.095,12.636,41.535,53,44,1.2045,1.0859,38.75
R0003371,2025-01-03 04:49:00,Central,Economy,5,0,0.488,1.097,2.781,11.065,54,45,1.2,1.084,9.52
R0003372,2025-10-22 11:40:00,Central,Premium,7,1,0.095,1.394,6.577,23.3,75,40,1.875,1.3675,38.76
R0003373,2025-01-02 14:12:00,Airport,Economy,12,0,1.636,1.604,13.201,48.612,50,35,1.4286,1.18,42.47
R0003374,2025-06-25 20:18:00,Central,Economy,16,0,0.6,0.644,5.718,13.807,63,43,1.4651,1.1953,14.36
R0003375,2025-12-27 16:52:00,Central,Economy,12,0,0.316,0.855,7.989,27.159,55,37,1.4865,1.2043,23.46
R0003376,2025-08-01 12:35:00,Airport,Comfort,12,0,0.088,0.901,6.201,12.219,45,50,0.9,1.0,11.28
R0003377,2025-07-23 09:34:00,University,Economy,13,1,2.301,1.243,6.285,24.167,59,51,1.1569,1.0659,17.95
R0003378,2025-08-20 02:00:00,Tech Park,Premium,20,0,0.076,1.783,14.76,52.28,63,33,1.9091,1.3818,86.05
R0003379,2025-07-04 22:56:00,Central,Premium,9,0,0.837,1.402,3.551,13.847,79,41,1.9268,1.3893,25.08
R0003380,2025-01-10 14:56:00,Tech Park,Economy,19,0,0.434,1.908,7.556,32.433,75,42,1.7857,1.33,30.1
R0003381,2025-03-11 09:32:00,North,Economy,18,1,0.488,1.588,8.922,33.064,69,28,2.4643,1.615,34.0
R0003382,2025-08-31 14:28:00,Tech Park,Economy,23,0,0.547,0.853,13.013,38.436,53,58,0.9138,1.0,24.16
R0003383,2025-04-22 14:39:00,Central,Economy,21,1,0.332,1.232,7.264,25.901,80,33,2.4242,1.5982,28.6
R0003384,2025-05-16 12:31:00,South,Economy,19,0,0.585,1.617,13.235,43.563,70,28,2.5,1.63,48.28
R0003385,2025-08-10 22:57:00,North,Economy,5,1,0.67,0.994,7.538,20.397,52,38,1.3684,1.1547,17.32
R0003386,2025-01-17 14:41:00,Central,Premium,18,0,1.012,1.775,8.296,31.617,77,49,1.5714,1.24,53.12
R0003387,2025-02-24 06:54:00,South,Economy,17,0,0.92,1.635,8.123,29.004,66,40,1.65,1.273,30.62
R0003388,2025-08-09 04:33:00,Tech Park,Comfort,6,1,0.192,1.207,11.138,35.069,60,39,1.5385,1.2262,40.35
R0003389,2025-07-02 15:13:00,Tech Park,Comfort,16,0,0.241,1.018,10.464,34.727,44,39,1.1282,1.0538,29.44
R0003390,2025-08-29 10:17:00,Central,Economy,6,0,1.285,1.155,4.211,16.801,57,44,1.2955,1.1241,13.78
R0003391,2025-01-07 00:56:00,North,Economy,12,0,0.377,1.243,8.753,26.666,41,40,1.025,1.0105,16.12
R0003392,2025-08-20 08:28:00,Tech Park,Economy,19,0,0.794,1.734,10.458,39.326,77,42,1.8333,1.35,40.29
R0003393,2025-09-29 07:44:00,Airport,Premium,4,0,1.51,1.411,17.356,54.46,59,44,1.3409,1.1432,80.66
R0003394,2025-12-25 21:53:00,Airport,Economy,8,0,0.617,1.868,4.46,14.231,58,40,1.45,1.189,17.24
R0003395,2025-03-15 02:31:00,North,Comfort,19,1,0.181,1.53,10.445,34.531,58,41,1.4146,1.1741,36.68
R0003396,2025-10-18 16:41:00,Central,Economy,10,1,0.186,1.59,6.415,23.207,91,41,2.2195,1.5122,24.45
R0003397,2025-12-24 06:24:00,North,Economy,23,0,0.431,1.229,8.632,26.781,50,46,1.087,1.0365,19.33
R0003398,2025-05-02 08:31:00,Airport,Premium,0,0,0.433,0.637,4.304,13.646,44,39,1.1282,1.0538,17.38
R0003399,2025-12-18 03:15:00,South,Economy,17,1,0.149,1.558,7.711,27.488,63,31,2.0323,1.4335,26.24
R0003400,2025-07-23 04:42:00,Tech Park,Comfort,19,0,0.226,1.55,9.257,35.126,58,40,1.45,1.189,37.31
R0003401,2025-02-03 18:37:00,Tech Park,Economy,22,0,0.93,1.235,4.556,16.822,55,51,1.0784,1.0329,12.14
R0003402,2025-09-27 20:00:00,South,Economy,3,0,1.303,1.09,17.233,50.515,35,34,1.0294,1.0124,39.08
R0003403,2025-06-24 08:27:00,North,Economy,23,0,0.389,1.267,3.322,13.871,49,34,1.4412,1.1853,10.01
R0003404,2025-01-28 09:35:00,University,Economy,9,0,0.866,1.573,10.44,34.966,59,36,1.6389,1.2683,34.89
R0003405,2025-04-15 06:47:00,Tech Park,Comfort,8,1,0.059,1.478,2.043,9.159,87,38,2.2895,1.5416,14.52
R0003406,2025-07-05 21:49:00,South,Economy,8,1,0.104,1.449,6.751,22.574,62,37,1.6757,1.2838,15.29
R0003407,2025-07-21 05:52:00,Central,Economy,15,0,0.478,1.307,10.113,36.383,51,65,0.7846,1.0,20.48
R0003408,2025-06-19 18:10:00,South,Economy,15,0,1.573,0.908,11.495,35.544,41,47,0.8723,1.0,25.44
R0003409,2025-07-28 18:41:00,South,Economy,11,0,1.053,1.511,7.331,24.419,39,41,0.9512,1.0,18.02
R0003410,2025-09-20 03:49:00,Tech Park,Comfort,1,0,0.963,1.439,6.801,22.91,60,44,1.3636,1.1527,26.83
R0003411,2025-10-04 16:15:00,Tech Park,Economy,23,1,0.483,0.985,10.613,39.338,56,48,1.1667,1.07,26.02
R0003412,2025-07-03 07:56:00,University,Premium,5,0,0.132,1.209,13.103,39.049,44,45,0.9778,1.0,45.95
R0003413,2025-08-22 18:24:00,University,Economy,2,1,1.392,1.274,16.59,51.889,56,50,1.12,1.0504,38.57
R0003414,2025-11-02 05:16:00,South,Economy,14,0,0.138,1.322,3.819,12.146,34,45,0.7556,1.0,10.92
R0003415,2025-03-04 08:00:00,University,Economy,9,0,0.776,1.861,6.956,24.213,63,37,1.7027,1.2951,26.5
R0003416,2025-05-19 01:17:00,University,Economy,14,0,0.655,1.513,2.325,6.936,40,34,1.1765,1.0741,8.65
R0003417,2025-07-12 09:48:00,Airport,Comfort,21,0,0.116,1.29,3.662,12.781,62,49,1.2653,1.1114,13.61
R0003418,2025-04-04 21:52:00,South,Comfort,2,1,0.055,1.044,5.274,18.041,40,36,1.1111,1.0467,19.47
R0003419,2025-12-09 08:54:00,Central,Economy,6,0,0.961,0.863,12.5,32.788,60,45,1.3333,1.14,25.99
R0003420,2025-07-17 19:04:00,Central,Premium,12,0,0.572,1.01,5.963,17.737,43,53,0.8113,1.0,20.89
R0003421,2025-01-12 22:01:00,Central,Economy,18,0,1.384,2.204,6.626,25.73,88,45,1.9556,1.4013,30.27
R0003422,2025-02-17 07:49:00,North,Comfort,14,0,0.744,1.218,9.162,27.192,36,47,0.766,1.0,26.17
R0003423,2025-01-16 20:59:00,Airport,Economy,9,1,0.664,1.847,5.372,23.136,93,45,2.0667,1.448,27.91
R0003424,2025-04-05 19:59:00,Central,Comfort,14,0,0.029,1.098,2.593,7.553,45,42,1.0714,1.03,9.72
R0003425,2025-04-01 00:53:00,Airport,Economy,23,0,0.646,1.197,5.154,14.297,56,47,1.1915,1.0804,13.65
R0003426,2025-02-20 10:14:00,South,Premium,11,0,0.515,0.999,7.269,24.508,38,41,0.9268,1.0,28.31
R0003427,2025-10-06 20:52:00,University,Premium,21,0,0.753,1.558,10.051,38.167,52,35,1.4857,1.204,59.26
R0003428,2025-04-20 08:41:00,University,Economy,18,0,0.516,1.544,6.934,25.339,48,40,1.2,1.084,20.09
R0003429,2025-12-31 16:34:00,North,Economy,7,0,0.502,1.149,9.959,29.573,54,33,1.6364,1.2673,24.78
R0003430,2025-01-30 13:00:00,Central,Economy,5,0,0.472,1.07,12.918,39.121,65,45,1.4444,1.1867,26.23
R0003431,2025-03-08 03:21:00,Tech Park,Economy,18,0,0.281,1.644,14.387,49.653,85,48,1.7708,1.3238,45.82
R0003432,2025-08-26 18:33:00,Airport,Economy,4,0,0.951,1.06,8.54,26.591,55,38,1.4474,1.1879,21.57
R0003433,2025-04-17 04:27:00,University,Economy,8,1,3.0,2.066,4.156,18.895,88,39,2.2564,1.5277,26.51
R0003434,2025-11-05 11:51:00,Tech Park,Comfort,5,0,0.126,1.117,3.917,13.193,40,40,1.0,1.0,10.7
R0003435,2025-11-11 16:47:00,North,Economy,14,0,0.198,1.195,4.123,14.131,39,38,1.0263,1.0111,12.46
R0003436,2025-05-11 01:00:00,Airport,Economy,7,0,0.948,1.505,4.301,14.69,72,44,1.6364,1.2673,16.01
R0003437,2025-08-26 21:26:00,Airport,Premium,15,0,0.418,0.932,8.204,26.282,38,46,0.8261,1.0,31.6
R0003438,2025-06-12 19:46:00,South,Economy,22,1,0.338,1.196,21.935,69.584,38,41,0.9268,1.0,42.9
R0003439,2025-04-24 14:51:00,North,Economy,19,0,0.056,1.666,8.728,27.709,57,33,1.7273,1.3055,25.93
R0003440,2025-01-22 01:41:00,Tech Park,Premium,22,0,0.214,1.28,7.417,20.859,44,55,0.8,1.0,25.61
R0003441,2025-09-13 01:08:00,South,Economy,0,1,0.173,1.266,13.184,41.983,45,37,1.2162,1.0908,26.94
R0003442,2025-04-23 06:39:00,North,Economy,10,1,0.061,1.996,4.925,22.086,67,40,1.675,1.2835,23.16
R0003443,2025-03-07 10:49:00,Central,Economy,5,1,1.24,1.171,13.779,46.022,69,54,1.2778,1.1167,33.54
R0003444,2025-02-15 00:24:00,North,Comfort,22,0,0.618,1.395,13.228,45.986,31,42,0.7381,1.0,39.46
R0003445,2025-09-17 13:30:00,Central,Economy,17,0,3.0,1.924,8.024,30.743,86,52,1.6538,1.2746,36.02
R0003446,2025-05-19 18:05:00,Tech Park,Economy,7,0,0.681,2.103,24.571,99.025,67,44,1.5227,1.2195,89.42
R0003447,2025-02-10 00:12:00,South,Economy,13,0,0.142,1.107,14.345,42.819,32,36,0.8889,1.0,25.8
R0003448,2025-07-25 07:41:00,Tech Park,Economy,14,0,0.74,1.231,7.964,25.409,49,37,1.3243,1.1362,22.35
R0003449,2025-07-29 01:57:00,North,Economy,11,1,0.886,1.338,7.178,21.249,55,34,1.6176,1.2594,21.2
R0003450,2025-10-29 12:06:00,Central,Economy,11,0,0.307,0.811,6.125,17.522,58,58,1.0,1.0,12.25
R0003451,2025-06-28 10:37:00,Tech Park,Premium,1,0,0.862,0.962,7.229,20.333,49,43,1.1395,1.0586,27.03
R0003452,2025-03-13 04:47:00,Tech Park,Economy,10,0,0.843,1.723,7.345,30.695,66,47,1.4043,1.1698,26.43
R0003453,2025-06-09 10:30:00,Tech Park,Comfort,8,0,0.23,1.654,6.516,26.967,78,49,1.5918,1.2486,31.5
R0003454,2025-09-23 08:44:00,South,Premium,19,0,1.004,2.106,6.905,28.155,64,44,1.4545,1.1909,49.18
R0003455,2025-07-19 11:48:00,University,Premium,20,1,0.712,1.507,4.031,15.957,69,38,1.8158,1.3426,28.95
R0003456,2025-04-11 10:13:00,Central,Comfort,18,0,0.565,1.929,5.683,21.14,84,39,2.1538,1.4846,31.88
R0003457,2025-12-27 19:23:00,North,Economy,0,1,0.62,1.064,3.227,5.452,46,45,1.0222,1.0093,5.76
R0003458,2025-11-13 17:36:00,Tech Park,Comfort,20,0,0.14,1.525,9.757,32.469,79,55,1.4364,1.1833,34.71
R0003459,2025-07-15 03:30:00,Central,Economy,9,0,1.683,1.824,8.118,32.369,65,31,2.0968,1.4606,36.84
R0003460,2025-10-21 17:33:00,Tech Park,Economy,9,0,0.412,1.569,7.261,27.035,77,44,1.75,1.315,22.04
R0003461,2025-02-25 19:55:00,Central,Economy,22,1,0.371,1.154,12.647,38.973,72,48,1.5,1.21,33.63
R0003462,2025-10-01 22:27:00,Central,Economy,20,1,0.766,1.617,4.831,19.669,90,51,1.7647,1.3212,20.11
R0003463,2025-03-11 16:51:00,Airport,Economy,1,0,3.0,1.286,5.254,16.979,69,49,1.4082,1.1714,18.31
R0003464,2025-10-27 00:45:00,Tech Park,Comfort,8,0,1.04,1.689,3.44,10.977,65,39,1.6667,1.28,18.75
R0003465,2025-03-29 19:32:00,Tech Park,Economy,17,1,0.419,1.708,13.635,50.87,66,36,1.8333,1.35,45.53
R0003466,2025-07-17 20:27:00,Central,Economy,12,0,0.757,0.884,10.838,30.514,52,38,1.3684,1.1547,25.16
R0003467,2025-09-24 19:57:00,Airport,Economy,6,1,0.753,1.24,16.14,53.86,62,49,1.2653,1.1114,39.59
R0003468,2025-01-09 22:43:00,Central,Comfort,12,1,0.561,1.313,18.549,55.84,74,49,1.5102,1.2143,60.24
R0003469,2025-03-09 10:51:00,Central,Economy,20,1,0.148,1.843,6.151,22.492,79,41,1.9268,1.3893,22.56
R0003470,2025-03-22 08:49:00,Tech Park,Economy,5,0,1.067,1.253,5.253,19.177,58,50,1.16,1.0672,17.47
R0003471,2025-03-17 14:54:00,Central,Comfort,17,0,0.758,1.362,2.894,11.867,89,47,1.8936,1.3753,20.22
R0003472,2025-10-15 09:00:00,Central,Comfort,17,1,0.255,1.713,4.247,15.9,93,48,1.9375,1.3938,20.94
R0003473,2025-12-23 23:24:00,Airport,Economy,21,0,0.845,1.876,6.497,25.811,60,42,1.4286,1.18,25.31
R0003474,2025-06-02 07:09:00,South,Economy,7,0,1.29,1.657,2.5,10.456,55,31,1.7742,1.3252,13.53
R0003475,2025-10-04 07:28:00,Tech Park,Economy,5,0,0.446,1.067,4.295,10.925,50,47,1.0638,1.0268,10.14
R0003476,2025-03-24 06:00:00,South,Premium,13,1,0.662,1.206,7.422,23.525,47,35,1.3429,1.144,34.22
R0003477,2025-05-19 18:36:00,South,Economy,12,0,1.093,1.518,12.697,44.418,54,38,1.4211,1.1768,34.31
R0003478,2025-03-02 03:03:00,University,Comfort,9,0,0.033,1.51,5.236,20.068,59,37,1.5946,1.2497,21.86
R0003479,2025-08-02 08:12:00,North,Economy,18,0,0.312,1.767,8.334,30.957,45,37,1.2162,1.0908,23.83
R0003480,2025-04-16 08:30:00,University,Economy,19,1,0.383,1.676,21.651,75.512,81,35,2.3143,1.552,81.44
R0003481,2025-06-20 05:32:00,South,Economy,5,0,0.462,1.119,2.877,7.198,37,46,0.8043,1.0,6.69
R0003482,2025-09-03 19:18:00,Airport,Economy,19,1,1.944,2.139,14.115,57.76,80,52,1.5385,1.2262,58.36
R0003483,2025-08-14 05:36:00,Tech Park,Comfort,5,1,0.206,0.887,9.578,29.773,75,47,1.5957,1.2502,31.66
R0003484,2025-06-12 14:26:00,South,Comfort,9,1,0.342,1.653,15.589,57.534,61,44,1.3864,1.1623,59.1
R0003485,2025-12-15 02:58:00,South,Economy,0,1,1.318,1.242,13.221,40.19,46,25,1.84,1.3528,39.47
R0003486,2025-11-21 15:20:00,Central,Comfort,8,0,1.298,1.512,5.394,19.76,87,39,2.2308,1.5169,29.68
R0003487,2025-10-14 18:30:00,North,Economy,23,0,0.22,1.261,7.776,24.254,29,48,0.6042,1.0,16.68
R0003488,2025-01-13 06:10:00,University,Economy,10,0,1.715,2.008,3.479,14.671,78,30,2.6,1.672,22.66
R0003489,2025-07-10 22:39:00,Central,Economy,17,1,0.936,1.724,5.826,28.379,87,34,2.5588,1.6547,35.01
R0003490,2025-12-26 12:32:00,Airport,Economy,2,0,1.257,1.179,7.894,27.583,42,47,0.8936,1.0,18.95
R0003491,2025-02-23 11:51:00,Central,Premium,15,0,1.791,1.322,9.18,28.974,47,54,0.8704,1.0,42.89
R0003492,2025-07-23 22:49:00,North,Economy,8,1,0.934,1.845,11.991,44.337,91,39,2.3333,1.56,46.83
R0003493,2025-01-24 00:25:00,Tech Park,Premium,17,0,1.378,1.808,18.553,67.242,74,47,1.5745,1.2413,104.82
R0003494,2025-09-18 22:32:00,South,Economy,22,1,0.056,0.89,6.113,18.929,50,52,0.9615,1.0,13.87
R0003495,2025-06-27 18:33:00,University,Comfort,12,0,0.177,0.939,14.58,39.67,45,54,0.8333,1.0,35.17
R0003496,2025-03-30 23:07:00,North,Economy,2,0,1.638,1.293,8.998,30.546,48,38,1.2632,1.1105,29.08
R0003497,2025-01-25 02:26:00,North,Comfort,11,0,0.413,0.906,3.785,7.515,38,54,0.7037,1.0,8.51
R0003498,2025-02-11 05:18:00,Central,Premium,2,0,0.945,1.23,7.151,19.957,52,45,1.1556,1.0653,27.9
R0003499,2025-12-24 16:50:00,Central,Economy,10,0,0.932,1.575,8.279,33.96,68,46,1.4783,1.2009,30.54
R0003500,2025-11-08 03:16:00,Tech Park,Economy,1,1,0.49,0.916,4.903,14.576,62,43,1.4419,1.1856,15.62
R0003501,2025-07-04 10:38:00,Airport,Comfort,15,0,0.156,1.603,4.383,19.594,44,48,0.9167,1.0,16.16
R0003502,2025-12-11 06:27:00,Central,Comfort,7,0,0.789,2.041,4.303,16.003,73,47,1.5532,1.2323,22.41
R0003503,2025-03-01 02:14:00,University,Economy,4,1,1.159,1.235,5.761,14.731,57,39,1.4615,1.1938,16.05
R0003504,2025-01-26 05:36:00,South,Comfort,0,1,0.059,1.164,4.828,13.862,35,42,0.8333,1.0,12.92
R0003505,2025-03-27 06:49:00,Airport,Comfort,21,0,0.177,1.766,15.283,61.68,59,29,2.0345,1.4345,78.59
R0003506,2025-06-11 01:20:00,Tech Park,Comfort,20,1,0.113,1.557,2.018,5.202,76,40,1.9,1.378,9.05
R0003507,2025-03-25 00:22:00,North,Economy,19,0,0.233,1.643,8.258,33.869,57,46,1.2391,1.1004,28.29
R0003508,2025-12-16 19:49:00,Tech Park,Economy,1,0,0.938,1.122,10.387,33.456,39,34,1.1471,1.0618,21.04
R0003509,2025-07-07 03:54:00,Tech Park,Premium,8,0,0.686,1.9,4.574,18.527,65,44,1.4773,1.2005,30.16
R0003510,2025-03-28 06:53:00,Airport,Economy,23,1,0.894,1.389,6.838,21.945,50,39,1.2821,1.1185,19.83
R0003511,2025-06-10 15:13:00,Central,Economy,13,0,0.22,1.321,6.436,19.935,68,51,1.3333,1.14,16.08
R0003512,2025-12-28 00:54:00,Central,Premium,3,0,0.655,1.166,7.444,25.378,51,41,1.2439,1.1024,35.65
R0003513,2025-08-18 00:51:00,Tech Park,Economy,3,1,0.997,1.57,11.185,42.257,61,42,1.4524,1.19,35.99
R0003514,2025-02-06 14:47:00,North,Economy,6,0,0.326,1.045,10.648,33.218,39,49,0.7959,1.0,22.53
R0003515,2025-05-27 14:02:00,Tech Park,Comfort,23,0,0.137,1.393,5.585,21.188,41,41,1.0,1.0,20.42
R0003516,2025-11-25 21:52:00,North,Comfort,4,1,0.302,0.971,3.396,10.328,50,47,1.0638,1.0268,10.89
R0003517,2025-09-04 10:58:00,Central,Premium,21,0,0.732,1.448,8.506,34.19,83,42,1.9762,1.41,55.19
R0003518,2025-08-16 10:46:00,Airport,Comfort,16,0,0.583,1.47,5.413,19.886,48,46,1.0435,1.0183,22.85
R0003519,2025-05-18 08:06:00,Central,Economy,22,0,0.753,1.254,5.811,24.081,49,34,1.4412,1.1853,23.07
R0003520,2025-11-30 13:45:00,North,Economy,19,1,0.539,1.74,8.784,30.378,75,52,1.4423,1.1858,28.06
R0003521,2025-04-23 00:17:00,South,Economy,7,0,0.923,1.651,6.115,22.519,63,33,1.9091,1.3818,23.67
R0003522,2025-03-11 18:58:00,University,Premium,19,0,0.506,1.489,9.195,34.345,52,43,1.2093,1.0879,46.15
R0003523,2025-01-15 19:10:00,Central,Economy,4,0,0.429,0.942,30.941,90.019,52,39,1.3333,1.14,56.57
R0003524,2025-10-02 11:04:00,Tech Park,Economy,6,0,1.051,1.214,11.327,37.549,52,47,1.1064,1.0447,23.99
R0003525,2025-10-18 08:16:00,Central,Economy,5,1,0.399,1.045,16.276,47.17,65,34,1.9118,1.3829,47.96
R0003526,2025-01-15 13:01:00,Tech Park,Economy,3,0,0.581,0.755,10.288,28.303,59,38,1.5526,1.2321,21.21
R0003527,2025-07-03 07:36:00,Airport,Economy,2,0,1.702,1.611,8.104,27.288,49,50,0.98,1.0,21.44
R0003528,2025-03-30 20:46:00,South,Economy,4,0,2.266,1.332,10.374,34.328,46,56,0.8214,1.0,27.46
R0003529,2025-03-14 08:33:00,Central,Economy,2,0,1.284,1.454,10.1,34.274,68,45,1.5111,1.2147,31.63
R0003530,2025-11-24 20:11:00,Central,Premium,9,0,0.065,1.435,12.485,41.156,76,41,1.8537,1.3585,64.56
R0003531,2025-06-17 05:19:00,South,Premium,1,1,0.418,1.103,8.026,26.869,44,35,1.2571,1.108,34.33
R0003532,2025-09-03 10:38:00,North,Economy,1,0,0.605,1.284,3.783,11.039,43,44,0.9773,1.0,9.47
R0003533,2025-05-01 05:47:00,North,Comfort,23,0,1.478,1.416,3.464,8.044,45,32,1.4062,1.1706,14.15
R0003534,2025-09-06 02:51:00,Central,Economy,2,0,0.76,1.089,10.011,30.028,58,40,1.45,1.189,26.3
R0003535,2025-03-20 16:49:00,University,Economy,1,0,0.582,1.196,4.181,19.059,47,51,0.9216,1.0,15.09
R0003536,2025-06-06 07:10:00,Central,Economy,0,0,0.904,1.284,11.331,38.221,59,51,1.1569,1.0659,23.96
R0003537,2025-08-31 15:18:00,South,Comfort,3,0,0.775,1.113,16.22,48.233,31,45,0.6889,1.0,43.76
R0003538,2025-03-11 01:33:00,Tech Park,Comfort,12,0,1.896,1.141,6.88,23.255,62,53,1.1698,1.0713,25.81
R0003539,2025-06-19 11:38:00,Tech Park,Economy,19,1,0.523,1.532,15.123,51.897,76,39,1.9487,1.3985,47.27
R0003540,2025-07-11 21:47:00,Central,Comfort,17,1,0.866,1.638,8.957,33.182,88,56,1.5714,1.24,43.3
R0003541,2025-06-07 05:42:00,South,Comfort,13,0,1.247,1.229,7.879,27.822,41,32,1.2812,1.1181,26.87
R0003542,2025-04-05 08:01:00,Airport,Comfort,2,1,3.0,1.827,8.085,31.055,65,41,1.5854,1.2459,44.6
R0003543,2025-06-20 19:56:00,South,Economy,18,0,0.162,1.743,4.919,19.134,61,37,1.6486,1.2724,20.74
R0003544,2025-04-03 00:54:00,North,Comfort,0,0,0.033,0.859,4.585,17.517,34,37,0.9189,1.0,15.65
R0003545,2025-08-27 00:27:00,Tech Park,Comfort,15,1,0.654,1.448,3.145,13.006,56,44,1.2727,1.1145,11.97
R0003546,2025-04-18 19:21:00,Tech Park,Economy,9,0,2.1,1.914,5.19,21.012,76,20,3.8,2.176,43.51
R0003547,2025-10-19 09:39:00,Central,Comfort,21,0,0.446,1.751,25.196,90.748,81,39,2.0769,1.4523,110.57
R0003548,2025-04-22 07:38:00,Airport,Economy,7,1,1.9,1.723,3.417,12.263,76,37,2.0541,1.4427,15.41
R0003549,2025-06-18 20:12:00,North,Comfort,15,0,0.2,0.955,4.067,10.397,36,46,0.7826,1.0,12.3
R0003550,2025-07-03 07:38:00,South,Comfort,10,1,0.432,1.815,4.987,20.892,61,33,1.8485,1.3564,26.42
R0003551,2025-07-18 00:08:00,North,Economy,12,0,0.341,0.903,5.118,18.729,49,47,1.0426,1.0179,12.97
R0003552,2025-02-26 00:36:00,South,Economy,22,1,2.538,1.467,9.008,32.139,60,35,1.7143,1.3,32.25
R0003553,2025-08-24 14:16:00,North,Comfort,17,0,0.368,1.701,5.548,22.141,65,48,1.3542,1.1488,24.72
R0003554,2025-07-11 18:06:00,University,Comfort,9,0,0.228,1.407,6.964,22.154,62,30,2.0667,1.448,32.12
R0003555,2025-03-05 21:33:00,North,Comfort,10,0,0.263,1.277,4.868,15.455,52,40,1.3,1.126,14.29
R0003556,2025-08-20 09:18:00,Airport,Economy,16,1,0.677,1.285,5.981,17.475,58,45,1.2889,1.1213,15.74
R0003557,2025-10-09 11:31:00,Central,Economy,8,0,0.429,2.143,7.517,30.052,86,50,1.72,1.3024,26.8
R0003558,2025-06-28 05:20:00,South,Economy,4,1,0.409,1.156,7.214,25.541,37,34,1.0882,1.0371,22.33
R0003559,2025-01-13 01:43:00,Central,Comfort,11,0,0.858,1.272,23.09,72.259,71,62,1.1452,1.061,64.39
R0003560,2025-09-05 17:20:00,Central,Economy,1,0,0.766,0.979,7.648,23.378,53,45,1.1778,1.0747,19.1
R0003561,2025-03-28 15:14:00,Central,Comfort,4,0,0.414,1.339,6.922,25.113,56,56,1.0,1.0,23.5
R0003562,2025-08-13 02:49:00,Tech Park,Economy,10,0,0.406,1.555,1.967,10.791,86,44,1.9545,1.4009,13.24
R0003563,2025-12-26 12:09:00,University,Economy,19,1,0.886,1.919,8.864,30.505,82,36,2.2778,1.5367,35.67
R0003564,2025-04-29 14:53:00,Central,Economy,18,0,0.851,1.812,2.621,9.864,66,27,2.4444,1.6067,13.35
R0003565,2025-08-16 22:27:00,Central,Economy,6,0,0.349,1.176,10.522,31.966,46,41,1.122,1.0512,25.77
R0003566,2025-11-08 13:41:00,North,Economy,10,0,0.022,1.661,8.401,28.651,63,39,1.6154,1.2585,23.48
R0003567,2025-06-04 00:15:00,Central,Economy,3,0,0.754,1.237,12.047,38.02,33,35,0.9429,1.0,25.87
R0003568,2025-05-30 05:48:00,University,Comfort,18,0,0.308,1.656,5.48,16.164,61,42,1.4524,1.19,19.22
R0003569,2025-09-26 17:45:00,North,Economy,5,1,0.784,1.316,7.884,25.669,52,42,1.2381,1.1,22.54
R0003570,2025-12-25 15:06:00,Tech Park,Comfort,19,0,1.664,1.719,11.265,41.127,76,41,1.8537,1.3585,61.86
R0003571,2025-05-23 11:02:00,University,Economy,20,0,0.794,1.65,4.659,15.289,65,34,1.9118,1.3829,16.74
R0003572,2025-07-07 20:57:00,South,Economy,16,0,0.104,1.283,10.865,34.561,41,43,0.9535,1.0,23.09
R0003573,2025-05-12 21:51:00,Central,Comfort,7,0,0.451,1.662,10.595,38.232,79,36,2.1944,1.5017,55.15
R0003574,2025-03-18 21:32:00,South,Economy,22,0,0.178,0.973,7.213,22.516,23,39,0.5897,1.0,17.87
R0003575,2025-10-01 21:16:00,North,Economy,16,0,0.354,1.25,18.508,55.51,36,41,0.878,1.0,35.38
R0003576,2025-01-09 03:02:00,North,Comfort,15,0,1.199,1.367,10.315,36.167,35,31,1.129,1.0542,35.77
R0003577,2025-06-20 16:17:00,University,Economy,20,1,0.987,1.494,3.093,13.362,66,31,2.129,1.4742,18.91
R0003578,2025-09-16 22:37:00,Central,Premium,21,1,3.0,2.221,13.38,52.56,89,44,2.0227,1.4295,113.46
R0003579,2025-06-21 21:54:00,North,Economy,1,1,0.819,1.172,5.409,21.669,54,41,1.3171,1.1332,19.59
R0003580,2025-02-07 17:21:00,Central,Economy,21,1,0.12,1.7,12.046,44.6,76,38,2.0,1.42,40.68
R0003581,2025-02-10 16:42:00,Central,Comfort,18,0,0.458,1.634,9.139,33.615,78,38,2.0526,1.4421,45.12
R0003582,2025-05-12 08:45:00,South,Economy,4,1,0.115,1.104,1.817,8.432,47,54,0.8704,1.0,7.42
R0003583,2025-10-29 04:23:00,Tech Park,Premium,7,0,0.476,1.306,10.834,33.464,73,33,2.2121,1.5091,59.34
R0003584,2025-04-12 21:23:00,South,Economy,18,0,0.342,1.451,6.876,23.297,60,40,1.5,1.21,21.02
R0003585,2025-05-07 07:39:00,Central,Economy,5,0,0.083,1.148,6.033,21.115,53,50,1.06,1.0252,14.32
R0003586,2025-11-21 15:06:00,Airport,Economy,10,0,0.895,2.183,6.158,23.796,62,45,1.3778,1.1587,25.08
R0003587,2025-07-26 04:33:00,North,Economy,16,1,0.591,1.173,11.988,37.247,44,49,0.898,1.0,23.44
R0003588,2025-12-02 10:11:00,North,Economy,15,1,0.29,0.927,4.68,16.106,53,30,1.7667,1.322,13.74
R0003589,2025-05-30 14:15:00,Tech Park,Economy,21,0,0.289,1.626,14.329,51.366,76,35,2.1714,1.492,51.49
R0003590,2025-07-10 14:35:00,South,Economy,2,0,0.21,0.877,3.368,10.96,39,58,0.6724,1.0,8.67
R0003591,2025-08-11 01:19:00,University,Economy,7,0,0.939,1.944,9.14,35.477,72,40,1.8,1.336,39.51
R0003592,2025-10-18 19:09:00,Tech Park,Economy,23,0,0.626,1.121,11.88,36.792,61,37,1.6486,1.2724,31.52
R0003593,2025-07-12 08:24:00,Central,Economy,13,1,1.786,1.511,11.721,42.457,57,55,1.0364,1.0153,32.52
R0003594,2025-05-29 15:30:00,South,Economy,5,1,0.711,1.1,8.596,31.759,43,41,1.0488,1.0205,19.5
R0003595,2025-12-16 20:55:00,Tech Park,Economy,6,0,0.293,1.258,6.933,23.771,52,43,1.2093,1.0879,18.49
R0003596,2025-04-25 22:32:00,University,Economy,8,0,1.541,1.535,5.74,23.579,60,38,1.5789,1.2432,21.17
R0003597,2025-12-16 13:51:00,North,Economy,13,0,1.614,1.295,3.966,13.034,40,40,1.0,1.0,11.4
R0003598,2025-09-11 19:53:00,South,Economy,6,0,2.168,1.487,5.327,17.658,39,39,1.0,1.0,14.14
R0003599,2025-03-04 06:03:00,North,Economy,14,0,2.799,1.456,4.578,14.814,50,48,1.0417,1.0175,15.47
R0003600,2025-09-04 09:33:00,Tech Park,Premium,10,0,0.394,1.686,4.183,14.049,84,63,1.3333,1.14,21.78
R0003601,2025-11-23 00:11:00,University,Economy,14,0,0.237,1.104,20.948,63.461,48,50,0.96,1.0,42.69
R0003602,2025-02-18 11:19:00,University,Economy,3,0,0.538,1.286,3.017,12.932,45,33,1.3636,1.1527,10.41
R0003603,2025-06-10 00:26:00,Central,Comfort,14,0,1.67,1.412,14.426,50.6,49,46,1.0652,1.0274,50.09
R0003604,2025-11-20 08:02:00,Central,Economy,22,1,0.627,1.184,3.935,12.405,67,58,1.1552,1.0652,11.17
R0003605,2025-06-20 21:36:00,Tech Park,Economy,3,0,0.002,1.159,4.427,14.224,43,47,0.9149,1.0,10.47
R0003606,2025-07-16 19:21:00,South,Comfort,7,1,0.249,1.351,4.388,15.531,70,37,1.8919,1.3746,22.58
R0003607,2025-09-27 12:59:00,University,Comfort,16,0,0.107,0.884,4.217,13.829,44,44,1.0,1.0,12.83
R0003608,2025-01-25 12:49:00,Central,Premium,14,0,0.836,0.901,12.904,39.128,56,41,1.3659,1.1537,50.72
R0003609,2025-07-04 22:57:00,Tech Park,Premium,16,0,0.802,1.243,10.736,33.975,53,47,1.1277,1.0536,44.56
R0003610,2025-01-14 00:51:00,Tech Park,Economy,13,1,0.645,1.191,6.835,21.988,53,38,1.3947,1.1658,22.02
R0003611,2025-09-20 17:27:00,Central,Comfort,16,0,1.109,1.449,34.434,117.483,46,52,0.8846,1.0,101.81
R0003612,2025-07-12 04:09:00,Central,Economy,14,0,0.262,1.111,7.697,23.931,50,47,1.0638,1.0268,16.84
R0003613,2025-06-02 23:30:00,Tech Park,Comfort,1,0,0.197,0.922,8.028,22.983,48,34,1.4118,1.1729,24.17
R0003614,2025-05-30 18:28:00,Central,Economy,18,1,0.706,1.701,5.328,19.937,96,42,2.2857,1.54,25.96
R0003615,2025-09-22 05:28:00,Tech Park,Economy,10,0,0.516,1.305,4.99,17.438,78,45,1.7333,1.308,18.65
R0003616,2025-10-22 17:03:00,South,Economy,1,0,0.847,1.079,5.794,15.301,41,41,1.0,1.0,12.52
R0003617,2025-06-29 06:29:00,North,Economy,9,1,0.667,1.248,12.409,39.123,72,32,2.25,1.525,39.65
R0003618,2025-11-02 19:41:00,Central,Economy,10,0,0.192,1.644,10.635,39.083,86,39,2.2051,1.5062,38.98
R0003619,2025-02-10 20:18:00,University,Comfort,2,0,0.139,0.975,15.797,51.383,50,45,1.1111,1.0467,44.67
R0003620,2025-10-22 03:24:00,Tech Park,Economy,23,1,1.562,1.257,5.236,16.667,59,48,1.2292,1.0962,14.13
R0003621,2025-08-07 12:22:00,Tech Park,Comfort,5,0,0.46,0.915,10.743,33.561,57,53,1.0755,1.0317,26.78
R0003622,2025-03-12 05:33:00,Tech Park,Economy,7,0,1.383,1.679,9.189,33.843,73,38,1.9211,1.3868,35.48
R0003623,2025-09-04 10:38:00,South,Economy,10,0,0.32,1.732,9.863,38.795,66,36,1.8333,1.35,35.18
R0003624,2025-09-12 09:14:00,University,Economy,19,0,1.692,1.596,4.83,16.594,62,46,1.3478,1.1461,16.09
R0003625,2025-04-01 05:29:00,South,Economy,17,1,0.167,1.671,4.387,19.152,59,34,1.7353,1.3088,19.76
R0003626,2025-12-19 22:29:00,South,Economy,18,0,0.056,1.414,10.449,38.565,54,27,2.0,1.42,35.85
R0003627,2025-09-01 04:07:00,Central,Economy,5,0,0.54,0.795,12.554,38.893,62,48,1.2917,1.1225,27.61
R0003628,2025-02-25 04:47:00,Central,Economy,20,0,0.103,1.789,5.529,24.382,67,51,1.3137,1.1318,17.8
R0003629,2025-12-30 06:53:00,Tech Park,Comfort,19,0,0.961,1.962,10.859,42.291,74,42,1.7619,1.32,54.24
R0003630,2025-10-23 03:59:00,Central,Economy,11,0,2.126,1.286,15.024,50.004,60,41,1.4634,1.1946,40.56
R0003631,2025-06-26 08:00:00,Tech Park,Comfort,13,0,0.181,0.934,6.366,18.68,39,37,1.0541,1.0227,15.96
R0003632,2025-11-23 00:05:00,University,Comfort,0,1,0.337,1.015,3.521,6.866,53,49,1.0816,1.0343,7.51
R0003633,2025-04-24 23:51:00,North,Economy,18,0,0.351,1.467,3.771,14.498,51,34,1.5,1.21,13.96
R0003634,2025-03-15 09:10:00,Airport,Comfort,23,1,0.353,0.95,5.354,16.444,63,37,1.7027,1.2951,20.09
R0003635,2025-03-04 02:15:00,Tech Park,Comfort,11,0,0.5,1.171,6.078,22.129,60,50,1.2,1.084,21.51
R0003636,2025-09-14 03:50:00,Airport,Comfort,12,0,1.43,1.631,7.615,29.563,55,60,0.9167,1.0,27.46
R0003637,2025-03-14 00:01:00,Tech Park,Comfort,11,0,0.566,1.038,7.701,21.744,60,45,1.3333,1.14,19.93
R0003638,2025-03-23 09:13:00,South,Economy,1,1,0.519,1.278,6.687,27.617,44,47,0.9362,1.0,21.73
R0003639,2025-03-24 18:36:00,North,Premium,14,0,0.08,1.078,11.286,35.831,35,33,1.0606,1.0255,39.26
R0003640,2025-08-14 05:18:00,South,Economy,17,0,0.126,1.272,5.112,14.68,55,45,1.2222,1.0933,11.94
R0003641,2025-05-12 19:11:00,North,Economy,22,1,0.106,1.015,15.574,44.34,48,40,1.2,1.084,29.08
R0003642,2025-06-07 10:07:00,Central,Comfort,22,0,0.316,1.03,13.027,34.818,55,54,1.0185,1.0078,32.36
R0003643,2025-01-10 07:35:00,Central,Economy,11,0,0.735,1.396,12.513,43.677,60,43,1.3953,1.166,35.5
R0003644,2025-06-10 05:44:00,North,Economy,23,0,0.156,1.299,5.405,17.388,41,34,1.2059,1.0865,12.78
R0003645,2025-06-24 04:15:00,University,Economy,12,0,2.096,1.445,7.286,23.537,40,43,0.9302,1.0,20.67
R0003646,2025-02-16 01:04:00,Central,Economy,15,0,0.112,1.239,11.56,35.954,55,52,1.0577,1.0242,21.13
R0003647,2025-11-20 10:23:00,Central,Premium,14,0,0.65,1.091,6.959,21.557,62,54,1.1481,1.0622,28.11
R0003648,2025-12-16 17:03:00,Central,Economy,23,1,3.0,1.741,5.288,21.435,71,54,1.3148,1.1322,16.95
R0003649,2025-06-20 05:02:00,North,Economy,17,0,0.562,1.669,5.173,15.826,62,43,1.4419,1.1856,16.12
R0003650,2025-01-11 01:45:00,Central,Comfort,2,0,0.728,1.329,5.313,16.039,47,51,0.9216,1.0,15.62
R0003651,2025-07-05 21:42:00,Tech Park,Comfort,1,1,0.654,1.334,4.102,15.582,65,45,1.4444,1.1867,18.09
R0003652,2025-01-29 00:13:00,Airport,Comfort,9,0,0.164,1.708,37.664,125.0,68,39,1.7436,1.3123,145.84
R0003653,2025-07-28 14:57:00,Tech Park,Economy,12,0,0.509,0.958,2.654,10.384,60,49,1.2245,1.0943,8.3
R0003654,2025-03-25 00:05:00,Central,Comfort,16,0,0.387,0.994,4.529,13.517,54,43,1.2558,1.1074,13.58
R0003655,2025-12-22 20:13:00,North,Economy,11,0,1.347,1.378,10.781,39.694,39,46,0.8478,1.0,25.21
R0003656,2025-07-04 02:34:00,Central,Comfort,12,0,2.457,1.603,5.34,20.182,60,45,1.3333,1.14,26.34
R0003657,2025-04-17 05:16:00,Tech Park,Economy,22,1,0.265,1.076,6.402,23.178,51,37,1.3784,1.1589,18.25
R0003658,2025-08-20 13:21:00,University,Economy,8,1,2.059,1.864,9.654,37.729,63,34,1.8529,1.3582,43.33
R0003659,2025-12-17 03:52:00,Central,Economy,11,0,0.174,1.066,13.705,43.284,53,62,0.8548,1.0,27.25
R0003660,2025-03-21 21:04:00,University,Economy,13,0,0.83,1.099,6.683,19.791,37,48,0.7708,1.0,15.55
R0003661,2025-10-06 11:08:00,Central,Economy,11,1,0.852,1.104,12.899,42.617,63,60,1.05,1.021,30.47
R0003662,2025-12-02 03:32:00,South,Economy,23,0,0.246,1.397,3.054,11.862,36,39,0.9231,1.0,10.34
R0003663,2025-06-11 19:16:00,Tech Park,Comfort,23,1,0.115,0.935,5.566,15.236,64,52,1.2308,1.0969,15.49
R0003664,2025-12-05 19:49:00,Central,Economy,12,0,0.26,1.138,10.198,27.629,49,51,0.9608,1.0,20.07
R0003665,2025-11-04 10:15:00,North,Economy,10,1,0.648,1.694,22.994,82.059,71,36,1.9722,1.4083,80.0
R0003666,2025-07-09 06:40:00,Airport,Economy,14,1,1.46,1.042,4.568,18.227,51,52,0.9808,1.0,16.1
R0003667,2025-12-15 18:21:00,Tech Park,Comfort,4,0,1.921,1.119,4.146,11.947,44,41,1.0732,1.0307,18.06
R0003668,2025-03-06 15:08:00,North,Economy,10,0,0.627,1.648,9.372,31.774,66,34,1.9412,1.3953,30.25
R0003669,2025-12-10 00:44:00,University,Economy,5,1,1.01,0.83,7.998,22.846,57,44,1.2955,1.1241,19.76
R0003670,2025-04-22 18:38:00,Central,Premium,3,0,1.222,1.549,5.232,21.54,64,52,1.2308,1.0969,31.57
R0003671,2025-06-14 17:54:00,University,Comfort,2,0,0.263,0.982,3.978,8.936,46,49,0.9388,1.0,10.17
R0003672,2025-04-19 19:57:00,Central,Economy,14,0,0.986,1.098,5.855,17.536,56,54,1.037,1.0156,15.27
R0003673,2025-11-28 22:31:00,South,Comfort,0,0,0.373,1.287,10.347,31.82,33,38,0.8684,1.0,28.91
R0003674,2025-04-15 21:44:00,Central,Premium,15,0,0.314,1.031,6.467,21.662,56,39,1.4359,1.1831,28.32
R0003675,2025-09-14 22:56:00,Central,Economy,10,0,0.227,1.708,14.793,52.988,60,36,1.6667,1.28,44.17
R0003676,2025-07-12 10:30:00,Airport,Economy,8,0,0.253,1.492,7.208,24.658,71,39,1.8205,1.3446,24.84
R0003677,2025-01-29 11:08:00,South,Economy,18,1,0.62,1.67,10.814,38.62,59,38,1.5526,1.2321,32.08
R0003678,2025-10-06 22:18:00,Central,Comfort,12,0,0.445,1.254,9.054,31.439,51,42,1.2143,1.09,28.09
R0003679,2025-01-14 09:07:00,South,Comfort,17,0,0.457,1.477,6.221,24.533,48,28,1.7143,1.3,29.09
R0003680,2025-03-07 19:21:00,University,Premium,17,0,0.37,1.712,12.283,46.803,60,39,1.5385,1.2262,65.89
R0003681,2025-05-26 18:27:00,Central,Comfort,0,1,0.114,0.6,3.977,12.947,68,47,1.4468,1.1877,13.07
R0003682,2025-06-09 15:26:00,Airport,Economy,5,0,0.323,1.286,5.729,22.551,40,50,0.8,1.0,19.49
R0003683,2025-08-24 08:34:00,Central,Economy,13,1,0.148,0.927,6.186,17.005,63,49,1.2857,1.12,12.86
R0003684,2025-01-23 07:32:00,Airport,Premium,23,0,0.353,1.048,9.582,30.532,49,51,0.9608,1.0,36.12
R0003685,2025-11-23 09:13:00,North,Economy,3,0,0.292,1.035,10.99,38.863,37,41,0.9024,1.0,22.87
R0003686,2025-01-18 08:39:00,Tech Park,Economy,2,1,0.82,0.972,4.961,11.729,66,40,1.65,1.273,13.86
R0003687,2025-01-14 15:31:00,Central,Comfort,22,1,1.182,1.023,4.591,13.731,71,43,1.6512,1.2735,18.03
R0003688,2025-09-27 19:31:00,Central,Economy,23,0,0.444,1.174,8.111,23.941,60,42,1.4286,1.18,21.61
R0003689,2025-04-09 15:11:00,South,Economy,4,0,1.012,1.284,3.334,12.611,37,38,0.9737,1.0,10.24
R0003690,2025-03-31 20:08:00,Central,Economy,9,0,0.158,1.419,13.522,48.693,73,39,1.8718,1.3662,41.64
R0003691,2025-09-30 20:44:00,South,Economy,15,0,3.0,1.637,6.868,26.321,50,31,1.6129,1.2574,29.02
R0003692,2025-08-09 11:03:00,University,Comfort,4,1,1.534,1.376,4.083,14.168,59,39,1.5128,1.2154,19.08
R0003693,2025-05-13 14:47:00,Central,Economy,7,1,0.162,1.511,4.038,16.167,97,35,2.7714,1.744,21.95
R0003694,2025-04-26 02:47:00,North,Economy,9,0,0.42,1.393,9.228,30.704,51,46,1.1087,1.0457,20.89
R0003695,2025-08-09 02:09:00,Tech Park,Comfort,15,0,1.182,1.206,9.092,29.884,50,53,0.9434,1.0,26.52
R0003696,2025-11-11 08:11:00,Tech Park,Economy,7,0,0.09,1.632,5.09,20.357,67,39,1.7179,1.3015,16.97
R0003697,2025-05-26 10:01:00,Tech Park,Comfort,9,0,0.58,1.644,7.296,30.508,67,43,1.5581,1.2344,33.99
R0003698,2025-06-07 03:41:00,Tech Park,Economy,6,1,0.122,0.915,4.174,14.294,62,43,1.4419,1.1856,9.7
R0003699,2025-03-17 16:21:00,South,Economy,18,0,0.296,1.687,6.739,25.458,46,41,1.122,1.0512,17.07
R0003700,2025-07-13 19:21:00,South,Economy,3,0,0.402,1.3,17.489,61.156,31,45,0.6889,1.0,38.28
R0003701,2025-01-23 01:34:00,Tech Park,Comfort,5,0,0.321,0.919,25.073,68.185,54,43,1.2558,1.1074,63.69
R0003702,2025-10-24 10:01:00,Tech Park,Premium,5,1,0.036,0.953,6.914,21.07,58,42,1.381,1.16,27.64
R0003703,2025-07-16 04:31:00,Tech Park,Economy,21,0,0.639,2.159,9.85,38.137,78,35,2.2286,1.516,48.91
R0003704,2025-04-16 13:07:00,North,Economy,22,0,2.481,1.499,9.639,33.015,55,39,1.4103,1.1723,32.41
R0003705,2025-03-09 16:51:00,Tech Park,Economy,12,0,0.502,0.862,3.014,11.218,41,58,0.7069,1.0,9.39
R0003706,2025-04-08 00:30:00,Central,Economy,3,0,2.791,1.416,4.127,17.087,52,56,0.9286,1.0,13.71
R0003707,2025-01-26 07:44:00,Central,Economy,18,0,0.013,1.416,2.174,7.427,75,39,1.9231,1.3877,10.71
R0003708,2025-12-15 06:19:00,Central,Premium,11,0,0.216,1.107,9.944,32.717,55,45,1.2222,1.0933,42.01
R0003709,2025-04-23 23:14:00,Central,Comfort,20,0,0.208,1.643,22.646,77.571,69,28,2.4643,1.615,104.98
R0003710,2025-12-04 04:17:00,Tech Park,Economy,8,0,0.682,1.558,13.96,45.792,60,50,1.2,1.084,34.66
R0003711,2025-12-05 00:25:00,Central,Economy,23,1,0.513,1.427,7.96,27.627,56,44,1.2727,1.1145,24.98
R0003712,2025-01-06 05:29:00,South,Economy,19,0,0.387,1.635,7.366,26.358,48,36,1.3333,1.14,22.43
R0003713,2025-07-24 10:40:00,North,Economy,5,0,1.193,1.133,6.399,24.059,46,36,1.2778,1.1167,21.49
R0003714,2025-10-17 07:05:00,Central,Economy,17,0,0.532,1.426,13.913,51.566,75,41,1.8293,1.3483,45.05
R0003715,2025-03-29 14:08:00,Central,Premium,6,1,1.022,1.023,8.746,25.695,58,40,1.45,1.189,34.86
R0003716,2025-12-24 09:02:00,South,Economy,8,1,2.22,1.725,8.039,25.785,73,40,1.825,1.3465,30.91
R0003717,2025-08-14 23:49:00,Tech Park,Economy,6,1,1.224,1.186,4.234,11.441,57,42,1.3571,1.15,11.67
R0003718,2025-10-14 14:17:00,North,Economy,16,0,0.152,0.868,10.811,29.803,28,37,0.7568,1.0,19.99
R0003719,2025-10-09 05:50:00,Central,Economy,6,0,3.0,1.681,7.153,26.84,63,44,1.4318,1.1814,28.3
R0003720,2025-02-21 19:08:00,Central,Premium,15,0,0.877,1.053,9.663,29.382,55,57,0.9649,1.0,34.32
R0003721,2025-11-07 06:01:00,Airport,Comfort,13,0,0.427,1.228,13.457,40.366,39,59,0.661,1.0,35.47
R0003722,2025-02-13 19:12:00,Airport,Comfort,18,0,0.119,1.66,3.161,16.368,61,53,1.1509,1.0634,15.81
R0003723,2025-12-28 12:26:00,University,Comfort,23,0,0.565,1.218,6.602,23.328,50,34,1.4706,1.1976,23.83
R0003724,2025-08-18 07:04:00,Airport,Economy,0,0,0.236,1.204,6.096,24.105,44,46,0.9565,1.0,17.96
R0003725,2025-08-14 08:43:00,Central,Comfort,23,0,0.08,1.373,5.808,16.222,50,53,0.9434,1.0,14.35
R0003726,2025-12-13 21:08:00,University,Comfort,2,0,0.135,0.871,4.203,16.028,44,46,0.9565,1.0,14.2
R0003727,2025-06-07 20:26:00,Tech Park,Economy,12,0,0.06,1.163,5.206,16.992,47,39,1.2051,1.0862,11.87
R0003728,2025-07-02 05:40:00,North,Economy,8,1,0.362,1.687,4.245,15.429,60,29,2.069,1.449,20.61
R0003729,2025-09-05 23:36:00,South,Comfort,15,0,0.469,1.276,12.228,39.881,35,52,0.6731,1.0,36.1
R0003730,2025-03-23 02:56:00,University,Premium,17,1,0.774,1.709,9.56,33.448,77,53,1.4528,1.1902,49.11
R0003731,2025-02-10 04:18:00,Airport,Economy,20,0,0.854,1.915,9.202,35.033,69,36,1.9167,1.385,36.78
R0003732,2025-12-25 05:59:00,Central,Premium,9,1,0.3,1.372,2.692,12.238,96,39,2.4615,1.6138,25.72
R0003733,2025-09-27 04:39:00,University,Premium,22,1,0.346,0.881,22.689,60.692,57,43,1.3256,1.1367,77.24
R0003734,2025-07-28 10:43:00,Tech Park,Premium,7,0,0.646,1.564,6.205,25.761,71,37,1.9189,1.3859,43.61
R0003735,2025-04-12 17:30:00,University,Economy,4,1,0.145,1.013,20.278,61.387,60,36,1.6667,1.28,46.07
R0003736,2025-10-19 08:46:00,Central,Economy,9,0,0.987,1.736,11.729,42.607,70,39,1.7949,1.3338,45.05
R0003737,2025-09-01 04:23:00,University,Comfort,12,0,0.379,0.935,6.839,23.012,40,39,1.0256,1.0108,18.91
R0003738,2025-06-07 12:28:00,Central,Economy,16,1,1.135,1.026,23.897,72.128,70,46,1.5217,1.2191,54.89
R0003739,2025-06-20 01:41:00,Tech Park,Economy,19,0,0.589,1.538,10.613,36.075,56,51,1.098,1.0412,22.43
R0003740,2025-12-12 10:34:00,University,Comfort,5,0,0.425,0.769,6.851,18.322,42,47,0.8936,1.0,16.53
R0003741,2025-04-03 08:48:00,Central,Economy,7,0,1.414,1.753,6.264,26.974,79,52,1.5192,1.2181,23.48
R0003742,2025-01-28 07:29:00,Central,Economy,22,0,0.073,1.003,13.702,38.014,45,40,1.125,1.0525,30.48
R0003743,2025-10-08 22:36:00,South,Premium,10,0,0.743,1.763,5.783,21.588,55,40,1.375,1.1575,30.93
R0003744,2025-03-24 06:36:00,Tech Park,Economy,5,0,1.918,1.375,6.308,18.701,61,34,1.7941,1.3335,20.11
R0003745,2025-11-17 06:08:00,Airport,Premium,23,0,0.614,1.433,5.594,20.856,38,41,0.9268,1.0,30.38
R0003746,2025-08-06 13:32:00,Tech Park,Economy,10,0,0.504,1.787,5.126,19.582,67,33,2.0303,1.4327,24.11
R0003747,2025-07-28 07:09:00,Central,Economy,23,0,1.159,1.341,5.302,15.664,63,37,1.7027,1.2951,13.93
R0003748,2025-03-30 13:57:00,North,Economy,22,0,0.298,1.119,20.591,61.39,35,39,0.8974,1.0,38.55
R0003749,2025-11-03 01:10:00,Central,Economy,21,0,0.398,1.718,13.52,49.058,69,48,1.4375,1.1838,40.43
R0003750,2025-10-08 17:19:00,University,Economy,13,0,0.119,0.982,8.841,27.629,42,45,0.9333,1.0,16.22
R0003751,2025-11-03 12:38:00,Central,Comfort,19,0,0.279,1.618,5.748,16.928,61,52,1.1731,1.0727,19.46
R0003752,2025-07-15 10:36:00,South,Premium,23,1,0.929,1.513,5.736,19.084,45,40,1.125,1.0525,24.41
R0003753,2025-03-30 13:37:00,Central,Economy,6,1,0.409,1.061,6.349,20.595,60,55,1.0909,1.0382,12.15
R0003754,2025-07-28 03:23:00,University,Economy,0,0,0.189,0.794,20.779,60.787,43,35,1.2286,1.096,42.86
R0003755,2025-08-11 14:52:00,Tech Park,Comfort,7,0,1.466,1.939,9.116,37.059,68,40,1.7,1.294,50.7
R0003756,2025-03-13 03:59:00,Central,Economy,15,1,1.308,1.393,11.718,38.397,77,44,1.75,1.315,41.01
R0003757,2025-12-29 12:21:00,Central,Economy,13,1,0.219,1.067,8.67,29.337,63,40,1.575,1.2415,23.8
R0003758,2025-06-01 00:36:00,North,Economy,1,0,1.299,0.896,4.773,14.225,33,46,0.7174,1.0,14.36
R0003759,2025-02-11 21:11:00,North,Economy,13,0,0.907,1.395,8.219,21.224,40,48,0.8333,1.0,15.67
R0003760,2025-10-07 00:23:00,Tech Park,Economy,4,0,0.648,1.158,4.299,17.713,43,46,0.9348,1.0,15.19
R0003761,2025-08-25 00:19:00,South,Economy,12,0,2.015,1.307,14.991,49.891,41,43,0.9535,1.0,41.84
R0003762,2025-01-23 13:43:00,North,Comfort,13,1,0.738,1.347,5.146,18.354,42,41,1.0244,1.0102,16.63
R0003763,2025-05-14 20:46:00,Tech Park,Economy,15,0,0.243,0.679,5.672,16.42,43,47,0.9149,1.0,8.72
R0003764,2025-02-06 19:25:00,North,Economy,9,0,0.368,1.636,12.149,43.969,51,37,1.3784,1.1589,35.3
R0003765,2025-05-22 14:07:00,Central,Economy,9,0,0.881,1.611,5.291,19.607,71,30,2.3667,1.574,24.88
R0003766,2025-01-20 14:37:00,Airport,Economy,16,1,1.99,1.627,6.886,24.503,65,44,1.4773,1.2005,24.3
R0003767,2025-01-23 02:31:00,Central,Comfort,17,0,0.745,1.728,1.821,6.47,84,48,1.75,1.315,12.88
R0003768,2025-10-26 11:52:00,South,Comfort,19,1,0.65,1.511,6.505,23.361,61,41,1.4878,1.2049,24.98
R0003769,2025-04-13 12:29:00,Central,Comfort,8,0,1.131,1.958,10.771,39.572,77,40,1.925,1.3885,55.27
R0003770,2025-09-25 21:35:00,South,Economy,10,0,0.982,1.284,5.504,16.277,70,36,1.9444,1.3967,17.16
R0003771,2025-11-09 01:25:00,Central,Economy,7,0,1.496,1.911,10.566,40.912,77,35,2.2,1.504,51.76
R0003772,2025-09-08 00:02:00,Tech Park,Economy,12,0,0.528,0.868,7.699,25.118,48,39,1.2308,1.0969,20.31
R0003773,2025-01-22 16:11:00,Airport,Economy,3,1,0.809,1.062,14.13,41.475,70,41,1.7073,1.2971,34.7
R0003774,2025-10-27 17:09:00,North,Economy,10,0,0.501,1.597,5.185,17.798,57,41,1.3902,1.1639,16.41
R0003775,2025-04-22 22:47:00,Airport,Economy,4,0,0.116,1.185,6.802,18.561,35,53,0.6604,1.0,13.23
R0003776,2025-09-04 04:47:00,Central,Economy,12,0,0.154,1.424,3.461,9.891,46,38,1.2105,1.0884,7.48
R0003777,2025-12-27 02:25:00,Airport,Economy,20,0,0.263,1.277,7.384,21.841,74,32,2.3125,1.5512,27.32
R0003778,2025-01-20 17:41:00,North,Economy,23,0,0.11,1.1,6.16,22.033,27,41,0.6585,1.0,14.24
R0003779,2025-02-23 02:28:00,Tech Park,Economy,10,1,0.629,2.06,13.172,47.742,88,42,2.0952,1.46,59.36
R0003780,2025-11-01 23:35:00,Airport,Economy,1,0,1.195,1.112,5.509,19.011,42,40,1.05,1.021,15.12
R0003781,2025-10-06 05:20:00,Tech Park,Premium,5,0,0.302,0.94,6.153,18.447,49,54,0.9074,1.0,24.4
R0003782,2025-12-10 19:17:00,South,Economy,2,0,0.047,1.051,5.358,18.603,43,36,1.1944,1.0817,14.11
R0003783,2025-12-29 23:14:00,North,Economy,18,0,0.233,1.741,7.885,31.899,40,41,0.9756,1.0,23.14
R0003784,2025-01-26 17:51:00,South,Economy,23,0,0.412,1.193,23.189,72.478,39,36,1.0833,1.035,45.89
R0003785,2025-11-21 17:38:00,Central,Economy,13,0,1.124,1.138,1.135,7.417,55,37,1.4865,1.2043,6.15
R0003786,2025-03-14 22:44:00,Tech Park,Comfort,4,0,0.574,0.959,7.566,26.587,50,55,0.9091,1.0,26.77
R0003787,2025-11-09 03:53:00,Tech Park,Economy,0,1,0.573,1.34,14.819,51.72,51,51,1.0,1.0,32.48
R0003788,2025-08-19 09:19:00,Tech Park,Premium,23,1,0.843,1.012,5.853,17.057,53,46,1.1522,1.0639,25.92
R0003789,2025-12-30 22:15:00,Central,Comfort,7,1,1.278,1.435,10.38,31.107,73,46,1.587,1.2465,42.65
R0003790,2025-12-25 07:58:00,South,Economy,2,0,1.931,1.086,14.843,45.355,40,49,0.8163,1.0,31.72
R0003791,2025-04-10 09:14:00,Central,Premium,4,0,0.303,0.951,6.673,20.966,49,46,1.0652,1.0274,23.92
R0003792,2025-07-09 22:07:00,North,Economy,6,1,0.529,1.364,5.425,14.614,47,44,1.0682,1.0286,11.32
R0003793,2025-12-17 15:17:00,Airport,Premium,15,0,0.303,0.841,12.994,37.556,55,51,1.0784,1.0329,39.32
R0003794,2025-10-11 07:07:00,Central,Economy,21,0,0.805,1.969,10.201,33.822,80,54,1.4815,1.2022,32.2
R0003795,2025-07-17 10:38:00,South,Premium,6,0,0.046,1.244,7.506,28.222,40,46,0.8696,1.0,34.78
R0003796,2025-09-18 15:03:00,University,Economy,16,1,2.354,1.464,10.872,38.369,54,57,0.9474,1.0,28.3
R0003797,2025-02-08 19:54:00,Airport,Economy,1,0,0.884,0.7,13.173,34.548,59,44,1.3409,1.1432,27.93
R0003798,2025-09-22 12:14:00,South,Premium,0,0,0.765,0.925,7.545,23.175,34,47,0.7234,1.0,27.84
R0003799,2025-11-12 21:38:00,South,Economy,1,0,0.24,0.929,9.189,28.146,45,50,0.9,1.0,18.18
R0003800,2025-06-09 04:40:00,University,Economy,22,0,0.358,1.376,10.354,35.897,51,37,1.3784,1.1589,28.01
R0003801,2025-02-17 18:01:00,South,Economy,13,0,0.11,0.917,6.025,18.703,34,46,0.7391,1.0,13.67
R0003802,2025-02-06 10:08:00,Airport,Economy,19,0,0.225,1.451,14.93,52.604,79,42,1.881,1.37,44.98
R0003803,2025-03-06 15:16:00,Central,Economy,0,0,1.278,1.264,4.406,12.477,50,51,0.9804,1.0,11.15
R0003804,2025-08-02 04:26:00,South,Economy,0,1,0.066,0.758,7.227,20.688,47,45,1.0444,1.0187,13.21
R0003805,2025-01-01 05:22:00,Central,Economy,20,1,2.74,2.039,11.848,50.249,85,37,2.2973,1.5449,65.9
R0003806,2025-12-31 14:46:00,University,Comfort,2,0,1.492,1.125,4.345,13.787,43,39,1.1026,1.0431,14.13
R0003807,2025-05-18 22:00:00,University,Economy,3,1,0.751,1.619,12.544,45.008,54,38,1.4211,1.1768,39.38
R0003808,2025-06-29 07:16:00,University,Comfort,12,0,0.205,0.872,8.625,23.383,48,42,1.1429,1.06,21.22
R0003809,2025-06-02 00:23:00,Central,Economy,14,1,1.023,1.531,16.1,60.21,61,41,1.4878,1.2049,46.48
R0003810,2025-09-10 11:59:00,Tech Park,Comfort,5,0,0.939,0.964,10.881,33.348,53,39,1.359,1.1508,34.2
R0003811,2025-04-05 13:40:00,Tech Park,Comfort,10,0,0.297,1.651,7.103,23.257,76,31,2.4516,1.6097,35.9
R0003812,2025-11-12 13:31:00,Airport,Premium,16,0,0.867,1.246,8.823,31.332,40,46,0.8696,1.0,37.28
R0003813,2025-10-27 08:58:00,Central,Economy,10,0,0.411,1.649,8.999,30.204,74,49,1.5102,1.2143,23.17
R0003814,2025-10-04 21:58:00,Central,Economy,9,0,0.04,1.572,23.637,83.036,74,37,2.0,1.42,73.66
R0003815,2025-11-18 15:04:00,North,Premium,1,0,0.122,1.177,8.138,28.591,27,42,0.6429,1.0,33.05
R0003816,2025-10-05 16:42:00,University,Comfort,10,0,1.448,1.886,7.2,32.26,78,36,2.1667,1.49,50.25
R0003817,2025-04-18 12:14:00,Tech Park,Economy,19,0,0.341,1.58,6.976,25.664,61,51,1.1961,1.0824,22.02
R0003818,2025-09-04 03:34:00,Central,Economy,15,0,0.254,0.924,8.618,26.046,55,51,1.0784,1.0329,19.02
R0003819,2025-07-09 16:41:00,South,Comfort,21,1,0.626,1.633,4.163,11.351,66,39,1.6923,1.2908,17.24
R0003820,2025-09-07 19:16:00,Central,Economy,3,0,0.019,0.971,6.293,18.593,57,51,1.1176,1.0494,14.68
R0003821,2025-12-10 18:49:00,Central,Economy,0,1,0.562,1.066,4.452,13.087,69,51,1.3529,1.1482,11.22
R0003822,2025-01-28 17:46:00,Airport,Comfort,13,0,0.666,1.134,4.784,15.518,47,51,0.9216,1.0,16.94
R0003823,2025-03-07 21:26:00,South,Economy,4,0,0.998,0.926,12.089,34.652,37,44,0.8409,1.0,23.88
R0003824,2025-12-12 11:34:00,South,Economy,14,0,0.156,0.843,7.881,25.034,30,39,0.7692,1.0,16.17
R0003825,2025-03-21 20:26:00,Tech Park,Economy,21,0,0.29,1.752,5.165,18.55,70,40,1.75,1.315,16.94
R0003826,2025-06-28 04:26:00,University,Economy,8,0,0.651,1.262,7.152,24.879,53,48,1.1042,1.0438,19.47
R0003827,2025-05-18 08:44:00,Central,Economy,13,1,0.176,1.247,6.785,22.347,63,45,1.4,1.168,18.95
R0003828,2025-10-30 15:30:00,Tech Park,Comfort,16,0,0.703,1.026,7.996,23.495,56,44,1.2727,1.1145,25.73
R0003829,2025-03-30 06:01:00,Central,Economy,3,1,0.624,1.413,3.391,10.954,57,40,1.425,1.1785,9.23
R0003830,2025-02-26 10:16:00,North,Comfort,21,0,0.016,1.774,4.262,17.176,57,31,1.8387,1.3523,24.17
R0003831,2025-01-14 10:09:00,North,Comfort,4,0,1.254,1.167,3.516,15.209,39,50,0.78,1.0,15.31
R0003832,2025-04-24 09:40:00,Airport,Comfort,19,0,0.182,1.543,4.736,15.811,59,37,1.5946,1.2497,18.13
R0003833,2025-11-24 23:09:00,Central,Economy,15,1,0.577,1.391,5.22,18.476,64,45,1.4222,1.1773,15.8
R0003834,2025-11-05 22:20:00,Central,Economy,3,0,2.381,1.658,4.397,17.775,69,38,1.8158,1.3426,20.3
R0003835,2025-01-20 05:23:00,Central,Comfort,17,0,0.209,1.763,11.828,43.424,82,34,2.4118,1.5929,63.29
R0003836,2025-12-23 13:07:00,University,Economy,4,0,0.849,1.359,21.37,66.115,53,34,1.5588,1.2347,53.53
R0003837,2025-05-14 06:04:00,Central,Economy,14,0,2.856,1.318,12.232,41.336,70,54,1.2963,1.1244,37.28
R0003838,2025-02-18 23:19:00,North,Economy,23,1,0.966,1.211,5.692,15.712,42,38,1.1053,1.0442,12.62
R0003839,2025-02-04 18:54:00,University,Economy,22,1,1.482,1.128,8.72,24.454,45,37,1.2162,1.0908,20.44
R0003840,2025-04-17 13:15:00,South,Comfort,20,0,0.134,1.374,7.489,22.728,44,35,1.2571,1.108,21.08
R0003841,2025-05-08 00:00:00,North,Economy,11,1,1.919,1.375,5.558,19.031,55,59,0.9322,1.0,12.56
R0003842,2025-08-21 16:02:00,University,Economy,13,1,0.041,0.933,16.096,45.142,39,50,0.78,1.0,34.46
R0003843,2025-02-09 12:12:00,Central,Economy,7,0,0.908,1.683,23.429,79.897,71,45,1.5778,1.2427,68.7
R0003844,2025-07-06 15:06:00,Central,Economy,22,0,0.553,1.01,3.461,12.401,53,46,1.1522,1.0639,15.34
R0003845,2025-02-10 14:16:00,South,Economy,11,0,0.398,0.846,17.153,48.936,48,44,1.0909,1.0382,31.84
R0003846,2025-08-15 19:06:00,North,Comfort,18,0,0.327,1.914,5.612,23.804,43,41,1.0488,1.0205,23.83
R0003847,2025-08-22 23:25:00,Tech Park,Premium,8,0,0.985,1.755,6.724,23.713,74,49,1.5102,1.2143,38.49
R0003848,2025-09-08 15:39:00,Airport,Premium,17,0,0.241,1.334,9.075,30.251,78,46,1.6957,1.2922,47.29
R0003849,2025-06-11 16:25:00,South,Economy,5,1,0.347,1.095,18.196,57.503,38,45,0.8444,1.0,36.37
R0003850,2025-06-04 06:24:00,Tech Park,Economy,17,1,0.914,1.988,9.067,32.523,87,36,2.4167,1.595,37.68
R0003851,2025-04-10 14:24:00,University,Economy,1,0,1.433,1.431,9.746,31.875,55,41,1.3415,1.1434,25.4
R0003852,2025-12-05 04:44:00,Central,Comfort,2,0,0.494,0.996,12.421,39.657,50,45,1.1111,1.0467,32.65
R0003853,2025-12-15 12:03:00,Central,Comfort,8,0,1.981,1.818,13.546,50.241,76,52,1.4615,1.1938,62.31
R0003854,2025-02-07 22:29:00,University,Comfort,11,0,0.662,0.947,10.29,30.543,39,31,1.2581,1.1084,30.44
R0003855,2025-12-21 04:54:00,South,Economy,17,0,0.602,1.525,13.593,46.898,61,38,1.6053,1.2542,40.46
R0003856,2025-07-21 21:18:00,Airport,Economy,8,0,3.0,1.971,5.591,25.019,96,48,2.0,1.42,31.41
R0003857,2025-08-12 15:15:00,Airport,Premium,0,0,0.798,0.879,2.992,9.818,41,41,1.0,1.0,11.61
R0003858,2025-09-04 16:21:00,Tech Park,Economy,7,0,2.583,1.935,21.195,79.909,76,33,2.303,1.5473,103.11
R0003859,2025-03-16 10:57:00,South,Comfort,10,0,3.0,2.152,4.39,18.492,70,35,2.0,1.42,34.11
R0003860,2025-12-10 18:14:00,South,Comfort,13,0,0.141,0.951,5.791,14.499,38,43,0.8837,1.0,14.88
R0003861,2025-12-06 16:46:00,University,Economy,15,1,0.236,1.082,6.473,21.827,59,41,1.439,1.1844,19.68
R0003862,2025-05-30 04:57:00,Central,Premium,5,0,0.06,1.303,5.888,18.283,57,40,1.425,1.1785,22.75
R0003863,2025-05-14 15:45:00,Central,Comfort,14,0,1.05,1.519,5.21,16.133,58,62,0.9355,1.0,17.33
R0003864,2025-11-25 11:13:00,South,Comfort,15,0,1.064,1.179,10.024,28.255,37,48,0.7708,1.0,29.26
R0003865,2025-06-26 17:51:00,University,Economy,18,0,0.305,1.763,10.083,33.897,65,20,3.25,1.945,44.63
R0003866,2025-04-10 03:09:00,Central,Economy,12,0,0.013,0.972,10.924,27.93,65,52,1.25,1.105,18.18
R0003867,2025-09-27 05:37:00,Tech Park,Comfort,19,0,0.835,1.612,10.554,35.344,78,43,1.814,1.3419,42.69
R0003868,2025-01-06 21:29:00,Central,Economy,5,0,0.07,0.812,6.177,17.467,51,39,1.3077,1.1292,11.24
R0003869,2025-09-28 17:21:00,Central,Economy,17,0,0.455,1.648,6.171,25.129,72,43,1.6744,1.2833,24.72
R0003870,2025-08-29 08:51:00,University,Economy,1,0,1.102,1.394,14.376,48.134,38,49,0.7755,1.0,34.14
R0003871,2025-06-17 15:24:00,Airport,Economy,2,0,0.645,0.887,5.831,18.407,61,37,1.6486,1.2724,14.95
R0003872,2025-07-21 07:48:00,Airport,Comfort,20,0,1.423,1.755,5.768,24.741,72,38,1.8947,1.3758,31.8
R0003873,2025-07-16 14:16:00,Tech Park,Economy,11,0,0.428,1.017,12.952,32.971,52,48,1.0833,1.035,21.26
R0003874,2025-03-30 08:17:00,Central,Economy,14,0,0.25,1.089,7.689,25.244,52,43,1.2093,1.0879,20.7
R0003875,2025-12-22 01:55:00,North,Economy,14,0,0.195,1.082,5.884,19.668,44,31,1.4194,1.1761,14.15
R0003876,2025-07-02 12:41:00,Tech Park,Economy,16,0,1.077,1.29,5.915,21.925,51,36,1.4167,1.175,16.23
R0003877,2025-06-30 19:34:00,Central,Economy,5,0,0.516,1.434,14.413,44.667,53,46,1.1522,1.0639,31.83
R0003878,2025-08-11 12:04:00,South,Economy,4,0,0.235,0.886,10.722,30.289,35,52,0.6731,1.0,17.26
R0003879,2025-09-15 18:44:00,Central,Economy,1,0,0.799,0.977,8.847,24.937,61,51,1.1961,1.0824,22.47
R0003880,2025-06-21 02:15:00,Airport,Economy,20,0,0.05,1.604,4.09,12.626,61,30,2.0333,1.434,15.16
R0003881,2025-03-19 11:49:00,Tech Park,Economy,5,0,0.593,1.368,8.868,35.081,50,45,1.1111,1.0467,24.0
R0003882,2025-05-31 07:19:00,Central,Economy,13,0,0.728,0.868,6.91,19.518,53,52,1.0192,1.0081,13.68
R0003883,2025-08-15 00:37:00,University,Economy,10,1,0.825,1.758,4.703,20.208,75,40,1.875,1.3675,20.74
R0003884,2025-03-31 19:55:00,University,Economy,3,1,1.991,1.322,5.58,20.762,53,48,1.1042,1.0438,16.84
R0003885,2025-03-07 00:07:00,Tech Park,Comfort,9,1,0.404,1.776,11.392,38.886,80,38,2.1053,1.4642,58.47
R0003886,2025-02-24 01:45:00,Central,Economy,1,0,0.739,1.246,15.384,48.176,57,37,1.5405,1.227,41.84
R0003887,2025-05-14 15:45:00,Central,Economy,4,0,0.855,1.163,4.342,14.826,57,52,1.0962,1.0404,11.82
R0003888,2025-10-12 20:08:00,University,Comfort,3,0,0.522,1.182,4.654,16.587,31,36,0.8611,1.0,16.17
R0003889,2025-06-13 17:25:00,North,Comfort,19,0,0.12,1.453,11.379,39.61,63,36,1.75,1.315,43.13
R0003890,2025-04-23 08:47:00,Tech Park,Economy,13,0,1.169,1.354,6.202,25.213,50,33,1.5152,1.2164,24.63
R0003891,2025-09-02 22:58:00,Tech Park,Economy,22,0,0.012,1.252,10.528,36.287,55,53,1.0377,1.0158,16.0
R0003892,2025-10-17 01:09:00,Central,Comfort,10,0,0.132,1.592,6.157,23.897,64,47,1.3617,1.1519,24.07
R0003893,2025-01-30 17:34:00,Airport,Economy,4,0,0.392,0.997,10.669,34.544,51,48,1.0625,1.0263,20.54
R0003894,2025-12-10 08:38:00,South,Premium,14,0,0.131,0.998,3.649,15.05,28,44,0.6364,1.0,19.17
R0003895,2025-02-06 14:29:00,South,Economy,22,0,0.591,1.249,10.508,32.822,26,48,0.5417,1.0,22.3
R0003896,2025-09-22 00:21:00,Central,Comfort,12,1,1.542,1.27,2.448,5.687,68,41,1.6585,1.2766,7.84
R0003897,2025-01-20 00:05:00,South,Premium,0,0,2.657,1.262,12.922,40.52,40,36,1.1111,1.0467,58.82
R0003898,2025-04-20 16:02:00,Tech Park,Premium,7,0,0.532,1.817,7.624,25.883,77,47,1.6383,1.2681,42.7
R0003899,2025-05-20 04:06:00,Central,Economy,22,1,0.793,0.966,9.901,27.764,66,45,1.4667,1.196,25.95
R0003900,2025-03-13 14:12:00,Central,Comfort,12,0,0.588,1.182,8.85,28.756,36,42,0.8571,1.0,26.12
R0003901,2025-03-15 13:02:00,Tech Park,Economy,22,0,0.503,0.755,3.04,8.463,58,35,1.6571,1.276,9.29
R0003902,2025-05-13 14:05:00,Tech Park,Economy,12,0,0.506,1.11,16.474,52.246,52,46,1.1304,1.0548,34.96
R0003903,2025-10-08 20:24:00,University,Comfort,0,0,2.281,1.398,9.337,32.406,54,42,1.2857,1.12,32.57
R0003904,2025-06-29 10:12:00,Central,Economy,20,0,0.022,1.2,11.775,38.45,73,52,1.4038,1.1696,26.32
R0003905,2025-10-29 04:29:00,University,Comfort,18,1,1.256,1.836,5.005,16.788,70,43,1.6279,1.2637,20.01
R0003906,2025-10-23 09:32:00,Tech Park,Economy,17,1,0.206,1.389,8.868,28.216,76,33,2.303,1.5473,33.84
R0003907,2025-03-31 07:15:00,Tech Park,Economy,23,1,0.438,1.094,3.779,8.561,56,49,1.1429,1.06,7.39
R0003908,2025-06-13 06:08:00,Central,Economy,4,1,0.123,0.948,8.432,26.83,64,60,1.0667,1.028,18.96
R0003909,2025-08-13 11:54:00,Airport,Economy,21,0,0.108,1.303,4.633,20.358,65,42,1.5476,1.23,15.25
R0003910,2025-04-11 22:35:00,North,Economy,5,1,1.43,1.069,42.0,125.0,46,30,1.5333,1.224,98.77
R0003911,2025-06-28 16:33:00,Central,Economy,23,0,0.266,0.874,10.836,32.353,56,39,1.4359,1.1831,23.64
R0003912,2025-04-19 13:20:00,Central,Premium,4,0,0.569,1.279,16.151,51.002,61,40,1.525,1.2205,73.83
R0003913,2025-03-15 04:44:00,University,Comfort,13,1,0.891,1.311,6.772,22.45,44,44,1.0,1.0,21.03
R0003914,2025-01-27 19:50:00,Central,Comfort,18,1,1.986,2.302,9.674,43.069,104,39,2.6667,1.7,79.38
R0003915,2025-08-21 05:08:00,University,Economy,1,1,0.114,0.928,12.781,37.986,50,41,1.2195,1.0922,21.01
R0003916,2025-06-25 20:24:00,North,Economy,1,0,2.093,1.279,4.306,16.414,50,43,1.1628,1.0684,18.64
R0003917,2025-09-27 00:55:00,Tech Park,Comfort,20,0,0.712,1.702,5.366,23.127,73,38,1.9211,1.3868,30.08
R0003918,2025-01-25 16:32:00,Central,Economy,1,0,0.682,1.059,13.262,43.044,57,36,1.5833,1.245,33.8
R0003919,2025-11-02 16:40:00,South,Economy,14,0,0.399,0.967,6.89,21.359,24,43,0.5581,1.0,13.51
R0003920,2025-12-16 02:52:00,South,Premium,22,1,0.336,1.07,5.149,16.972,49,28,1.75,1.315,29.34
R0003921,2025-04-21 05:46:00,University,Economy,14,1,0.055,1.137,5.49,17.209,56,38,1.4737,1.1989,13.35
R0003922,2025-12-22 16:23:00,Central,Premium,11,0,1.641,0.915,3.966,13.812,67,46,1.4565,1.1917,21.61
R0003923,2025-02-26 07:54:00,Central,Economy,10,0,0.1,1.465,2.644,9.304,85,46,1.8478,1.3561,11.17
R0003924,2025-07-13 12:28:00,University,Economy,15,0,0.289,0.8,3.056,10.612,39,43,0.907,1.0,10.06
R0003925,2025-12-07 02:14:00,Airport,Economy,13,0,1.433,1.23,7.966,28.444,48,43,1.1163,1.0488,21.72
R0003926,2025-06-07 03:35:00,South,Premium,12,0,0.493,1.167,11.239,31.976,43,39,1.1026,1.0431,39.49
R0003927,2025-12-06 19:03:00,Airport,Economy,3,1,0.144,1.227,31.044,93.429,50,33,1.5152,1.2164,68.05
R0003928,2025-03-16 04:09:00,Airport,Comfort,15,0,1.185,1.135,7.593,24.294,61,51,1.1961,1.0824,24.06
R0003929,2025-04-15 09:09:00,South,Economy,17,1,0.34,1.63,3.842,16.172,63,36,1.75,1.315,19.47
R0003930,2025-08-23 15:53:00,South,Comfort,17,0,0.284,1.298,7.647,26.247,54,40,1.35,1.147,24.94
R0003931,2025-01-21 13:22:00,South,Economy,1,1,0.107,0.864,11.434,30.677,47,33,1.4242,1.1782,23.82
R0003932,2025-03-28 21:43:00,North,Economy,16,0,0.314,1.094,13.689,44.269,39,42,0.9286,1.0,26.32
R0003933,2025-09-16 16:13:00,Tech Park,Comfort,17,0,0.388,1.375,12.977,47.472,57,36,1.5833,1.245,51.76
R0003934,2025-02-18 08:29:00,University,Comfort,4,0,0.874,1.38,10.644,33.895,42,46,0.913,1.0,31.04
R0003935,2025-05-14 05:48:00,Central,Comfort,20,0,0.229,1.686,8.186,28.414,89,39,2.2821,1.5385,40.84
R0003936,2025-07-23 06:34:00,Central,Economy,12,1,1.681,1.14,11.649,36.724,76,47,1.617,1.2591,33.76
R0003937,2025-10-04 21:37:00,Central,Comfort,11,0,1.466,0.997,4.049,12.954,58,60,0.9667,1.0,11.86
R0003938,2025-07-10 11:20:00,Tech Park,Economy,17,0,1.466,1.684,2.574,13.109,76,37,2.0541,1.4427,16.64
R0003939,2025-01-27 03:44:00,Central,Premium,12,0,0.664,0.958,24.564,72.475,58,46,1.2609,1.1096,84.88
R0003940,2025-08-04 16:55:00,Tech Park,Economy,13,0,1.118,0.982,7.57,22.695,51,39,1.3077,1.1292,19.06
R0003941,2025-06-17 13:13:00,North,Economy,7,0,1.03,1.482,10.419,34.688,64,38,1.6842,1.2874,30.93
R0003942,2025-05-24 19:54:00,South,Economy,22,0,1.336,1.199,1.664,3.245,64,37,1.7297,1.3065,6.19
R0003943,2025-05-02 07:41:00,Tech Park,Economy,23,0,1.444,1.392,18.169,63.251,62,56,1.1071,1.045,45.75
R0003944,2025-10-26 05:38:00,North,Economy,3,0,1.069,1.064,14.669,46.224,34,40,0.85,1.0,31.15
R0003945,2025-08-23 13:38:00,North,Comfort,17,1,1.089,1.826,3.284,13.129,65,30,2.1667,1.49,18.22
R0003946,2025-01-13 16:05:00,Central,Comfort,0,1,1.003,1.122,6.524,21.333,58,46,1.2609,1.1096,21.71
R0003947,2025-09-16 22:44:00,North,Economy,8,1,1.091,1.857,8.993,33.89,69,34,2.0294,1.4324,37.31
R0003948,2025-04-17 06:15:00,Central,Economy,23,1,0.606,0.968,3.876,8.751,62,49,1.2653,1.1114,11.05
R0003949,2025-12-13 06:54:00,Tech Park,Comfort,4,1,0.293,1.103,10.164,28.74,61,41,1.4878,1.2049,35.37
R0003950,2025-06-14 17:09:00,North,Premium,9,0,0.151,1.599,13.806,48.116,51,41,1.2439,1.1024,66.7
R0003951,2025-05-07 22:24:00,Central,Economy,5,1,0.105,1.264,9.284,30.022,54,48,1.125,1.0525,19.12
R0003952,2025-02-14 18:04:00,Central,Premium,17,0,0.171,1.681,3.282,12.893,53,43,1.2326,1.0977,19.55
R0003953,2025-02-17 03:32:00,South,Economy,11,0,1.372,1.293,4.392,19.066,40,48,0.8333,1.0,16.63
R0003954,2025-09-28 03:30:00,University,Comfort,14,1,1.883,1.074,7.257,22.373,57,38,1.5,1.21,28.77
R0003955,2025-12-17 19:42:00,Central,Comfort,22,0,1.046,1.094,6.772,19.999,63,40,1.575,1.2415,23.99
R0003956,2025-05-25 13:20:00,Central,Economy,12,0,0.726,0.987,6.848,21.397,55,52,1.0577,1.0242,16.05
R0003957,2025-07-28 02:47:00,North,Economy,17,0,0.055,1.412,6.716,20.253,57,28,2.0357,1.435,21.52
R0003958,2025-12-15 11:01:00,University,Comfort,2,0,0.508,1.094,2.88,10.425,40,43,0.9302,1.0,9.71
R0003959,2025-12-07 16:43:00,Tech Park,Economy,5,1,0.275,1.093,12.099,35.946,55,47,1.1702,1.0715,25.46
R0003960,2025-09-09 03:55:00,Central,Economy,22,0,0.274,1.1,10.968,34.733,52,46,1.1304,1.0548,20.95
R0003961,2025-10-31 03:48:00,South,Economy,20,0,0.643,1.893,10.353,38.986,51,30,1.7,1.294,42.07
R0003962,2025-07-08 15:49:00,Tech Park,Comfort,15,0,1.04,1.274,9.839,32.015,58,41,1.4146,1.1741,34.24
R0003963,2025-06-29 03:35:00,Tech Park,Economy,9,0,0.583,1.434,6.644,24.597,74,47,1.5745,1.2413,22.99
R0003964,2025-06-09 23:06:00,North,Economy,4,0,3.0,1.576,5.563,21.974,59,39,1.5128,1.2154,24.36
R0003965,2025-02-02 07:46:00,Tech Park,Premium,20,0,0.706,1.782,4.438,21.796,73,42,1.7381,1.31,37.43
R0003966,2025-08-10 13:55:00,South,Comfort,18,0,0.041,1.785,18.149,67.763,52,50,1.04,1.0168,61.35
R0003967,2025-04-20 05:30:00,Central,Economy,5,0,2.294,1.385,7.681,25.75,67,38,1.7632,1.3205,30.16
R0003968,2025-09-19 17:45:00,Airport,Economy,14,0,0.552,1.073,3.116,9.34,36,43,0.8372,1.0,8.34
R0003969,2025-09-13 04:59:00,Central,Economy,14,0,1.874,1.531,7.644,27.884,47,57,0.8246,1.0,23.79
R0003970,2025-04-29 02:44:00,Airport,Economy,11,1,0.101,1.05,2.469,11.98,55,42,1.3095,1.13,10.99
R0003971,2025-09-25 23:03:00,North,Economy,22,0,0.227,0.753,8.903,27.334,44,48,0.9167,1.0,15.13
R0003972,2025-03-04 22:54:00,Tech Park,Economy,2,0,0.167,0.704,8.403,22.187,51,37,1.3784,1.1589,17.37
R0003973,2025-04-02 19:16:00,Tech Park,Economy,6,1,1.342,1.573,5.766,22.024,70,42,1.6667,1.28,22.03
R0003974,2025-09-07 09:11:00,Airport,Economy,2,0,1.634,0.986,4.633,15.369,43,39,1.1026,1.0431,14.3
R0003975,2025-08-22 20:11:00,Airport,Economy,16,0,0.926,1.137,10.584,35.73,39,59,0.661,1.0,26.03
R0003976,2025-11-16 21:42:00,Tech Park,Economy,15,1,0.758,1.295,7.421,25.548,54,45,1.2,1.084,20.15
R0003977,2025-02-07 12:53:00,North,Comfort,23,0,0.049,0.691,2.67,9.123,26,36,0.7222,1.0,9.7
R0003978,2025-09-14 10:00:00,Central,Economy,13,1,0.257,0.852,15.061,40.679,48,56,0.8571,1.0,26.12
R0003979,2025-03-19 22:23:00,Tech Park,Comfort,3,0,0.303,0.83,4.632,16.008,45,41,1.0976,1.041,14.24
R0003980,2025-05-06 02:45:00,Central,Economy,10,1,0.073,1.887,3.762,12.189,65,36,1.8056,1.3383,16.23
R0003981,2025-02-14 17:26:00,Airport,Economy,2,1,0.525,1.458,16.4,55.637,56,53,1.0566,1.0238,39.26
R0003982,2025-04-25 04:25:00,Tech Park,Economy,16,0,0.947,1.038,13.912,41.087,37,45,0.8222,1.0,32.38
R0003983,2025-03-16 05:15:00,South,Economy,16,1,1.223,1.325,6.164,19.734,53,42,1.2619,1.11,17.01
R0003984,2025-07-10 08:30:00,North,Comfort,20,0,1.006,1.787,3.901,16.702,64,36,1.7778,1.3267,22.71
R0003985,2025-03-02 09:48:00,Tech Park,Economy,8,0,0.426,1.576,4.71,17.458,79,33,2.3939,1.5855,17.86
R0003986,2025-07-31 03:33:00,University,Economy,7,0,0.328,1.316,6.107,15.585,66,35,1.8857,1.372,20.74
R0003987,2025-09-20 14:51:00,Airport,Economy,1,0,0.454,1.497,15.164,51.446,41,40,1.025,1.0105,36.01
R0003988,2025-05-26 20:33:00,South,Economy,9,0,0.51,1.315,15.835,50.808,59,33,1.7879,1.3309,46.53
R0003989,2025-12-01 03:53:00,Central,Economy,11,0,0.157,1.067,8.51,29.428,57,37,1.5405,1.227,27.07
R0003990,2025-02-16 20:53:00,North,Economy,18,0,0.349,1.496,11.107,35.661,67,27,2.4815,1.6222,40.21
R0003991,2025-12-19 17:44:00,North,Economy,18,0,0.284,1.783,6.923,30.399,68,35,1.9429,1.396,28.79
R0003992,2025-08-07 09:03:00,North,Economy,3,1,2.08,1.527,4.806,19.475,56,30,1.8667,1.364,24.4
R0003993,2025-05-23 18:53:00,Central,Comfort,6,0,1.315,1.06,3.403,10.932,47,48,0.9792,1.0,11.86
R0003994,2025-01-11 05:27:00,Tech Park,Economy,12,1,0.938,1.027,9.278,27.694,60,44,1.3636,1.1527,19.16
R0003995,2025-11-10 17:14:00,North,Comfort,8,1,0.196,1.306,12.746,40.377,67,32,2.0938,1.4594,54.19
R0003996,2025-12-11 06:23:00,University,Economy,0,1,1.111,1.235,5.866,20.385,60,41,1.4634,1.1946,16.74
R0003997,2025-02-03 09:03:00,Central,Economy,20,0,0.247,1.722,14.926,52.218,68,34,2.0,1.42,48.18
R0003998,2025-04-07 15:10:00,Tech Park,Comfort,17,1,1.122,1.672,6.286,23.063,78,32,2.4375,1.6038,39.32
R0003999,2025-07-27 16:54:00,South,Economy,12,1,0.439,1.035,8.134,22.94,47,34,1.3824,1.1606,15.08
R0004000,2025-05-03 14:56:00,North,Economy,7,1,1.511,2.165,6.879,29.83,59,36,1.6389,1.2683,31.89
R0004001,2025-08-09 22:34:00,Tech Park,Premium,20,1,0.095,1.736,15.334,55.929,72,34,2.1176,1.4694,97.75
R0004002,2025-08-03 20:21:00,Tech Park,Premium,0,0,1.075,1.436,10.186,33.785,47,53,0.8868,1.0,45.32
R0004003,2025-05-30 16:40:00,North,Economy,10,0,1.62,1.438,7.522,25.584,68,29,2.3448,1.5648,32.84
R0004004,2025-09-24 01:08:00,North,Economy,19,1,0.465,1.732,8.102,28.514,70,33,2.1212,1.4709,32.36
R0004005,2025-01-09 05:16:00,South,Comfort,22,0,0.431,1.123,4.039,14.325,42,42,1.0,1.0,15.45
R0004006,2025-08-19 00:09:00,South,Premium,6,1,0.575,0.878,2.274,5.098,40,40,1.0,1.0,10.53
R0004007,2025-05-01 13:05:00,North,Economy,15,0,0.929,0.979,5.799,20.2,38,40,0.95,1.0,14.07
R0004008,2025-03-22 07:49:00,Tech Park,Economy,4,0,0.313,1.017,6.982,22.229,53,34,1.5588,1.2347,17.21
R0004009,2025-01-02 19:47:00,North,Comfort,2,0,0.262,0.806,10.404,28.966,35,43,0.814,1.0,22.91
R0004010,2025-01-11 07:32:00,North,Economy,8,0,2.329,1.826,7.101,28.37,74,45,1.6444,1.2707,32.01
R0004011,2025-10-23 01:05:00,South,Comfort,21,1,0.409,1.541,6.001,22.516,76,36,2.1111,1.4667,30.77
R0004012,2025-11-03 14:48:00,University,Economy,16,0,0.542,1.201,1.535,3.915,43,41,1.0488,1.0205,4.47
R0004013,2025-12-31 14:25:00,Central,Comfort,11,1,0.36,0.938,10.381,33.93,75,47,1.5957,1.2502,38.26
R0004014,2025-11-16 03:28:00,Central,Economy,6,0,0.996,1.099,8.724,22.039,54,48,1.125,1.0525,18.73
R0004015,2025-03-17 21:37:00,Central,Economy,3,1,0.284,1.235,12.153,41.574,57,37,1.5405,1.227,36.7
R0004016,2025-03-17 13:22:00,Tech Park,Economy,6,0,0.499,0.772,7.885,22.482,68,49,1.3878,1.1629,18.72
R0004017,2025-10-09 14:45:00,North,Economy,3,0,1.379,1.289,14.596,49.596,36,44,0.8182,1.0,36.31
R0004018,2025-06-23 11:22:00,North,Economy,4,0,1.231,1.292,5.739,22.734,42,47,0.8936,1.0,16.49
R0004019,2025-11-22 09:22:00,Central,Economy,16,0,0.401,1.147,7.597,23.54,66,46,1.4348,1.1826,15.62
R0004020,2025-01-16 21:32:00,University,Comfort,3,1,0.59,1.016,8.866,26.495,52,42,1.2381,1.1,25.27
R0004021,2025-04-16 06:39:00,North,Economy,1,1,0.209,0.846,11.167,33.113,44,43,1.0233,1.0098,19.9
R0004022,2025-03-16 00:42:00,South,Comfort,13,0,0.589,1.379,9.767,30.481,48,37,1.2973,1.1249,28.88
R0004023,2025-08-25 15:48:00,Airport,Economy,6,0,2.675,1.327,10.101,32.874,53,38,1.3947,1.1658,31.79
R0004024,2025-09-26 07:48:00,Airport,Comfort,10,0,1.161,1.558,9.006,30.971,77,49,1.5714,1.24,39.61
R0004025,2025-04-01 22:23:00,Airport,Economy,3,0,0.207,1.041,6.987,19.395,49,44,1.1136,1.0477,13.73
R0004026,2025-10-30 21:10:00,Central,Economy,5,0,0.076,0.881,12.752,36.155,60,53,1.1321,1.0555,25.0
R0004027,2025-01-25 03:52:00,North,Economy,10,0,0.213,1.778,3.093,14.171,56,40,1.4,1.168,12.6
R0004028,2025-01-04 06:29:00,Central,Economy,16,0,0.13,0.976,5.496,18.821,46,44,1.0455,1.0191,13.11
R0004029,2025-07-30 16:57:00,Central,Comfort,9,1,0.503,1.853,18.644,68.696,82,42,1.9524,1.4,85.99
R0004030,2025-12-13 21:21:00,Airport,Comfort,13,0,1.478,1.347,5.366,18.78,42,47,0.8936,1.0,20.14
R0004031,2025-04-17 03:13:00,Central,Comfort,12,0,0.51,1.022,7.441,22.548,57,51,1.1176,1.0494,22.73
R0004032,2025-08-03 07:00:00,Airport,Comfort,6,0,0.288,1.252,16.665,49.527,60,50,1.2,1.084,50.24
R0004033,2025-11-11 19:34:00,Central,Comfort,6,0,0.411,0.957,7.247,20.015,36,54,0.6667,1.0,17.48
R0004034,2025-02-06 20:28:00,Airport,Premium,10,0,0.91,1.656,4.91,20.589,75,47,1.5957,1.2502,33.82
R0004035,2025-12-16 16:36:00,Tech Park,Comfort,0,0,0.677,1.217,15.016,50.449,47,48,0.9792,1.0,46.73
R0004036,2025-08-15 12:49:00,University,Economy,16,0,0.22,1.08,6.625,19.277,37,51,0.7255,1.0,13.24
R0004037,2025-03-06 17:13:00,South,Economy,14,1,1.167,1.089,6.879,24.429,42,41,1.0244,1.0102,19.13
R0004038,2025-07-05 10:16:00,Airport,Economy,7,1,0.17,1.304,2.614,7.114,65,43,1.5116,1.2149,7.77
R0004039,2025-02-24 18:10:00,University,Comfort,8,1,0.633,1.661,7.242,25.432,65,45,1.4444,1.1867,30.17
R0004040,2025-01-11 23:41:00,University,Economy,7,0,0.353,1.483,11.309,38.676,64,39,1.641,1.2692,34.69
R0004041,2025-03-15 02:15:00,North,Economy,15,0,0.467,1.089,6.129,19.139,39,40,0.975,1.0,16.33
R0004042,2025-11-12 06:27:00,Airport,Comfort,18,0,0.18,1.507,3.839,12.764,66,28,2.3571,1.57,19.45
R0004043,2025-06-19 20:18:00,Tech Park,Economy,2,0,0.596,0.978,5.964,18.964,50,50,1.0,1.0,14.75
R0004044,2025-05-06 03:38:00,University,Economy,9,1,0.155,1.53,5.538,21.762,76,42,1.8095,1.34,20.78
R0004045,2025-04-27 02:37:00,Tech Park,Comfort,0,1,0.326,1.046,6.756,18.157,51,36,1.4167,1.175,17.23
R0004046,2025-12-05 12:28:00,South,Economy,10,0,0.438,1.754,5.843,22.469,69,52,1.3269,1.1373,18.31
R0004047,2025-08-22 20:46:00,South,Economy,5,0,0.225,1.117,19.405,61.82,43,47,0.9149,1.0,36.11
R0004048,2025-12-23 21:34:00,University,Economy,8,0,1.696,2.232,9.173,36.803,50,43,1.1628,1.0684,34.03
R0004049,2025-06-19 15:23:00,Airport,Economy,10,0,0.325,1.634,2.983,10.555,61,45,1.3556,1.1493,9.47
R0004050,2025-09-30 04:16:00,Central,Economy,7,1,0.408,1.502,8.079,26.509,75,35,2.1429,1.48,28.48
R0004051,2025-01-09 00:00:00,Tech Park,Economy,9,0,0.576,1.624,7.599,31.967,70,34,2.0588,1.4447,32.85
R0004052,2025-09-06 08:05:00,Central,Economy,18,0,0.103,1.671,14.984,56.781,67,53,1.2642,1.1109,42.99
R0004053,2025-10-01 10:46:00,North,Comfort,19,0,0.052,1.74,7.129,26.01,52,35,1.4857,1.204,28.32
R0004054,2025-11-17 17:06:00,Central,Economy,0,0,0.439,1.32,7.017,26.359,56,51,1.098,1.0412,16.27
R0004055,2025-05-09 20:53:00,Central,Economy,9,0,0.069,1.379,21.642,70.084,76,48,1.5833,1.245,57.26
R0004056,2025-07-24 09:00:00,Airport,Economy,20,1,0.768,1.919,4.315,17.042,70,29,2.4138,1.5938,22.04
R0004057,2025-08-31 06:38:00,South,Economy,12,0,0.801,1.136,12.046,35.493,26,39,0.6667,1.0,26.98
R0004058,2025-09-25 23:34:00,North,Economy,4,0,0.767,0.971,8.046,20.581,41,63,0.6508,1.0,15.34
R0004059,2025-11-03 15:15:00,South,Economy,14,0,1.093,1.16,5.897,18.129,37,36,1.0278,1.0117,14.59
R0004060,2025-05-05 23:24:00,Central,Economy,3,0,0.437,1.297,5.439,17.708,59,47,1.2553,1.1072,15.91
R0004061,2025-02-09 16:26:00,University,Comfort,0,0,1.736,1.395,16.397,55.491,60,42,1.4286,1.18,64.73
R0004062,2025-12-17 16:07:00,South,Economy,15,0,0.7,0.908,10.033,31.252,57,44,1.2955,1.1241,23.66
R0004063,2025-08-06 10:33:00,University,Premium,12,0,1.625,1.076,10.812,33.279,54,43,1.2558,1.1074,46.65
R0004064,2025-03-02 13:33:00,Central,Economy,18,0,1.051,1.517,12.672,41.639,83,43,1.9302,1.3907,41.61
R0004065,2025-12-07 05:26:00,Airport,Comfort,8,1,0.453,1.5,9.375,31.223,75,35,2.1429,1.48,38.79
R0004066,2025-12-26 09:47:00,Tech Park,Economy,20,1,0.695,1.689,4.334,20.107,72,41,1.7561,1.3176,22.34
R0004067,2025-02-19 05:16:00,Tech Park,Comfort,10,1,0.904,1.51,3.273,13.793,67,47,1.4255,1.1787,15.85
R0004068,2025-12-02 03:26:00,Airport,Comfort,17,0,0.047,1.481,18.116,64.579,66,40,1.65,1.273,67.09
R0004069,2025-08-10 06:04:00,South,Economy,2,0,0.105,1.271,8.709,32.675,36,39,0.9231,1.0,20.51
R0004070,2025-03-06 21:55:00,Tech Park,Economy,2,0,2.006,1.652,8.114,28.083,54,41,1.3171,1.1332,27.02
R0004071,2025-03-21 00:54:00,Central,Premium,18,0,0.896,1.99,20.958,81.725,68,48,1.4167,1.175,123.29
R0004072,2025-03-13 16:07:00,South,Premium,20,0,1.345,1.469,4.326,13.785,61,38,1.6053,1.2542,26.13
R0004073,2025-06-05 20:35:00,Central,Premium,22,0,0.431,1.379,1.939,10.02,68,60,1.1333,1.056,15.17
R0004074,2025-10-21 04:59:00,Airport,Economy,7,1,1.651,1.864,2.868,13.744,86,38,2.2632,1.5305,18.33
R0004075,2025-09-24 16:44:00,University,Economy,0,0,0.458,1.097,5.801,14.147,39,37,1.0541,1.0227,10.25
R0004076,2025-06-10 11:49:00,North,Economy,23,0,0.889,1.345,8.285,28.844,31,24,1.2917,1.1225,22.86
R0004077,2025-11-04 04:29:00,Tech Park,Comfort,14,1,1.84,1.458,16.7,54.543,61,43,1.4186,1.1758,64.87
R0004078,2025-12-19 21:27:00,Tech Park,Economy,5,0,0.99,0.842,12.351,34.909,48,44,1.0909,1.0382,26.13
R0004079,2025-12-04 19:34:00,University,Economy,18,1,0.172,1.471,1.898,6.314,75,37,2.027,1.4314,10.37
R0004080,2025-03-28 01:00:00,North,Economy,21,1,0.492,1.573,36.248,125.0,72,37,1.9459,1.3973,111.09
R0004081,2025-10-21 08:00:00,North,Economy,6,1,0.722,0.89,6.198,17.393,42,38,1.1053,1.0442,15.48
R0004082,2025-03-06 03:43:00,Central,Comfort,18,1,0.943,1.899,15.261,54.608,72,29,2.4828,1.6228,86.64
R0004083,2025-11-14 03:50:00,South,Economy,18,0,1.497,2.078,10.489,39.756,64,42,1.5238,1.22,37.7
R0004084,2025-04-19 22:51:00,North,Comfort,12,0,0.95,1.169,7.791,24.741,39,51,0.7647,1.0,23.01
R0004085,2025-02-03 02:32:00,Tech Park,Economy,15,1,0.514,1.146,6.818,23.024,62,47,1.3191,1.134,20.06
R0004086,2025-01-01 19:15:00,Central,Economy,6,1,0.412,1.072,4.213,16.607,64,42,1.5238,1.22,17.49
R0004087,2025-09-13 19:21:00,Central,Economy,22,0,0.436,1.096,3.825,14.037,62,49,1.2653,1.1114,9.21
R0004088,2025-04-05 19:17:00,University,Economy,23,0,0.332,1.261,7.089,24.915,43,57,0.7544,1.0,17.87
R0004089,2025-09-12 07:00:00,Tech Park,Economy,23,0,0.315,0.739,3.62,12.819,52,40,1.3,1.126,8.37
R0004090,2025-05-07 02:12:00,Central,Comfort,17,0,1.322,1.875,19.228,73.365,80,34,2.3529,1.5682,109.33
R0004091,2025-02-01 12:28:00,Tech Park,Economy,1,0,0.631,1.116,8.193,28.34,67,62,1.0806,1.0339,21.17
R0004092,2025-05-17 12:11:00,North,Economy,8,1,0.339,1.483,24.557,88.301,62,43,1.4419,1.1856,66.7
R0004093,2025-05-03 17:02:00,Tech Park,Comfort,10,1,0.561,1.56,6.113,23.902,78,44,1.7727,1.3245,28.65
R0004094,2025-06-06 20:26:00,North,Economy,23,0,0.364,1.395,5.614,20.297,22,48,0.4583,1.0,14.13
R0004095,2025-05-09 21:29:00,South,Economy,13,0,0.058,0.772,10.751,29.566,35,53,0.6604,1.0,20.93
R0004096,2025-05-22 00:46:00,Airport,Economy,12,0,0.96,1.143,6.736,22.531,37,44,0.8409,1.0,16.85
R0004097,2025-08-25 04:25:00,Central,Economy,3,0,1.391,1.544,13.266,48.641,65,55,1.1818,1.0764,37.93
R0004098,2025-05-24 22:26:00,Tech Park,Economy,19,0,1.197,1.537,17.133,56.324,82,45,1.8222,1.3453,56.65
R0004099,2025-07-18 07:00:00,North,Economy,8,0,1.137,1.672,14.218,53.629,63,38,1.6579,1.2763,51.01
R0004100,2025-03-27 17:56:00,Airport,Economy,2,0,0.157,1.036,16.452,48.774,42,45,0.9333,1.0,29.54
R0004101,2025-12-09 01:53:00,Central,Economy,23,0,1.644,1.37,12.179,40.14,51,46,1.1087,1.0457,32.64
R0004102,2025-12-18 19:11:00,North,Economy,4,0,0.299,1.039,5.743,19.496,39,46,0.8478,1.0,13.38
R0004103,2025-02-22 00:15:00,Tech Park,Comfort,0,0,0.126,0.861,14.54,40.797,40,41,0.9756,1.0,33.84
R0004104,2025-11-07 11:26:00,Central,Economy,1,0,0.707,1.208,11.401,37.585,63,47,1.3404,1.143,25.38
R0004105,2025-08-05 09:21:00,Tech Park,Economy,10,0,1.677,1.834,5.53,18.923,66,38,1.7368,1.3095,20.94
R0004106,2025-10-21 22:13:00,Tech Park,Comfort,2,0,1.493,1.382,5.93,22.548,40,52,0.7692,1.0,23.18
R0004107,2025-02-18 07:01:00,Central,Economy,20,0,0.58,1.821,7.385,28.5,68,41,1.6585,1.2766,25.02
R0004108,2025-09-10 20:42:00,Tech Park,Comfort,12,0,1.289,0.964,14.315,42.573,45,58,0.7759,1.0,38.15
R0004109,2025-11-10 14:20:00,Central,Economy,7,0,2.746,2.23,8.284,34.79,97,34,2.8529,1.7782,52.51
R0004110,2025-05-09 18:09:00,North,Economy,0,1,0.389,1.024,7.744,24.071,41,47,0.8723,1.0,18.01
R0004111,2025-05-20 04:40:00,Airport,Economy,11,0,0.861,1.303,7.117,24.946,42,45,0.9333,1.0,20.97
R0004112,2025-12-23 15:37:00,Airport,Economy,3,0,1.703,1.396,6.396,21.742,57,43,1.3256,1.1367,18.28
R0004113,2025-04-13 02:05:00,Airport,Economy,23,0,0.132,1.357,4.095,13.981,37,46,0.8043,1.0,8.32
R0004114,2025-10-21 19:49:00,Airport,Economy,6,1,0.148,1.028,12.03,32.781,61,38,1.6053,1.2542,28.16
R0004115,2025-04-14 14:32:00,Tech Park,Economy,11,1,1.923,1.274,4.439,18.408,56,44,1.2727,1.1145,17.5
R0004116,2025-06-26 15:24:00,South,Comfort,0,0,1.319,1.145,8.062,23.316,48,39,1.2308,1.0969,26.27
R0004117,2025-02-13 07:31:00,University,Economy,3,0,0.27,0.862,6.204,22.316,37,38,0.9737,1.0,16.36
R0004118,2025-11-24 10:06:00,South,Comfort,4,0,0.154,1.173,11.84,37.046,33,46,0.7174,1.0,31.82
R0004119,2025-03-18 03:56:00,South,Economy,1,0,0.687,0.925,6.436,22.434,42,31,1.3548,1.149,20.75
R0004120,2025-09-13 19:17:00,Central,Economy,17,0,0.276,1.743,4.466,19.568,66,60,1.1,1.042,18.21
R0004121,2025-05-21 06:00:00,South,Economy,22,0,0.282,1.011,13.385,42.553,35,46,0.7609,1.0,31.53
R0004122,2025-02-28 11:02:00,North,Premium,23,1,0.155,0.711,4.932,14.691,50,48,1.0417,1.0175,21.39
R0004123,2025-01-13 12:52:00,University,Economy,6,1,0.599,1.376,8.458,26.099,43,60,0.7167,1.0,17.56
R0004124,2025-02-19 00:27:00,University,Economy,18,0,0.132,0.966,15.652,46.038,67,41,1.6341,1.2663,38.96
R0004125,2025-07-04 17:45:00,Central,Comfort,12,1,0.976,1.161,5.199,16.596,64,36,1.7778,1.3267,22.54
R0004126,2025-03-09 23:03:00,South,Economy,1,0,1.532,1.318,7.338,24.538,38,41,0.9268,1.0,15.52
R0004127,2025-03-09 11:17:00,South,Economy,2,0,0.715,0.714,6.128,15.078,43,38,1.1316,1.0553,13.27
R0004128,2025-12-14 17:03:00,South,Economy,13,1,1.313,1.316,8.35,27.328,54,41,1.3171,1.1332,22.0
R0004129,2025-07-20 21:56:00,Central,Comfort,10,0,0.491,1.518,7.481,20.057,83,39,2.1282,1.4738,29.54
R0004130,2025-01-25 03:34:00,South,Economy,0,0,0.234,0.997,12.887,38.184,45,32,1.4062,1.1706,26.16
R0004131,2025-02-19 18:28:00,Tech Park,Comfort,22,0,0.393,1.312,5.521,19.255,38,66,0.5758,1.0,20.54
R0004132,2025-07-11 12:43:00,Central,Comfort,17,0,0.075,1.589,15.655,53.02,78,30,2.6,1.672,74.21
R0004133,2025-04-04 20:56:00,North,Economy,12,0,0.299,0.991,18.776,55.208,34,45,0.7556,1.0,32.52
R0004134,2025-03-22 00:24:00,Airport,Economy,23,0,0.468,1.054,8.945,28.205,49,52,0.9423,1.0,21.53
R0004135,2025-10-16 21:38:00,University,Comfort,23,0,0.575,1.423,5.03,20.124,53,46,1.1522,1.0639,21.0
R0004136,2025-06-20 04:12:00,Airport,Comfort,23,0,1.347,1.315,7.594,27.879,49,41,1.1951,1.082,32.9
R0004137,2025-12-29 22:20:00,Central,Comfort,6,0,1.754,1.157,7.252,24.169,52,58,0.8966,1.0,26.17
R0004138,2025-09-03 08:11:00,Central,Economy,21,0,0.689,1.586,20.59,71.403,66,56,1.1786,1.075,55.0
R0004139,2025-05-08 02:08:00,Tech Park,Comfort,12,0,0.172,0.817,7.339,22.422,52,54,0.963,1.0,17.57
R0004140,2025-10-23 01:17:00,Tech Park,Comfort,17,0,0.17,1.499,16.619,60.706,72,40,1.8,1.336,69.64
R0004141,2025-06-22 13:01:00,Airport,Premium,20,0,0.305,1.894,8.259,32.833,61,41,1.4878,1.2049,53.88
R0004142,2025-09-29 04:18:00,Central,Economy,3,1,0.251,1.015,7.966,25.278,57,60,0.95,1.0,15.01
R0004143,2025-06-10 23:44:00,Tech Park,Comfort,10,0,0.703,1.436,6.392,24.766,78,27,2.8889,1.7933,41.98
R0004144,2025-01-01 03:11:00,North,Comfort,3,1,0.184,1.111,6.729,21.752,48,42,1.1429,1.06,20.47
R0004145,2025-05-11 18:52:00,Airport,Comfort,6,1,1.789,1.251,12.671,39.076,60,29,2.069,1.449,56.3
R0004146,2025-03-18 20:04:00,University,Comfort,9,0,1.177,1.863,5.197,21.395,59,42,1.4048,1.17,27.94
R0004147,2025-04-05 06:50:00,Central,Comfort,20,1,1.388,1.756,13.169,48.529,85,36,2.3611,1.5717,75.38
R0004148,2025-05-23 21:14:00,North,Economy,20,1,0.29,1.862,17.158,63.355,63,39,1.6154,1.2585,60.13
R0004149,2025-08-23 15:11:00,Central,Economy,9,0,0.184,1.419,5.61,20.963,70,47,1.4894,1.2055,13.89
R0004150,2025-10-28 01:49:00,Tech Park,Economy,7,0,0.272,1.389,15.095,46.282,66,42,1.5714,1.24,31.3
R0004151,2025-03-27 21:21:00,Tech Park,Comfort,12,1,0.616,1.28,13.826,43.691,53,47,1.1277,1.0536,40.15
R0004152,2025-08-05 12:26:00,North,Economy,21,1,0.555,1.289,12.529,38.983,72,39,1.8462,1.3554,38.78
R0004153,2025-06-13 23:15:00,South,Economy,23,0,1.647,1.265,5.475,16.908,50,41,1.2195,1.0922,15.37
R0004154,2025-01-22 10:47:00,University,Premium,5,1,1.892,1.485,7.274,25.253,57,52,1.0962,1.0404,35.83
R0004155,2025-05-25 09:05:00,Tech Park,Premium,4,1,0.647,0.722,7.269,18.857,44,34,1.2941,1.1235,22.82
R0004156,2025-09-20 05:01:00,North,Comfort,16,1,0.105,1.031,24.529,76.962,38,27,1.4074,1.1711,70.74
R0004157,2025-09-30 14:10:00,North,Comfort,7,1,0.42,1.356,7.725,27.236,66,34,1.9412,1.3953,33.5
R0004158,2025-10-08 20:01:00,University,Economy,4,0,3.0,1.208,7.023,21.36,58,52,1.1154,1.0485,19.66
R0004159,2025-10-26 07:01:00,Airport,Economy,0,0,0.114,0.829,4.131,9.051,56,48,1.1667,1.07,8.2
R0004160,2025-07-10 17:58:00,Airport,Economy,9,0,0.729,1.648,4.552,15.924,60,43,1.3953,1.166,16.57
R0004161,2025-01-09 00:35:00,Central,Comfort,9,0,0.27,1.471,5.332,18.374,76,43,1.7674,1.3223,22.65
R0004162,2025-05-15 13:57:00,Tech Park,Economy,13,0,2.53,1.655,9.476,32.856,53,41,1.2927,1.1229,29.16
R0004163,2025-07-26 16:59:00,Central,Economy,4,1,0.789,1.157,3.549,17.86,56,42,1.3333,1.14,15.18
R0004164,2025-04-06 01:01:00,Central,Comfort,17,1,0.273,1.511,5.386,15.819,86,36,2.3889,1.5833,25.24
R0004165,2025-02-11 19:11:00,South,Economy,16,0,0.358,0.829,2.791,9.3,25,43,0.5814,1.0,6.04
R0004166,2025-05-16 00:25:00,Central,Comfort,11,1,0.041,1.048,16.794,50.599,62,40,1.55,1.231,51.65
R0004167,2025-02-02 19:16:00,Central,Economy,4,0,0.719,1.5,8.236,28.337,56,48,1.1667,1.07,19.59
R0004168,2025-10-21 21:17:00,North,Comfort,12,0,0.739,1.006,9.214,24.005,38,34,1.1176,1.0494,24.91
R0004169,2025-05-04 19:40:00,Central,Economy,16,0,0.112,0.915,4.265,13.466,61,39,1.5641,1.2369,11.69
R0004170,2025-08-06 14:02:00,University,Comfort,8,0,0.965,1.533,14.713,51.225,59,35,1.6857,1.288,57.96
R0004171,2025-01-26 21:05:00,Central,Comfort,6,0,1.872,1.55,17.755,62.854,58,47,1.234,1.0983,75.62
R0004172,2025-06-22 02:04:00,Tech Park,Economy,12,1,0.149,1.194,8.059,27.261,58,31,1.871,1.3658,25.24
R0004173,2025-12-06 05:47:00,North,Economy,8,0,0.946,1.64,5.968,24.735,56,40,1.4,1.168,24.09
R0004174,2025-04-02 20:12:00,Central,Premium,9,0,0.967,1.616,10.525,33.032,77,34,2.2647,1.5312,65.79
R0004175,2025-09-10 22:48:00,Airport,Economy,8,0,0.651,1.497,11.636,39.646,81,41,1.9756,1.4098,41.92
R0004176,2025-05-10 14:08:00,North,Comfort,7,0,0.691,1.622,12.537,49.999,62,45,1.3778,1.1587,54.3
R0004177,2025-08-24 14:35:00,Central,Economy,17,1,0.344,1.796,11.191,43.854,78,35,2.2286,1.516,45.49
R0004178,2025-12-25 14:37:00,Central,Comfort,11,1,0.038,1.014,13.2,36.743,64,47,1.3617,1.1519,37.6
R0004179,2025-03-03 12:36:00,University,Economy,11,0,0.772,1.371,5.307,18.757,43,51,0.8431,1.0,16.59
R0004180,2025-02-15 18:09:00,North,Economy,15,0,1.162,1.08,12.827,37.262,37,42,0.881,1.0,25.42
R0004181,2025-11-07 12:31:00,University,Economy,8,0,0.199,1.17,6.052,18.974,54,46,1.1739,1.073,14.67
R0004182,2025-07-05 12:14:00,Central,Economy,2,0,0.276,1.519,1.953,12.425,61,43,1.4186,1.1758,15.16
R0004183,2025-04-06 04:09:00,Central,Economy,20,0,0.24,1.632,6.022,24.306,83,32,2.5938,1.6694,29.7
R0004184,2025-07-30 16:42:00,South,Comfort,1,0,0.824,1.288,5.728,16.171,50,40,1.25,1.105,20.25
R0004185,2025-04-07 05:04:00,Central,Comfort,13,0,0.724,0.989,8.869,25.451,54,52,1.0385,1.0162,25.41
R0004186,2025-06-13 07:28:00,Central,Premium,6,0,0.215,0.793,12.316,35.056,45,43,1.0465,1.0195,42.31
R0004187,2025-11-21 20:28:00,Airport,Comfort,5,0,0.541,1.125,8.637,26.886,41,47,0.8723,1.0,26.31
R0004188,2025-05-11 00:26:00,Airport,Comfort,1,0,0.559,0.742,23.447,65.046,55,52,1.0577,1.0242,47.06
R0004189,2025-08-17 04:36:00,Tech Park,Economy,21,0,0.785,1.643,5.82,19.855,70,47,1.4894,1.2055,18.1
R0004190,2025-12-03 09:17:00,Central,Premium,10,0,0.385,1.803,2.603,10.021,64,44,1.4545,1.1909,17.05
R0004191,2025-09-01 18:34:00,University,Economy,8,0,1.441,1.89,9.051,32.868,59,30,1.9667,1.406,37.52
R0004192,2025-05-26 16:22:00,Central,Economy,17,0,0.794,1.739,5.757,21.0,90,48,1.875,1.3675,21.23
R0004193,2025-12-22 00:49:00,Central,Comfort,0,0,1.421,1.57,4.275,17.517,63,53,1.1887,1.0792,20.02
R0004194,2025-06-12 11:41:00,North,Premium,13,1,0.776,1.207,6.595,22.441,40,41,0.9756,1.0,25.69
R0004195,2025-05-26 18:32:00,North,Economy,11,1,0.838,0.808,5.049,13.774,38,39,0.9744,1.0,7.75
R0004196,2025-08-18 21:33:00,University,Economy,13,0,0.084,0.988,5.33,19.395,40,32,1.25,1.105,19.55
R0004197,2025-04-11 01:28:00,Tech Park,Economy,2,1,0.723,1.477,17.946,63.157,61,53,1.1509,1.0634,43.66
R0004198,2025-06-28 10:08:00,Airport,Comfort,22,0,0.529,1.04,8.318,25.898,55,43,1.2791,1.1172,28.52
R0004199,2025-04-08 02:26:00,North,Economy,5,0,1.543,1.613,6.713,23.899,46,43,1.0698,1.0293,21.66
R0004200,2025-01-23 05:52:00,Tech Park,Comfort,16,0,1.371,1.431,18.703,66.468,55,48,1.1458,1.0612,64.05
R0004201,2025-03-14 14:43:00,Airport,Economy,17,0,1.673,1.778,6.603,28.548,77,33,2.3333,1.56,38.86
R0004202,2025-09-08 18:18:00,South,Economy,8,0,0.284,1.407,3.949,10.984,64,39,1.641,1.2692,10.68
R0004203,2025-11-02 09:25:00,Central,Economy,3,1,0.568,1.163,3.745,15.508,59,48,1.2292,1.0962,12.85
R0004204,2025-03-15 06:05:00,North,Economy,7,0,1.801,2.103,7.434,33.818,57,33,1.7273,1.3055,37.97
R0004205,2025-04-16 04:19:00,North,Comfort,19,0,0.276,1.315,3.148,12.918,70,49,1.4286,1.18,15.24
R0004206,2025-02-26 13:04:00,North,Economy,21,0,1.551,1.851,4.076,15.241,51,42,1.2143,1.09,14.96
R0004207,2025-02-12 10:27:00,University,Comfort,22,0,1.417,0.888,6.298,18.403,42,38,1.1053,1.0442,16.0
R0004208,2025-03-12 13:44:00,South,Economy,5,0,0.55,1.038,14.477,47.713,33,33,1.0,1.0,32.59
R0004209,2025-10-10 20:56:00,University,Premium,14,0,2.166,1.092,15.808,50.416,42,40,1.05,1.021,69.89
R0004210,2025-10-05 15:37:00,Tech Park,Comfort,3,0,1.466,1.365,11.165,38.549,52,41,1.2683,1.1127,40.16
R0004211,2025-12-18 13:13:00,Central,Economy,17,1,0.134,1.45,7.751,32.076,73,57,1.2807,1.1179,25.91
R0004212,2025-01-09 00:38:00,North,Premium,9,0,1.914,2.103,5.676,21.065,64,33,1.9394,1.3945,45.88
R0004213,2025-10-07 19:09:00,North,Economy,17,0,0.551,1.552,9.618,33.704,42,35,1.2,1.084,28.21
R0004214,2025-08-02 14:39:00,Tech Park,Economy,16,1,0.822,1.034,20.699,62.549,53,51,1.0392,1.0165,43.56
R0004215,2025-05-02 07:43:00,Central,Premium,23,0,0.826,0.858,8.396,24.37,57,46,1.2391,1.1004,32.17
R0004216,2025-03-03 04:59:00,University,Premium,11,0,1.008,1.252,6.025,16.213,44,58,0.7586,1.0,25.66
R0004217,2025-03-05 00:21:00,South,Comfort,8,1,1.831,1.968,7.123,30.226,54,32,1.6875,1.2888,40.29
R0004218,2025-07-05 15:22:00,South,Premium,12,0,0.813,1.315,6.708,21.099,34,38,0.8947,1.0,21.62
R0004219,2025-10-15 06:20:00,North,Economy,3,0,0.515,1.211,10.505,32.152,43,39,1.1026,1.0431,17.52
R0004220,2025-02-18 07:42:00,South,Economy,2,0,0.207,1.11,5.104,15.986,34,29,1.1724,1.0724,13.52
R0004221,2025-08-31 00:54:00,Tech Park,Economy,12,0,0.363,1.173,9.712,30.584,54,50,1.08,1.0336,16.73
R0004222,2025-02-27 21:24:00,South,Economy,19,0,1.387,1.925,10.617,40.372,66,42,1.5714,1.24,37.47
R0004223,2025-03-13 22:00:00,Central,Economy,12,0,1.634,1.458,9.386,34.49,61,58,1.0517,1.0217,29.11
R0004224,2025-01-10 23:26:00,South,Economy,18,0,0.408,1.348,4.274,17.732,54,29,1.8621,1.3621,13.65
R0004225,2025-12-12 20:19:00,Central,Economy,4,0,1.178,1.129,7.155,22.463,62,43,1.4419,1.1856,19.76
R0004226,2025-04-22 06:03:00,South,Economy,10,0,0.331,1.317,5.814,18.613,53,45,1.1778,1.0747,14.78
R0004227,2025-08-05 03:08:00,South,Economy,14,0,0.056,1.07,7.459,23.291,22,42,0.5238,1.0,12.9
R0004228,2025-02-24 22:15:00,Central,Comfort,8,0,0.107,1.863,5.384,19.094,67,42,1.5952,1.25,24.36
R0004229,2025-08-04 23:06:00,Tech Park,Economy,0,1,1.49,1.43,15.392,51.694,79,45,1.7556,1.3173,48.63
R0004230,2025-09-13 08:03:00,North,Comfort,1,0,0.061,0.902,8.609,23.665,46,42,1.0952,1.04,22.59
R0004231,2025-05-25 14:50:00,South,Comfort,22,0,1.095,1.288,3.19,16.212,40,37,1.0811,1.0341,16.75
R0004232,2025-07-30 23:24:00,Tech Park,Economy,14,0,0.758,1.199,3.738,13.256,49,56,0.875,1.0,10.06
R0004233,2025-03-16 21:38:00,South,Comfort,6,0,1.564,1.324,15.069,48.16,47,25,1.88,1.3696,63.91
R0004234,2025-06-10 19:44:00,Tech Park,Premium,6,0,0.685,0.889,7.035,22.79,57,40,1.425,1.1785,34.69
R0004235,2025-08-02 02:19:00,Central,Economy,0,1,0.921,1.403,6.269,19.114,65,53,1.2264,1.0951,19.03
R0004236,2025-02-02 02:30:00,Airport,Comfort,22,0,0.741,0.921,14.45,40.873,49,48,1.0208,1.0088,37.51
R0004237,2025-06-03 10:52:00,Tech Park,Economy,2,0,0.831,1.084,7.147,23.666,55,53,1.0377,1.0158,18.94
R0004238,2025-05-20 16:52:00,Central,Economy,18,0,0.587,1.828,4.026,16.306,70,40,1.75,1.315,16.67
R0004239,2025-03-01 17:13:00,Airport,Economy,5,1,0.937,1.101,4.178,16.283,73,42,1.7381,1.31,16.13
R0004240,2025-02-03 10:57:00,Central,Comfort,8,0,0.456,1.646,10.97,33.333,75,33,2.2727,1.5345,49.24
R0004241,2025-01-08 01:40:00,Central,Comfort,6,0,1.31,1.257,23.717,77.266,57,39,1.4615,1.1938,84.09
R0004242,2025-05-13 03:18:00,University,Comfort,19,0,0.673,1.683,12.327,43.209,53,49,1.0816,1.0343,43.09
R0004243,2025-11-19 21:09:00,Central,Comfort,0,1,1.23,1.242,6.296,18.481,65,50,1.3,1.126,23.97
R0004244,2025-09-20 17:43:00,Central,Economy,8,0,0.282,1.639,6.857,21.321,74,45,1.6444,1.2707,20.34
R0004245,2025-12-07 02:51:00,University,Economy,6,1,0.417,1.089,7.978,24.014,45,45,1.0,1.0,14.04
R0004246,2025-07-06 18:16:00,University,Economy,6,1,0.111,0.859,2.557,12.108,46,42,1.0952,1.04,8.03
R0004247,2025-02-06 17:31:00,Central,Economy,4,0,0.845,0.873,7.869,25.603,55,54,1.0185,1.0078,18.51
R0004248,2025-06-30 13:07:00,University,Comfort,21,1,0.811,1.876,10.711,44.13,77,34,2.2647,1.5312,63.71
R0004249,2025-04-18 02:42:00,Central,Economy,9,0,0.354,1.802,20.596,75.013,82,49,1.6735,1.2829,60.67
R0004250,2025-08-14 14:51:00,Tech Park,Economy,10,0,0.615,1.721,14.153,51.456,77,37,2.0811,1.4541,51.93
R0004251,2025-09-22 19:53:00,Airport,Economy,9,0,0.202,1.646,22.454,75.462,86,36,2.3889,1.5833,75.41
R0004252,2025-12-12 02:26:00,North,Economy,23,1,1.417,1.09,19.576,56.298,46,46,1.0,1.0,40.79
R0004253,2025-08-24 21:07:00,Central,Economy,8,0,1.379,1.359,16.728,54.798,79,43,1.8372,1.3516,56.44
R0004254,2025-08-08 04:00:00,Tech Park,Economy,8,0,0.587,1.611,7.881,25.419,73,36,2.0278,1.4317,29.55
R0004255,2025-05-26 03:56:00,Airport,Economy,7,0,0.492,1.297,9.39,29.216,73,48,1.5208,1.2188,23.05
R0004256,2025-03-13 12:40:00,North,Economy,7,0,0.082,1.598,3.1,12.161,46,42,1.0952,1.04,9.48
R0004257,2025-04-28 21:32:00,Tech Park,Economy,2,1,1.201,1.451,8.345,31.7,51,42,1.2143,1.09,22.24
R0004258,2025-07-30 10:12:00,Airport,Premium,14,0,0.248,0.934,10.606,31.681,45,51,0.8824,1.0,38.36
R0004259,2025-12-27 11:13:00,University,Economy,0,0,1.286,1.131,6.647,18.523,55,43,1.2791,1.1172,16.86
R0004260,2025-08-08 21:04:00,Central,Economy,5,1,0.106,0.838,3.327,6.683,65,59,1.1017,1.0427,9.17
R0004261,2025-02-10 10:13:00,Central,Economy,4,1,0.192,1.043,18.551,56.233,75,41,1.8293,1.3483,48.59
R0004262,2025-02-11 20:47:00,Central,Comfort,6,0,0.146,1.02,9.712,28.447,53,36,1.4722,1.1983,28.53
R0004263,2025-10-27 23:37:00,Central,Economy,18,0,0.236,1.409,20.012,66.747,73,37,1.973,1.4086,54.52
R0004264,2025-11-03 18:08:00,Central,Economy,14,0,3.0,1.704,11.684,41.928,54,41,1.3171,1.1332,40.93
R0004265,2025-05-21 13:27:00,North,Premium,23,0,0.523,1.581,16.488,57.299,47,38,1.2368,1.0995,81.38
R0004266,2025-04-20 08:34:00,South,Premium,8,0,1.055,1.954,14.727,58.795,55,33,1.6667,1.28,100.91
R0004267,2025-01-05 16:04:00,North,Economy,22,0,0.181,1.013,5.346,19.379,46,46,1.0,1.0,13.28
R0004268,2025-10-21 10:04:00,North,Economy,1,1,0.283,1.029,5.871,19.483,55,42,1.3095,1.13,17.12
R0004269,2025-10-19 11:56:00,Tech Park,Economy,12,0,2.356,1.332,6.137,19.059,59,51,1.1569,1.0659,19.15
R0004270,2025-08-26 04:55:00,Central,Economy,19,1,0.543,1.552,4.565,15.667,77,44,1.75,1.315,18.82
R0004271,2025-12-23 00:29:00,South,Economy,12,1,0.7,1.299,20.508,67.856,55,45,1.2222,1.0933,45.86
R0004272,2025-03-11 09:07:00,University,Comfort,22,0,0.893,1.341,7.951,29.724,47,41,1.1463,1.0615,30.27
R0004273,2025-10-30 22:01:00,Central,Economy,7,0,2.13,1.723,10.001,33.848,82,45,1.8222,1.3453,34.23
R0004274,2025-12-20 21:27:00,South,Economy,0,0,1.489,1.334,3.736,16.754,37,42,0.881,1.0,10.55
R0004275,2025-08-15 23:58:00,University,Economy,18,1,1.735,2.062,12.185,46.125,76,35,2.1714,1.492,57.1
R0004276,2025-08-28 19:53:00,South,Economy,1,0,0.973,1.112,6.202,21.547,45,47,0.9574,1.0,18.31
R0004277,2025-09-29 22:53:00,University,Economy,18,0,0.453,1.593,15.542,60.573,65,38,1.7105,1.2984,51.96
R0004278,2025-05-09 08:32:00,Central,Economy,17,0,0.785,1.817,5.328,17.153,88,37,2.3784,1.5789,22.77
R0004279,2025-04-13 00:51:00,South,Economy,20,1,0.166,1.71,16.16,59.231,65,32,2.0312,1.4331,57.08
R0004280,2025-08-28 10:55:00,Central,Economy,11,1,0.041,1.085,13.033,39.543,49,45,1.0889,1.0373,28.62
R0004281,2025-04-12 10:59:00,Airport,Economy,21,0,0.706,1.723,6.013,23.615,67,42,1.5952,1.25,24.34
R0004282,2025-10-07 04:49:00,University,Comfort,4,0,0.002,1.07,16.942,50.284,40,24,1.6667,1.28,53.27
R0004283,2025-11-10 12:59:00,Central,Economy,10,0,0.344,1.562,14.612,45.399,68,42,1.619,1.26,40.64
R0004284,2025-07-08 09:16:00,University,Economy,2,1,0.198,0.834,10.169,27.899,45,52,0.8654,1.0,20.1
R0004285,2025-08-04 12:40:00,South,Comfort,18,1,0.449,1.351,4.497,16.647,53,31,1.7097,1.2981,19.2
R0004286,2025-02-03 23:43:00,University,Comfort,17,1,0.487,1.745,12.062,47.085,55,43,1.2791,1.1172,49.3
R0004287,2025-06-13 05:04:00,University,Economy,19,0,0.138,1.594,8.055,29.822,65,46,1.413,1.1735,21.69
R0004288,2025-12-30 05:47:00,South,Economy,18,0,0.929,1.799,7.982,33.309,54,39,1.3846,1.1615,31.22
R0004289,2025-08-19 09:13:00,University,Economy,7,0,1.652,1.698,8.09,28.675,71,40,1.775,1.3255,32.3
R0004290,2025-01-29 06:29:00,Tech Park,Economy,1,0,0.165,1.048,7.64,22.705,50,45,1.1111,1.0467,16.51
R0004291,2025-05-20 07:47:00,South,Comfort,22,0,0.151,1.041,4.825,16.418,29,51,0.5686,1.0,14.83
R0004292,2025-09-14 10:32:00,South,Economy,11,1,0.561,1.331,3.376,11.414,41,39,1.0513,1.0215,11.81
R0004293,2025-11-25 19:08:00,Central,Economy,2,0,0.044,1.161,3.013,13.121,58,50,1.16,1.0672,11.05
R0004294,2025-09-24 21:17:00,Airport,Economy,22,0,0.574,0.97,9.158,24.734,44,34,1.2941,1.1235,20.15
R0004295,2025-04-17 13:02:00,Central,Economy,23,1,1.487,1.359,2.048,9.961,65,49,1.3265,1.1371,11.25
R0004296,2025-04-02 03:15:00,North,Economy,10,0,0.153,1.443,11.582,42.106,54,29,1.8621,1.3621,38.47
R0004297,2025-02-28 12:13:00,Central,Economy,18,0,2.023,1.444,10.261,35.933,82,48,1.7083,1.2975,38.86
R0004298,2025-09-14 05:27:00,North,Economy,0,1,0.385,1.38,6.576,24.703,51,26,1.9615,1.4038,21.46
R0004299,2025-03-07 20:56:00,South,Comfort,2,0,0.444,1.012,13.662,39.835,40,50,0.8,1.0,33.97
R0004300,2025-08-27 03:58:00,South,Comfort,6,0,0.31,1.243,6.733,20.585,31,31,1.0,1.0,15.52
R0004301,2025-12-04 09:07:00,University,Premium,15,0,1.16,1.09,9.779,31.379,39,39,1.0,1.0,39.87
R0004302,2025-09-01 09:52:00,University,Comfort,3,1,0.65,0.972,2.646,7.521,55,44,1.25,1.105,8.82
R0004303,2025-04-23 09:53:00,University,Premium,0,0,0.408,0.975,2.264,8.678,44,35,1.2571,1.108,13.3
R0004304,2025-03-25 17:10:00,South,Premium,16,0,0.245,1.09,6.825,22.475,24,49,0.4898,1.0,25.06
R0004305,2025-12-23 16:44:00,Central,Economy,18,0,0.752,1.717,9.802,35.752,69,42,1.6429,1.27,31.31
R0004306,2025-02-17 11:00:00,University,Economy,17,0,1.745,1.954,13.1,50.732,62,45,1.3778,1.1587,44.93
R0004307,2025-01-15 19:20:00,Central,Economy,19,1,0.446,1.541,7.046,26.571,104,47,2.2128,1.5094,29.0
R0004308,2025-07-05 23:22:00,Central,Economy,19,0,0.634,1.671,8.896,32.155,81,46,1.7609,1.3196,32.3
R0004309,2025-01-19 00:03:00,Central,Comfort,14,0,0.085,0.863,11.97,33.776,63,46,1.3696,1.1552,30.96
R0004310,2025-10-26 01:43:00,South,Economy,12,0,0.626,1.377,7.241,26.63,42,60,0.7,1.0,19.32
R0004311,2025-10-27 10:59:00,Tech Park,Comfort,20,0,3.0,1.853,10.729,41.0,118,46,2.5652,1.6574,77.74
R0004312,2025-02-19 10:59:00,Airport,Comfort,8,0,0.13,1.425,4.175,16.11,60,41,1.4634,1.1946,17.62
R0004313,2025-05-28 13:51:00,Tech Park,Economy,2,0,0.81,1.07,3.124,12.025,58,40,1.45,1.189,12.46
R0004314,2025-12-07 23:58:00,Central,Economy,18,0,0.331,2.04,5.791,23.739,72,56,1.2857,1.12,18.32
R0004315,2025-09-14 21:45:00,Central,Economy,6,0,0.076,1.152,11.895,36.771,62,35,1.7714,1.324,29.36
R0004316,2025-02-15 00:37:00,Central,Economy,23,1,0.381,0.915,5.254,14.998,69,44,1.5682,1.2386,15.87
R0004317,2025-08-05 08:16:00,Central,Economy,9,1,2.715,2.187,11.111,44.736,95,38,2.5,1.63,58.44
R0004318,2025-07-17 17:25:00,Tech Park,Economy,20,0,0.799,1.787,4.416,18.318,72,47,1.5319,1.2234,17.69
R0004319,2025-09-08 19:29:00,Airport,Economy,1,0,0.723,1.179,5.638,19.874,42,48,0.875,1.0,14.89
R0004320,2025-11-21 00:24:00,Central,Economy,15,0,0.148,1.152,8.874,28.697,45,56,0.8036,1.0,19.62
R0004321,2025-07-11 18:04:00,Airport,Economy,10,0,1.387,1.81,5.381,21.586,71,52,1.3654,1.1535,21.23
R0004322,2025-12-13 15:16:00,Tech Park,Economy,11,0,1.843,1.362,5.907,18.019,66,63,1.0476,1.02,15.4
R0004323,2025-09-14 16:59:00,University,Economy,6,1,1.786,1.042,1.85,5.91,71,51,1.3922,1.1647,7.54
R0004324,2025-01-21 03:06:00,South,Premium,23,1,1.31,1.496,12.324,43.909,39,50,0.78,1.0,54.13
R0004325,2025-07-28 00:01:00,South,Economy,9,0,0.218,1.509,7.277,23.918,56,35,1.6,1.252,24.55
R0004326,2025-05-27 02:48:00,University,Premium,20,1,0.161,1.356,4.618,16.603,67,33,2.0303,1.4327,30.89
R0004327,2025-05-28 04:02:00,Central,Economy,10,0,0.034,1.465,21.284,71.754,73,38,1.9211,1.3868,63.21
R0004328,2025-09-13 07:27:00,Airport,Economy,1,0,0.184,0.95,5.033,15.629,42,55,0.7636,1.0,11.36
R0004329,2025-09-12 17:45:00,North,Premium,21,0,0.774,1.545,5.85,22.669,62,33,1.8788,1.3691,38.86
R0004330,2025-05-29 00:50:00,Central,Comfort,4,0,0.18,1.172,4.577,15.944,47,54,0.8704,1.0,14.93
R0004331,2025-02-14 08:39:00,North,Comfort,6,1,1.442,1.435,14.255,45.474,54,52,1.0385,1.0162,42.13
R0004332,2025-02-04 22:10:00,North,Comfort,20,0,1.628,1.49,17.092,59.326,70,51,1.3725,1.1565,69.64
R0004333,2025-04-08 18:48:00,Central,Economy,21,0,1.555,1.737,16.178,57.438,88,34,2.5882,1.6671,68.98
R0004334,2025-10-01 00:17:00,North,Comfort,22,0,0.054,0.93,16.093,44.213,34,44,0.7727,1.0,33.28
R0004335,2025-03-10 11:00:00,North,Economy,10,1,0.724,1.649,5.593,22.439,68,32,2.125,1.4725,30.82
R0004336,2025-11-10 09:22:00,Airport,Comfort,18,0,0.649,1.974,19.489,71.543,70,34,2.0588,1.4447,96.82
R0004337,2025-11-03 16:29:00,University,Premium,7,0,1.52,1.677,6.976,24.964,82,39,2.1026,1.4631,49.06
R0004338,2025-07-07 20:56:00,Tech Park,Comfort,17,0,0.08,1.846,3.325,14.179,74,47,1.5745,1.2413,19.52
R0004339,2025-08-16 03:20:00,Airport,Comfort,12,1,0.641,1.089,6.144,19.621,67,45,1.4889,1.2053,19.99
R0004340,2025-09-24 18:51:00,Airport,Comfort,1,0,0.076,1.297,9.293,29.42,37,48,0.7708,1.0,24.36
R0004341,2025-01-01 13:00:00,Airport,Economy,10,0,1.344,1.736,5.449,18.523,63,42,1.5,1.21,20.58
R0004342,2025-06-23 13:26:00,Airport,Economy,11,1,0.009,0.925,8.422,23.71,49,49,1.0,1.0,19.94
R0004343,2025-10-29 04:22:00,Airport,Comfort,6,0,2.669,1.476,10.435,33.615,66,48,1.375,1.1575,44.51
R0004344,2025-12-11 06:01:00,Central,Comfort,8,0,0.944,1.953,9.736,37.34,91,37,2.4595,1.613,61.7
R0004345,2025-04-11 12:13:00,Tech Park,Economy,12,0,0.559,1.129,11.138,33.822,42,53,0.7925,1.0,25.96
R0004346,2025-06-30 19:49:00,Tech Park,Comfort,1,0,0.286,1.089,7.036,19.403,48,43,1.1163,1.0488,18.45
R0004347,2025-01-04 23:38:00,Tech Park,Economy,3,0,1.577,1.399,5.207,17.728,43,53,0.8113,1.0,12.34
R0004348,2025-02-19 15:37:00,South,Comfort,18,0,0.082,1.406,3.46,11.316,47,34,1.3824,1.1606,12.53
R0004349,2025-01-30 08:19:00,Tech Park,Comfort,8,0,0.899,1.773,7.401,28.412,68,46,1.4783,1.2009,36.62
R0004350,2025-05-07 01:42:00,Tech Park,Economy,14,0,0.52,0.98,5.781,18.965,60,46,1.3043,1.1278,13.41
R0004351,2025-07-22 05:59:00,University,Economy,13,0,0.773,1.404,7.278,28.057,52,46,1.1304,1.0548,20.98
R0004352,2025-04-27 08:43:00,Tech Park,Comfort,13,1,0.674,1.197,2.487,10.554,54,39,1.3846,1.1615,13.12
R0004353,2025-03-08 12:58:00,Tech Park,Economy,9,0,1.016,1.858,3.37,11.335,76,53,1.434,1.1823,13.55
R0004354,2025-11-14 13:50:00,Tech Park,Premium,11,0,0.562,0.734,10.283,24.215,40,47,0.8511,1.0,30.45
R0004355,2025-08-18 14:19:00,South,Economy,19,0,0.379,1.745,3.16,9.324,65,30,2.1667,1.49,14.39
R0004356,2025-10-16 23:05:00,Central,Economy,23,0,0.58,1.072,6.997,21.117,63,36,1.75,1.315,25.59
R0004357,2025-11-09 06:36:00,Airport,Economy,6,0,1.16,0.95,4.919,12.019,58,46,1.2609,1.1096,12.92
R0004358,2025-11-13 22:10:00,North,Comfort,16,0,1.232,1.239,4.75,14.883,45,56,0.8036,1.0,18.24
R0004359,2025-05-30 06:50:00,Airport,Economy,23,0,0.805,0.872,8.141,24.292,53,52,1.0192,1.0081,17.52
R0004360,2025-09-13 22:57:00,Central,Comfort,0,0,0.019,1.113,7.891,23.905,48,42,1.1429,1.06,26.02
R0004361,2025-11-14 23:33:00,Airport,Premium,18,1,0.725,1.939,10.49,40.905,78,32,2.4375,1.6038,83.46
R0004362,2025-10-06 13:33:00,Central,Economy,11,1,0.061,0.689,4.237,11.328,61,51,1.1961,1.0824,11.22
R0004363,2025-03-20 01:09:00,University,Economy,23,1,1.284,1.226,4.776,14.59,56,37,1.5135,1.2157,14.88
R0004364,2025-12-02 23:57:00,North,Economy,13,0,1.143,1.176,14.408,49.197,52,41,1.2683,1.1127,39.89
R0004365,2025-08-22 23:15:00,Central,Comfort,20,0,0.204,1.229,6.865,22.67,86,46,1.8696,1.3652,28.99
R0004366,2025-02-21 08:29:00,North,Economy,3,0,0.986,1.342,9.499,32.06,29,43,0.6744,1.0,25.81
R0004367,2025-11-22 17:53:00,Central,Premium,3,1,0.621,1.224,5.91,21.622,68,40,1.7,1.294,35.4
R0004368,2025-10-18 02:25:00,Tech Park,Comfort,22,1,0.256,1.411,9.978,35.849,60,45,1.3333,1.14,35.71
R0004369,2025-07-20 17:53:00,South,Economy,12,1,0.97,1.264,1.976,6.869,49,37,1.3243,1.1362,9.68
R0004370,2025-05-10 16:54:00,Airport,Economy,13,0,1.957,1.194,14.633,48.65,42,48,0.875,1.0,33.62
R0004371,2025-10-12 17:02:00,North,Premium,4,1,0.362,1.158,6.047,18.86,44,44,1.0,1.0,20.09
R0004372,2025-08-02 07:35:00,Airport,Comfort,5,0,0.814,1.378,3.908,16.325,57,53,1.0755,1.0317,13.16
R0004373,2025-08-09 20:07:00,Tech Park,Comfort,19,1,0.187,1.5,4.33,13.183,90,46,1.9565,1.4017,22.06
R0004374,2025-01-22 08:59:00,University,Economy,7,0,0.285,1.755,6.72,24.623,65,38,1.7105,1.2984,24.28
R0004375,2025-02-28 11:09:00,University,Economy,14,0,0.588,0.682,7.31,21.214,34,46,0.7391,1.0,15.84
R0004376,2025-04-30 14:58:00,Central,Economy,7,0,0.242,1.859,8.395,32.77,72,40,1.8,1.336,30.76
R0004377,2025-12-02 11:53:00,Tech Park,Premium,6,1,0.223,1.184,4.031,11.965,52,41,1.2683,1.1127,17.95
R0004378,2025-09-09 21:44:00,Tech Park,Economy,3,0,0.152,0.6,12.543,29.982,52,47,1.1064,1.0447,18.95
R0004379,2025-03-16 17:44:00,University,Comfort,22,0,1.622,1.361,5.822,21.182,48,41,1.1707,1.0717,23.49
R0004380,2025-11-18 16:49:00,Central,Economy,22,0,1.181,0.855,5.664,16.773,64,63,1.0159,1.0067,10.21
R0004381,2025-10-14 13:08:00,North,Comfort,2,0,0.571,0.993,6.859,20.49,37,37,1.0,1.0,15.68
R0004382,2025-01-29 22:13:00,Central,Economy,8,1,1.252,1.898,11.185,46.109,96,44,2.1818,1.4964,48.66
R0004383,2025-02-04 00:56:00,Airport,Comfort,13,0,1.338,1.216,7.624,24.368,50,40,1.25,1.105,25.0
R0004384,2025-05-18 02:02:00,South,Economy,9,0,0.485,1.863,5.764,21.31,56,31,1.8065,1.3387,25.01
R0004385,2025-06-28 14:35:00,North,Premium,17,1,0.174,1.593,6.501,19.668,68,33,2.0606,1.4455,40.96
R0004386,2025-10-07 06:47:00,Central,Comfort,6,0,0.821,1.141,15.188,44.985,66,43,1.5349,1.2247,51.87
R0004387,2025-08-01 13:27:00,Tech Park,Economy,1,0,1.635,1.492,13.88,49.485,54,52,1.0385,1.0162,28.87
R0004388,2025-05-05 14:05:00,North,Economy,8,0,1.098,1.687,9.499,32.998,60,42,1.4286,1.18,33.24
R0004389,2025-09-04 10:55:00,University,Economy,14,0,1.89,1.336,8.429,29.734,54,30,1.8,1.336,30.17
R0004390,2025-08-31 19:49:00,Tech Park,Economy,4,0,1.323,1.257,27.729,85.136,48,63,0.7619,1.0,52.58
R0004391,2025-09-14 04:13:00,University,Economy,19,0,2.904,2.061,10.024,37.692,64,35,1.8286,1.348,49.52
R0004392,2025-08-12 01:15:00,Tech Park,Economy,0,0,0.867,1.365,8.579,27.072,47,56,0.8393,1.0,19.15
R0004393,2025-01-21 01:58:00,Airport,Economy,1,1,0.431,0.958,6.951,22.456,50,44,1.1364,1.0573,14.76
R0004394,2025-12-05 03:10:00,Airport,Economy,12,1,1.165,1.06,9.452,28.929,55,41,1.3415,1.1434,22.9
R0004395,2025-04-28 20:22:00,University,Comfort,12,1,1.69,1.113,1.455,3.416,49,33,1.4848,1.2036,7.03
R0004396,2025-10-24 20:34:00,Central,Economy,7,0,0.731,1.296,13.671,46.156,70,42,1.6667,1.28,41.27
R0004397,2025-09-01 20:28:00,North,Economy,6,0,1.347,1.51,3.859,15.452,45,46,0.9783,1.0,13.54
R0004398,2025-08-16 20:47:00,South,Comfort,1,1,0.386,0.907,5.233,17.013,42,41,1.0244,1.0102,14.84
R0004399,2025-05-17 18:25:00,Central,Economy,15,1,1.317,1.194,3.596,13.172,83,47,1.766,1.3217,11.77
R0004400,2025-10-10 13:28:00,Central,Comfort,9,0,3.0,2.37,5.181,20.681,72,36,2.0,1.42,37.15
R0004401,2025-06-12 23:52:00,North,Premium,2,0,0.39,1.045,6.442,23.195,41,55,0.7455,1.0,27.74
R0004402,2025-04-04 00:29:00,Central,Comfort,9,0,0.776,1.782,12.669,46.44,84,45,1.8667,1.364,58.07
R0004403,2025-02-05 19:15:00,Tech Park,Economy,22,0,1.039,0.931,15.784,46.942,43,49,0.8776,1.0,31.92
R0004404,2025-02-07 00:39:00,Airport,Economy,6,0,0.544,1.35,22.592,74.574,57,39,1.4615,1.1938,57.39
R0004405,2025-08-08 04:21:00,North,Comfort,21,0,0.417,1.603,8.217,27.464,60,29,2.069,1.449,39.86
R0004406,2025-06-08 05:16:00,Central,Comfort,6,1,0.643,0.933,6.886,25.247,65,42,1.5476,1.23,28.18
R0004407,2025-04-30 14:17:00,South,Economy,4,0,1.514,1.089,11.926,36.93,37,58,0.6379,1.0,28.72
R0004408,2025-07-02 16:39:00,Airport,Economy,6,0,0.088,1.32,4.856,16.977,48,45,1.0667,1.028,12.51
R0004409,2025-02-11 09:59:00,Central,Comfort,7,0,0.232,1.486,4.567,15.723,77,40,1.925,1.3885,24.38
R0004410,2025-11-20 23:57:00,Tech Park,Comfort,2,1,0.528,0.916,6.347,21.982,61,45,1.3556,1.1493,21.89
R0004411,2025-07-04 04:44:00,Central,Economy,14,1,1.378,1.17,7.625,27.337,63,41,1.5366,1.2254,23.19
R0004412,2025-12-03 10:55:00,Tech Park,Economy,8,0,0.638,1.673,2.492,10.502,72,40,1.8,1.336,14.92
R0004413,2025-05-27 17:53:00,Central,Economy,17,0,0.317,1.634,13.969,46.317,63,38,1.6579,1.2763,38.75
R0004414,2025-04-19 11:57:00,Central,Economy,11,0,0.756,1.216,8.864,28.472,64,43,1.4884,1.2051,22.18
R0004415,2025-08-18 23:51:00,Central,Comfort,10,1,0.409,1.666,12.049,43.12,67,55,1.2182,1.0916,40.06
R0004416,2025-01-13 20:32:00,University,Economy,11,0,1.026,1.301,3.275,10.841,52,50,1.04,1.0168,9.17
R0004417,2025-03-25 13:14:00,North,Economy,3,1,0.984,1.128,5.388,15.549,50,51,0.9804,1.0,12.14
R0004418,2025-07-04 22:47:00,Central,Economy,17,0,0.774,2.062,5.24,18.008,69,53,1.3019,1.1268,18.32
R0004419,2025-02-25 10:02:00,South,Comfort,2,0,0.296,0.965,6.948,24.682,34,39,0.8718,1.0,22.94
R0004420,2025-12-27 21:59:00,North,Comfort,17,0,1.356,2.038,7.626,31.972,69,29,2.3793,1.5793,53.14
R0004421,2025-05-05 23:16:00,Tech Park,Comfort,23,0,2.324,1.311,12.532,41.226,51,35,1.4571,1.192,52.36
R0004422,2025-09-21 15:02:00,University,Premium,18,0,0.89,1.453,8.202,27.014,54,35,1.5429,1.228,44.12
R0004423,2025-12-02 11:46:00,South,Premium,10,0,0.109,1.27,5.167,18.46,59,37,1.5946,1.2497,26.23
R0004424,2025-01-24 11:28:00,North,Economy,7,1,3.0,2.145,25.874,102.16,102,29,3.5172,2.0572,172.51
R0004425,2025-03-20 02:03:00,Central,Economy,20,0,1.018,1.942,6.712,25.46,95,28,3.3929,2.005,40.29
R0004426,2025-01-27 18:50:00,University,Comfort,6,1,0.2,0.829,4.717,15.351,61,43,1.4186,1.1758,13.03
R0004427,2025-04-18 23:17:00,North,Economy,11,0,1.3,1.076,2.754,10.793,44,34,1.2941,1.1235,10.95
R0004428,2025-07-30 00:44:00,Central,Economy,18,0,1.641,1.915,8.164,33.037,83,42,1.9762,1.41,37.07
R0004429,2025-10-14 07:18:00,University,Premium,22,1,0.662,1.119,11.358,33.631,58,39,1.4872,1.2046,52.07
R0004430,2025-06-04 13:40:00,University,Economy,22,1,0.064,0.906,4.15,14.152,40,32,1.25,1.105,13.32
R0004431,2025-10-05 08:05:00,North,Premium,2,0,0.809,0.915,10.954,35.07,38,37,1.027,1.0114,41.11
R0004432,2025-10-29 19:53:00,Central,Economy,21,1,0.193,1.64,8.134,30.167,82,35,2.3429,1.564,35.13
R0004433,2025-05-25 03:47:00,Tech Park,Economy,2,0,1.047,1.306,2.929,15.614,47,44,1.0682,1.0286,12.51
R0004434,2025-05-03 22:32:00,Tech Park,Comfort,14,0,0.31,1.144,10.959,34.228,50,39,1.2821,1.1185,34.18
R0004435,2025-10-24 05:57:00,North,Comfort,22,0,0.947,1.175,6.714,18.192,42,39,1.0769,1.0323,15.56
R0004436,2025-03-28 23:47:00,Central,Comfort,15,0,0.425,0.886,4.181,11.355,47,39,1.2051,1.0862,11.76
R0004437,2025-09-30 21:08:00,Central,Economy,22,0,0.843,1.208,13.148,40.486,48,49,0.9796,1.0,28.21
R0004438,2025-08-28 14:54:00,Central,Economy,8,0,1.331,1.833,13.011,49.672,87,38,2.2895,1.5416,56.59
R0004439,2025-04-14 21:40:00,Airport,Economy,7,1,1.362,1.559,4.132,17.275,74,36,2.0556,1.4433,23.07
R0004440,2025-03-13 22:17:00,Tech Park,Economy,7,1,0.266,1.543,9.128,32.488,86,40,2.15,1.483,34.09
R0004441,2025-08-15 12:34:00,Airport,Economy,8,1,0.479,1.702,8.687,32.52,83,41,2.0244,1.4302,34.71
R0004442,2025-09-08 21:58:00,North,Economy,16,0,0.501,1.076,7.483,27.899,39,39,1.0,1.0,19.32
R0004443,2025-04-06 08:55:00,Tech Park,Economy,10,0,0.797,1.34,5.85,18.329,67,52,1.2885,1.1212,16.11
R0004444,2025-08-22 18:37:00,North,Economy,17,0,1.734,1.747,7.159,26.646,67,27,2.4815,1.6222,37.31
R0004445,2025-07-10 05:37:00,Central,Economy,9,0,0.562,1.524,13.016,44.048,86,43,2.0,1.42,47.24
R0004446,2025-01-03 08:44:00,University,Economy,7,0,0.96,1.823,9.728,33.939,69,42,1.6429,1.27,28.32
R0004447,2025-06-11 20:32:00,Central,Economy,4,0,0.536,1.564,2.69,6.137,48,55,0.8727,1.0,5.51
R0004448,2025-04-03 09:29:00,University,Premium,13,0,0.312,1.08,2.39,11.445,42,53,0.7925,1.0,14.61
R0004449,2025-06-23 23:00:00,Airport,Premium,21,0,0.098,1.352,2.797,8.767,58,43,1.3488,1.1465,16.12
R0004450,2025-02-15 00:52:00,North,Comfort,20,0,0.399,1.593,3.68,13.477,64,42,1.5238,1.22,18.48
R0004451,2025-12-15 06:58:00,South,Economy,6,0,0.158,1.03,5.128,17.45,25,33,0.7576,1.0,11.07
R0004452,2025-01-28 19:23:00,North,Comfort,11,0,0.17,1.167,6.056,17.303,27,37,0.7297,1.0,15.65
R0004453,2025-10-17 06:00:00,South,Economy,16,0,0.858,1.378,7.493,23.801,45,45,1.0,1.0,19.32
R0004454,2025-03-28 06:29:00,Central,Economy,14,1,0.95,1.421,7.625,26.294,65,41,1.5854,1.2459,23.22
R0004455,2025-08-14 18:08:00,South,Premium,1,0,1.413,1.351,7.563,24.725,34,50,0.68,1.0,33.47
R0004456,2025-02-16 05:15:00,Central,Economy,14,1,1.224,1.22,14.57,43.673,74,50,1.48,1.2016,35.49
R0004457,2025-01-19 19:53:00,Tech Park,Premium,0,1,0.315,1.324,3.089,12.643,66,48,1.375,1.1575,19.75
R0004458,2025-12-05 19:27:00,South,Comfort,2,0,0.538,1.034,9.334,27.819,46,40,1.15,1.063,27.79
R0004459,2025-02-16 14:57:00,North,Economy,15,0,0.313,1.066,9.309,29.32,31,47,0.6596,1.0,14.17
R0004460,2025-07-31 21:20:00,Airport,Economy,2,0,0.62,1.068,3.879,13.097,37,47,0.7872,1.0,13.45
R0004461,2025-08-22 12:20:00,North,Comfort,8,0,0.75,1.301,10.418,36.515,60,35,1.7143,1.3,47.05
R0004462,2025-03-22 11:28:00,South,Economy,14,0,0.976,1.405,9.534,33.206,33,50,0.66,1.0,19.58
R0004463,2025-12-02 06:21:00,Central,Economy,15,1,0.37,1.188,7.585,22.812,67,48,1.3958,1.1662,18.53
R0004464,2025-10-21 00:48:00,Tech Park,Economy,10,1,1.186,1.337,2.055,10.605,82,33,2.4848,1.6236,12.96
R0004465,2025-01-18 17:40:00,Airport,Premium,2,0,1.223,1.4,13.198,43.226,55,42,1.3095,1.13,56.76
R0004466,2025-01-11 08:02:00,Central,Economy,19,0,0.687,1.619,8.799,29.858,84,39,2.1538,1.4846,34.28
R0004467,2025-12-28 06:28:00,Tech Park,Premium,22,0,1.36,1.423,9.698,30.995,62,46,1.3478,1.1461,50.48
R0004468,2025-02-10 07:34:00,Central,Comfort,21,1,0.236,1.606,1.203,3.0,80,46,1.7391,1.3104,7.14
R0004469,2025-06-21 20:05:00,Central,Economy,17,0,0.32,1.363,5.799,18.769,73,44,1.6591,1.2768,20.67
R0004470,2025-10-08 00:26:00,South,Economy,9,0,0.043,1.563,3.531,14.3,55,34,1.6176,1.2594,13.04
R0004471,2025-05-20 03:06:00,Tech Park,Comfort,21,1,1.007,1.569,15.822,52.045,83,38,2.1842,1.4974,69.1
R0004472,2025-12-16 03:57:00,Airport,Economy,11,0,0.63,0.893,4.23,17.143,51,39,1.3077,1.1292,13.47
R0004473,2025-09-06 23:05:00,Central,Economy,3,0,0.532,1.252,17.524,51.142,53,49,1.0816,1.0343,32.97
R0004474,2025-10-02 23:22:00,North,Economy,20,0,0.498,1.71,13.119,45.742,53,35,1.5143,1.216,39.86
R0004475,2025-12-28 04:07:00,South,Comfort,7,0,0.428,1.897,8.774,30.357,56,38,1.4737,1.1989,37.78
R0004476,2025-02-16 16:23:00,North,Comfort,22,0,0.172,0.96,14.505,45.09,33,47,0.7021,1.0,34.18
R0004477,2025-03-16 11:26:00,South,Economy,8,0,0.129,1.4,4.621,17.907,43,37,1.1622,1.0681,11.7
R0004478,2025-02-07 13:32:00,Tech Park,Economy,20,0,2.337,2.086,5.099,20.408,73,34,2.1471,1.4818,29.99
R0004479,2025-12-18 10:28:00,University,Economy,12,1,0.926,1.017,12.901,35.967,54,42,1.2857,1.12,27.2
R0004480,2025-07-20 21:53:00,Central,Comfort,11,0,0.517,1.037,4.633,12.444,52,63,0.8254,1.0,14.05
R0004481,2025-02-15 06:44:00,Central,Economy,7,1,0.454,1.726,3.746,15.227,83,36,2.3056,1.5483,17.96
R0004482,2025-04-18 02:52:00,Central,Premium,20,0,0.837,1.678,6.51,22.642,81,37,2.1892,1.4995,44.0
R0004483,2025-10-23 19:36:00,Central,Comfort,1,1,1.588,1.198,4.782,14.935,53,39,1.359,1.1508,20.43
R0004484,2025-07-12 04:09:00,North,Economy,11,0,0.703,0.874,21.671,61.861,35,34,1.0294,1.0124,42.28
R0004485,2025-09-14 18:54:00,University,Comfort,8,1,3.0,2.259,11.899,47.829,73,37,1.973,1.4086,83.05
R0004486,2025-06-28 14:31:00,Central,Comfort,13,0,1.04,1.121,5.659,14.643,59,50,1.18,1.0756,16.26
R0004487,2025-06-27 23:08:00,Central,Comfort,6,0,0.371,1.178,4.478,12.237,51,49,1.0408,1.0171,14.94
R0004488,2025-11-19 10:22:00,South,Economy,15,0,0.126,1.11,9.358,26.64,33,38,0.8684,1.0,18.92
R0004489,2025-07-19 15:06:00,University,Premium,9,0,1.523,2.021,14.927,56.135,61,30,2.0333,1.434,112.21
R0004490,2025-09-29 15:51:00,Central,Economy,4,1,0.205,0.995,9.116,28.091,49,41,1.1951,1.082,18.46
R0004491,2025-12-23 13:25:00,Tech Park,Comfort,4,1,1.19,1.152,4.604,15.553,57,50,1.14,1.0588,18.14
R0004492,2025-06-16 13:29:00,Tech Park,Economy,16,1,0.853,0.954,3.525,14.195,62,41,1.5122,1.2151,13.11
R0004493,2025-10-07 10:19:00,North,Economy,6,0,0.09,0.919,6.309,16.265,59,40,1.475,1.1995,17.46
R0004494,2025-11-22 17:56:00,South,Premium,7,1,0.819,1.759,9.242,34.936,60,33,1.8182,1.3436,60.48
R0004495,2025-12-28 04:55:00,North,Economy,15,1,0.963,1.026,5.997,17.295,57,43,1.3256,1.1367,15.05
R0004496,2025-06-01 10:33:00,Central,Economy,7,0,0.434,1.685,13.521,52.93,73,51,1.4314,1.1812,45.59
R0004497,2025-02-11 10:42:00,North,Comfort,9,0,0.407,1.887,10.381,39.201,57,50,1.14,1.0588,39.34
R0004498,2025-11-26 05:12:00,Airport,Economy,5,0,0.461,1.003,8.851,25.955,52,46,1.1304,1.0548,17.27
R0004499,2025-05-25 20:37:00,Tech Park,Comfort,8,0,1.492,1.582,10.269,36.962,83,35,2.3714,1.576,54.29
R0004500,2025-01-28 01:53:00,Tech Park,Premium,16,0,0.385,0.995,3.618,12.41,39,44,0.8864,1.0,14.4
R0004501,2025-04-01 18:31:00,Central,Economy,12,1,0.634,0.858,5.906,17.079,68,42,1.619,1.26,12.97
R0004502,2025-11-11 22:31:00,South,Economy,23,0,0.04,1.247,4.384,16.441,30,56,0.5357,1.0,11.84
R0004503,2025-04-30 01:05:00,Central,Premium,18,0,0.797,1.709,9.597,38.434,58,41,1.4146,1.1741,58.9
R0004504,2025-08-10 17:45:00,Central,Premium,0,0,0.185,0.902,4.42,15.972,51,41,1.2439,1.1024,19.97
R0004505,2025-12-19 23:00:00,Tech Park,Economy,9,1,0.491,1.538,8.126,28.451,94,36,2.6111,1.6767,39.36
R0004506,2025-09-07 23:38:00,Central,Comfort,6,1,0.189,0.821,7.096,24.908,56,44,1.2727,1.1145,20.85
R0004507,2025-07-22 04:30:00,Tech Park,Economy,14,1,1.93,1.529,10.805,38.757,66,37,1.7838,1.3292,41.01
R0004508,2025-05-10 21:34:00,Central,Economy,6,0,0.847,1.483,4.022,12.401,62,42,1.4762,1.2,13.8
R0004509,2025-11-01 08:18:00,Tech Park,Comfort,23,0,0.176,0.763,9.959,28.493,55,50,1.1,1.042,24.3
R0004510,2025-10-03 11:02:00,Central,Economy,7,0,0.698,1.863,4.314,16.698,70,43,1.6279,1.2637,17.46
R0004511,2025-01-04 09:12:00,Central,Economy,12,0,0.136,0.98,4.571,13.486,61,50,1.22,1.0924,13.98
R0004512,2025-06-09 00:17:00,Tech Park,Economy,2,0,0.484,1.315,7.182,24.943,63,37,1.7027,1.2951,25.04
R0004513,2025-07-10 14:17:00,North,Comfort,21,0,1.586,1.505,14.982,47.252,78,46,1.6957,1.2922,62.22
R0004514,2025-05-07 16:32:00,Central,Economy,21,1,0.861,1.746,4.89,22.306,76,36,2.1111,1.4667,23.75
R0004515,2025-12-16 01:55:00,Tech Park,Economy,19,0,0.204,1.513,2.922,12.594,61,38,1.6053,1.2542,13.66
R0004516,2025-12-19 04:40:00,Central,Economy,8,1,0.105,1.688,4.619,13.542,85,54,1.5741,1.2411,15.38
R0004517,2025-05-05 16:40:00,Airport,Economy,1,0,0.97,1.186,6.285,22.038,62,44,1.4091,1.1718,20.85
R0004518,2025-01-02 15:10:00,North,Premium,17,0,2.216,1.953,21.714,83.035,64,41,1.561,1.2356,140.19
R0004519,2025-06-30 07:28:00,South,Economy,10,0,0.512,1.623,9.617,37.709,61,35,1.7429,1.312,35.22
R0004520,2025-08-30 03:06:00,South,Economy,23,0,1.523,1.555,5.133,22.602,32,40,0.8,1.0,18.67
R0004521,2025-04-20 10:24:00,Tech Park,Premium,16,0,0.875,1.126,7.187,27.276,48,47,1.0213,1.0089,35.62
R0004522,2025-09-07 06:33:00,South,Economy,12,0,0.957,1.328,18.431,59.475,45,49,0.9184,1.0,39.54
R0004523,2025-09-17 15:25:00,Central,Economy,23,0,0.131,1.137,6.806,23.218,57,52,1.0962,1.0404,14.34
R0004524,2025-01-08 18:40:00,Central,Comfort,19,0,0.48,1.796,6.851,24.948,63,44,1.4318,1.1814,27.12
R0004525,2025-01-04 05:40:00,Airport,Comfort,11,0,0.515,0.91,6.215,21.202,51,47,1.0851,1.0357,20.51
R0004526,2025-07-26 19:35:00,Tech Park,Economy,0,1,0.019,1.131,11.391,31.045,55,47,1.1702,1.0715,24.4
R0004527,2025-07-28 05:40:00,Airport,Comfort,2,1,0.285,1.112,5.818,16.121,51,54,0.9444,1.0,14.88
R0004528,2025-10-30 19:34:00,South,Economy,10,0,0.323,1.394,12.55,41.146,58,41,1.4146,1.1741,32.92
R0004529,2025-02-10 17:27:00,South,Comfort,13,0,0.198,0.997,13.937,41.754,41,41,1.0,1.0,29.99
R0004530,2025-06-03 09:19:00,Tech Park,Economy,0,0,0.461,1.496,10.885,38.016,51,41,1.2439,1.1024,23.98
R0004531,2025-06-15 07:00:00,Airport,Comfort,3,0,1.141,1.135,6.867,25.004,59,41,1.439,1.1844,29.03
R0004532,2025-08-30 03:03:00,Central,Economy,16,0,1.17,1.144,3.6,10.951,48,43,1.1163,1.0488,11.07
R0004533,2025-07-04 01:21:00,University,Comfort,18,0,1.752,1.947,6.868,24.099,78,40,1.95,1.399,39.03
R0004534,2025-09-07 19:56:00,South,Premium,0,0,1.315,1.139,5.378,16.88,46,41,1.122,1.0512,20.39
R0004535,2025-05-29 20:14:00,North,Comfort,12,1,0.749,1.16,5.061,15.532,48,48,1.0,1.0,18.06
R0004536,2025-02-09 12:50:00,Tech Park,Comfort,1,0,1.797,1.243,6.81,23.869,57,48,1.1875,1.0788,25.27
R0004537,2025-01-19 11:49:00,University,Economy,17,1,0.352,1.686,10.111,40.07,76,36,2.1111,1.4667,39.07
R0004538,2025-01-20 19:13:00,Central,Economy,20,0,0.566,1.641,5.515,23.654,86,41,2.0976,1.461,26.98
R0004539,2025-07-23 14:37:00,University,Economy,20,0,2.351,2.324,3.647,18.578,62,38,1.6316,1.2653,23.19
R0004540,2025-06-07 11:30:00,Airport,Economy,14,1,0.34,1.07,4.585,13.813,58,46,1.2609,1.1096,14.73
R0004541,2025-04-02 11:45:00,University,Comfort,15,0,0.011,0.962,19.682,57.583,39,51,0.7647,1.0,48.07
R0004542,2025-08-11 18:18:00,Central,Comfort,22,0,0.508,1.277,10.505,35.368,47,45,1.0444,1.0187,35.31
R0004543,2025-06-10 23:27:00,Central,Economy,14,1,0.196,0.785,4.587,12.268,75,53,1.4151,1.1743,10.58
R0004544,2025-04-23 18:23:00,Airport,Economy,10,0,0.093,1.871,15.783,57.47,51,58,0.8793,1.0,42.24
R0004545,2025-02-03 02:30:00,Tech Park,Comfort,18,0,1.196,1.587,6.807,25.464,66,43,1.5349,1.2247,26.99
R0004546,2025-02-14 08:31:00,University,Economy,14,0,0.876,1.372,27.192,85.962,45,46,0.9783,1.0,56.65
R0004547,2025-03-01 12:33:00,Central,Economy,20,0,0.022,1.816,8.972,36.148,79,42,1.881,1.37,31.26
R0004548,2025-03-03 19:54:00,Central,Economy,12,0,1.405,1.158,10.602,32.788,67,48,1.3958,1.1662,28.35
R0004549,2025-08-13 17:45:00,Central,Economy,20,0,2.844,1.985,12.311,48.694,75,50,1.5,1.21,50.59
R0004550,2025-08-13 22:18:00,Central,Comfort,1,1,0.279,1.031,17.589,53.421,47,44,1.0682,1.0286,47.97
R0004551,2025-12-29 15:59:00,Tech Park,Economy,0,0,0.892,1.272,6.102,23.367,58,49,1.1837,1.0771,18.99
R0004552,2025-01-30 14:25:00,Airport,Economy,2,0,0.167,0.85,16.773,43.327,48,52,0.9231,1.0,25.61
R0004553,2025-12-25 02:22:00,University,Economy,13,0,0.666,1.1,5.512,20.727,40,45,0.8889,1.0,14.17
R0004554,2025-09-24 10:00:00,University,Economy,17,0,0.918,1.659,6.367,26.255,75,30,2.5,1.63,32.8
R0004555,2025-02-11 21:59:00,Airport,Economy,5,1,0.511,0.885,7.806,23.991,52,47,1.1064,1.0447,16.13
R0004556,2025-07-27 18:21:00,South,Economy,3,0,0.233,0.854,12.887,38.419,33,46,0.7174,1.0,27.03
R0004557,2025-07-31 15:34:00,University,Premium,20,0,0.336,1.634,6.478,25.086,49,34,1.4412,1.1853,36.32
R0004558,2025-02-07 06:20:00,Tech Park,Comfort,18,1,0.036,1.576,19.257,64.8,66,35,1.8857,1.372,78.56
R0004559,2025-11-26 21:08:00,Tech Park,Economy,15,1,0.597,0.97,16.112,47.932,55,33,1.6667,1.28,38.05
R0004560,2025-09-16 01:53:00,Airport,Economy,11,1,2.067,1.386,7.939,29.088,70,41,1.7073,1.2971,31.23
R0004561,2025-05-26 16:11:00,Airport,Comfort,10,0,0.108,1.453,4.566,12.567,75,37,2.027,1.4314,18.35
R0004562,2025-06-02 15:09:00,Tech Park,Economy,0,0,1.742,1.549,13.472,47.89,63,33,1.9091,1.3818,52.43
R0004563,2025-10-21 12:29:00,North,Economy,4,0,0.422,1.057,2.453,8.926,33,60,0.55,1.0,10.79
R0004564,2025-08-12 02:13:00,Tech Park,Economy,21,0,0.035,1.754,11.678,44.229,88,36,2.4444,1.6067,48.34
R0004565,2025-02-21 22:49:00,Tech Park,Economy,8,1,1.21,1.463,4.938,14.965,75,30,2.5,1.63,24.23
R0004566,2025-08-08 20:37:00,North,Premium,16,0,0.605,1.167,15.502,47.02,37,40,0.925,1.0,54.75
R0004567,2025-12-26 20:11:00,Central,Economy,16,0,0.149,1.134,3.625,9.354,41,36,1.1389,1.0583,8.98
R0004568,2025-11-15 21:43:00,North,Premium,7,1,0.248,1.57,5.397,16.67,65,40,1.625,1.2625,27.35
R0004569,2025-08-23 17:11:00,University,Comfort,4,1,0.317,0.96,9.885,31.658,38,35,1.0857,1.036,25.92
R0004570,2025-07-16 23:59:00,Central,Premium,16,0,0.484,1.059,10.814,32.112,52,58,0.8966,1.0,40.85
R0004571,2025-08-14 09:42:00,Airport,Comfort,2,1,0.663,1.253,5.505,17.191,52,59,0.8814,1.0,17.27
R0004572,2025-04-11 14:21:00,University,Comfort,11,0,0.686,0.906,6.471,22.146,46,40,1.15,1.063,20.68
R0004573,2025-08-01 01:45:00,Tech Park,Economy,21,0,1.109,1.876,13.118,48.549,84,45,1.8667,1.364,47.45
R0004574,2025-11-02 17:51:00,South,Comfort,17,0,0.583,1.712,13.514,50.994,57,42,1.3571,1.15,58.37
R0004575,2025-11-26 11:04:00,Tech Park,Economy,18,1,0.782,1.644,6.401,21.259,95,35,2.7143,1.72,28.53
R0004576,2025-08-05 19:04:00,North,Comfort,1,1,0.607,1.07,5.563,17.201,47,51,0.9216,1.0,16.33
R0004577,2025-04-23 17:29:00,University,Economy,4,0,0.115,1.032,3.658,10.216,47,54,0.8704,1.0,10.12
R0004578,2025-03-20 23:00:00,Tech Park,Economy,6,0,0.166,1.328,8.931,31.097,50,33,1.5152,1.2164,28.58
R0004579,2025-03-20 01:33:00,Central,Economy,7,0,0.56,1.713,12.145,43.631,91,39,2.3333,1.56,46.61
R0004580,2025-03-26 20:54:00,North,Economy,4,0,0.61,0.94,8.442,27.161,47,42,1.119,1.05,20.79
R0004581,2025-07-15 00:14:00,Central,Economy,23,1,0.431,0.999,4.67,15.378,63,46,1.3696,1.1552,14.46
R0004582,2025-06-11 12:29:00,South,Economy,3,0,0.897,0.955,20.751,56.61,48,40,1.2,1.084,40.11
R0004583,2025-12-26 09:47:00,South,Economy,16,1,1.013,0.842,2.443,7.675,51,34,1.5,1.21,8.46
R0004584,2025-08-14 07:48:00,South,Economy,14,0,0.479,0.877,12.592,33.321,34,41,0.8293,1.0,20.97
R0004585,2025-12-25 18:21:00,University,Economy,14,0,1.125,1.224,8.751,29.308,52,45,1.1556,1.0653,24.84
R0004586,2025-12-02 06:22:00,North,Economy,5,0,0.409,1.303,10.052,34.461,32,44,0.7273,1.0,23.81
R0004587,2025-02-03 10:47:00,Tech Park,Economy,7,1,0.739,1.862,5.039,21.257,79,37,2.1351,1.4768,25.17
R0004588,2025-04-08 04:45:00,South,Economy,14,0,0.487,0.88,7.143,21.215,30,29,1.0345,1.0145,13.92
R0004589,2025-01-18 11:38:00,North,Economy,7,0,1.164,1.616,9.128,29.159,60,37,1.6216,1.2611,30.47
R0004590,2025-08-22 16:16:00,Airport,Economy,16,0,0.566,0.933,7.41,23.027,45,55,0.8182,1.0,16.78
R0004591,2025-10-23 00:15:00,South,Premium,0,1,0.155,0.6,2.896,9.81,39,37,1.0541,1.0227,11.36
R0004592,2025-11-30 18:05:00,South,Economy,1,1,0.693,1.095,19.923,60.478,45,44,1.0227,1.0095,38.58
R0004593,2025-08-23 16:26:00,Central,Economy,17,1,0.429,1.772,11.107,41.186,79,43,1.8372,1.3516,40.97
R0004594,2025-03-28 15:57:00,Tech Park,Economy,14,0,0.766,1.092,7.917,20.929,54,40,1.35,1.147,14.82
R0004595,2025-08-17 03:59:00,North,Comfort,1,1,0.233,0.814,8.203,24.136,36,40,0.9,1.0,20.92
R0004596,2025-04-05 16:39:00,Central,Economy,21,0,0.462,1.481,19.61,66.15,69,46,1.5,1.21,54.88
R0004597,2025-09-13 06:02:00,Tech Park,Economy,0,0,0.144,0.967,5.163,13.659,56,42,1.3333,1.14,12.37
R0004598,2025-01-14 17:36:00,Central,Economy,22,0,0.317,1.196,4.561,16.647,52,45,1.1556,1.0653,14.45
R0004599,2025-01-12 10:13:00,South,Economy,17,0,0.643,1.633,12.398,43.035,57,41,1.3902,1.1639,30.22
R0004600,2025-08-12 15:36:00,South,Economy,23,1,0.048,1.123,10.019,32.106,43,44,0.9773,1.0,18.1
R0004601,2025-05-30 18:59:00,Airport,Premium,22,1,0.485,1.073,4.457,15.776,56,42,1.3333,1.14,23.96
R0004602,2025-02-20 06:36:00,North,Premium,7,0,0.108,1.612,14.137,50.576,57,22,2.5909,1.6682,99.55
R0004603,2025-06-24 23:57:00,Central,Economy,18,0,0.398,1.452,9.136,28.558,73,45,1.6222,1.2613,25.08
R0004604,2025-08-16 07:53:00,Central,Economy,5,1,0.086,0.892,4.74,13.967,49,47,1.0426,1.0179,11.08
R0004605,2025-08-29 12:07:00,South,Economy,11,1,2.571,1.237,10.172,37.732,53,46,1.1522,1.0639,32.84
R0004606,2025-01-12 19:39:00,Airport,Premium,5,1,1.159,1.317,9.369,34.264,65,41,1.5854,1.2459,52.39
R0004607,2025-07-31 19:32:00,University,Premium,11,0,0.427,1.024,7.401,24.951,47,50,0.94,1.0,28.0
R0004608,2025-01-29 02:07:00,North,Economy,20,0,1.731,1.214,9.596,31.678,50,32,1.5625,1.2362,26.85
R0004609,2025-10-03 18:33:00,Central,Economy,10,1,0.243,1.68,10.962,37.454,79,28,2.8214,1.765,49.22
R0004610,2025-09-21 19:26:00,University,Economy,2,1,1.435,1.434,12.843,43.121,51,35,1.4571,1.192,37.74
R0004611,2025-07-18 02:21:00,North,Comfort,7,1,0.781,1.545,8.24,28.281,70,27,2.5926,1.6689,48.36
R0004612,2025-10-23 09:02:00,South,Economy,18,0,0.256,1.682,6.694,24.608,45,28,1.6071,1.255,20.07
R0004613,2025-08-19 19:39:00,Tech Park,Economy,12,0,0.921,1.128,8.859,24.974,50,38,1.3158,1.1326,21.09
R0004614,2025-08-06 19:15:00,University,Economy,13,0,1.207,0.836,14.954,44.882,51,36,1.4167,1.175,32.92
R0004615,2025-01-02 20:23:00,Central,Economy,10,1,0.504,1.992,10.984,36.708,78,48,1.625,1.2625,38.71
R0004616,2025-03-11 10:05:00,Airport,Comfort,7,0,1.087,1.709,6.49,26.119,56,35,1.6,1.252,38.14
R0004617,2025-08-21 11:09:00,University,Economy,14,0,1.006,1.217,8.009,28.134,41,42,0.9762,1.0,22.8
R0004618,2025-12-12 14:46:00,Airport,Economy,15,1,0.704,1.014,19.416,63.161,56,30,1.8667,1.364,51.62
R0004619,2025-07-06 17:01:00,Tech Park,Comfort,21,1,0.086,1.512,11.73,40.073,79,31,2.5484,1.6503,54.95
R0004620,2025-12-28 22:28:00,South,Economy,14,0,0.678,1.151,8.444,25.929,42,39,1.0769,1.0323,18.9
R0004621,2025-05-31 19:59:00,South,Comfort,23,1,0.49,0.901,14.544,42.714,47,42,1.119,1.05,38.38
R0004622,2025-02-18 20:16:00,Tech Park,Comfort,19,0,0.865,2.011,5.762,24.392,68,43,1.5814,1.2442,32.55
R0004623,2025-09-12 07:58:00,University,Economy,1,0,0.162,1.18,9.308,29.72,50,38,1.3158,1.1326,23.43
R0004624,2025-09-20 05:03:00,Airport,Economy,9,0,1.114,1.844,21.793,77.725,77,42,1.8333,1.35,75.35
R0004625,2025-01-01 18:21:00,South,Economy,9,0,0.3,1.578,11.128,40.471,62,38,1.6316,1.2653,34.21
R0004626,2025-11-18 03:21:00,Tech Park,Comfort,0,1,0.977,1.039,18.944,57.061,62,32,1.9375,1.3938,67.6
R0004627,2025-10-08 17:27:00,Central,Premium,4,1,1.768,1.504,7.418,23.97,64,48,1.3333,1.14,39.57
R0004628,2025-08-04 03:08:00,University,Economy,18,0,0.605,1.769,5.978,19.168,64,28,2.2857,1.54,19.66
R0004629,2025-11-20 15:40:00,North,Comfort,8,1,1.665,1.778,14.704,59.294,87,41,2.122,1.4712,86.44
R0004630,2025-09-23 11:20:00,Central,Comfort,3,0,0.256,0.851,2.842,11.211,41,39,1.0513,1.0215,11.57
R0004631,2025-02-11 05:56:00,Tech Park,Premium,6,0,0.199,0.752,8.577,25.798,43,45,0.9556,1.0,28.78
R0004632,2025-08-30 01:52:00,University,Economy,6,1,1.351,1.248,13.694,43.85,55,51,1.0784,1.0329,34.2
R0004633,2025-05-10 09:50:00,Airport,Economy,4,0,0.87,1.112,10.584,34.719,43,51,0.8431,1.0,26.07
R0004634,2025-12-26 17:14:00,Tech Park,Comfort,2,0,0.101,1.232,2.444,6.754,42,44,0.9545,1.0,8.37
R0004635,2025-11-14 01:06:00,Central,Comfort,18,0,1.897,2.07,3.705,16.053,90,44,2.0455,1.4391,31.81
R0004636,2025-09-17 09:37:00,Airport,Comfort,19,0,0.49,1.645,7.294,27.189,85,41,2.0732,1.4507,36.03
R0004637,2025-01-23 16:23:00,Central,Comfort,11,1,0.534,1.082,10.086,29.189,57,52,1.0962,1.0404,26.35
R0004638,2025-11-28 16:05:00,Tech Park,Economy,14,0,2.111,1.173,10.306,32.671,64,42,1.5238,1.22,30.06
R0004639,2025-03-24 22:29:00,Central,Comfort,22,0,1.703,1.498,7.742,26.317,60,47,1.2766,1.1162,32.65
R0004640,2025-10-16 05:15:00,Central,Economy,20,0,1.597,1.827,11.607,41.643,76,44,1.7273,1.3055,43.22
R0004641,2025-10-22 02:05:00,Tech Park,Economy,0,1,0.257,1.155,9.878,30.263,56,44,1.2727,1.1145,18.71
R0004642,2025-07-01 06:39:00,North,Economy,22,0,0.702,1.338,7.237,20.813,47,40,1.175,1.0735,16.44
R0004643,2025-05-11 08:29:00,Central,Economy,1,0,0.831,1.048,10.44,34.539,66,46,1.4348,1.1826,26.58
R0004644,2025-03-17 05:21:00,Central,Economy,0,0,0.179,0.883,5.441,20.175,40,39,1.0256,1.0108,16.95
R0004645,2025-05-04 17:24:00,Tech Park,Comfort,9,0,0.106,2.013,11.026,40.936,71,42,1.6905,1.29,47.7
R0004646,2025-01-28 09:50:00,South,Comfort,17,0,0.459,1.74,4.875,21.145,58,33,1.7576,1.3182,27.3
R0004647,2025-05-26 10:17:00,Tech Park,Economy,1,0,1.104,1.149,10.156,32.166,60,42,1.4286,1.18,23.83
R0004648,2025-06-02 06:47:00,Airport,Economy,7,0,0.005,1.774,10.02,37.128,61,33,1.8485,1.3564,34.98
R0004649,2025-12-19 23:17:00,North,Economy,6,0,0.577,1.048,6.59,18.033,52,36,1.4444,1.1867,19.43
R0004650,2025-06-17 01:57:00,Tech Park,Economy,9,1,0.127,1.631,11.015,38.128,65,46,1.413,1.1735,28.6
R0004651,2025-01-22 02:41:00,Central,Economy,23,0,1.195,1.113,18.147,57.036,55,50,1.1,1.042,42.85
R0004652,2025-02-22 22:32:00,Central,Economy,7,0,0.729,1.678,4.433,14.764,72,42,1.7143,1.3,16.0
R0004653,2025-05-15 00:23:00,North,Premium,5,0,1.215,1.169,13.129,39.832,42,31,1.3548,1.149,57.03
R0004654,2025-04-21 04:11:00,Central,Economy,2,0,0.725,0.995,14.12,41.271,54,52,1.0385,1.0162,29.43
R0004655,2025-05-13 01:07:00,Central,Comfort,4,1,0.422,1.12,6.931,14.809,63,53,1.1887,1.0792,14.19
R0004656,2025-06-12 12:18:00,University,Comfort,3,1,2.597,1.352,12.067,40.832,55,40,1.375,1.1575,47.57
R0004657,2025-12-24 09:03:00,North,Economy,13,1,0.469,1.188,6.753,23.565,46,38,1.2105,1.0884,16.39
R0004658,2025-01-18 04:35:00,South,Economy,10,0,0.303,1.55,15.501,54.499,59,37,1.5946,1.2497,49.4
R0004659,2025-04-16 01:41:00,Central,Economy,11,0,0.924,0.857,1.722,8.359,74,43,1.7209,1.3028,11.54
R0004660,2025-04-30 20:04:00,South,Economy,19,0,1.981,2.018,17.196,65.277,63,44,1.4318,1.1814,63.84
R0004661,2025-12-11 13:50:00,South,Comfort,13,1,0.007,1.116,4.213,18.118,33,39,0.8462,1.0,17.83
R0004662,2025-08-23 11:55:00,University,Economy,3,0,1.423,1.662,8.162,27.902,42,41,1.0244,1.0102,23.95
R0004663,2025-05-28 05:21:00,North,Economy,9,1,0.961,1.726,4.965,18.468,62,42,1.4762,1.2,15.4
R0004664,2025-01-13 15:15:00,Tech Park,Economy,7,0,1.739,1.896,17.691,65.568,71,33,2.1515,1.4836,72.53
R0004665,2025-06-16 15:27:00,Central,Economy,19,0,1.499,1.906,6.848,27.044,77,58,1.3276,1.1376,24.82
R0004666,2025-11-11 16:07:00,South,Premium,7,1,0.804,1.878,5.765,21.996,65,33,1.9697,1.4073,42.47
R0004667,2025-09-05 01:16:00,University,Economy,3,0,0.94,1.342,14.384,47.162,47,46,1.0217,1.0091,30.29
R0004668,2025-12-05 04:35:00,South,Comfort,17,0,0.608,1.717,11.619,40.783,68,40,1.7,1.294,46.16
R0004669,2025-06-25 06:35:00,Tech Park,Economy,10,0,1.798,1.868,6.466,24.055,83,39,2.1282,1.4738,28.26
R0004670,2025-04-13 23:48:00,University,Economy,2,1,0.25,1.197,4.503,10.397,44,37,1.1892,1.0795,8.58
R0004671,2025-03-21 03:44:00,University,Economy,16,0,0.6,1.095,4.181,15.727,44,52,0.8462,1.0,11.36
R0004672,2025-08-11 05:54:00,Central,Premium,5,1,1.108,0.967,15.663,44.239,68,37,1.8378,1.3519,73.59
R0004673,2025-11-03 09:48:00,Central,Economy,20,0,1.217,1.499,9.781,32.932,87,45,1.9333,1.392,33.89
R0004674,2025-07-31 02:23:00,South,Comfort,19,0,1.221,1.717,8.545,29.158,58,30,1.9333,1.392,43.73
R0004675,2025-04-13 23:32:00,University,Economy,8,0,0.873,1.729,10.183,38.591,70,34,2.0588,1.4447,42.04
R0004676,2025-08-14 06:14:00,North,Economy,13,0,1.228,1.666,2.66,9.524,37,48,0.7708,1.0,9.03
R0004677,2025-11-09 21:07:00,Central,Economy,13,1,0.937,1.147,6.498,15.781,53,48,1.1042,1.0438,14.25
R0004678,2025-08-06 09:35:00,South,Economy,15,1,2.121,1.39,6.594,23.426,60,50,1.2,1.084,20.81
R0004679,2025-12-20 08:38:00,Airport,Economy,1,1,0.239,0.97,13.327,38.167,53,50,1.06,1.0252,23.86
R0004680,2025-04-06 21:25:00,Central,Economy,7,1,1.224,1.882,3.463,14.085,84,32,2.625,1.6825,21.69
R0004681,2025-07-14 20:03:00,Central,Comfort,4,0,0.519,1.144,13.867,45.241,51,47,1.0851,1.0357,41.26
R0004682,2025-03-29 06:55:00,Airport,Economy,16,0,0.649,1.002,20.841,59.802,44,55,0.8,1.0,41.29
R0004683,2025-03-05 15:55:00,Tech Park,Economy,1,1,2.246,1.222,3.018,10.71,50,42,1.1905,1.08,14.86
R0004684,2025-02-12 15:22:00,Central,Economy,12,0,2.222,1.328,7.839,24.719,70,52,1.3462,1.1454,25.9
R0004685,2025-03-01 08:11:00,Central,Economy,17,1,1.798,1.722,10.223,39.59,85,37,2.2973,1.5449,45.32
R0004686,2025-04-27 11:43:00,North,Economy,22,0,0.349,1.021,12.556,38.312,33,39,0.8462,1.0,21.26
R0004687,2025-11-07 21:40:00,Central,Economy,6,0,0.312,1.082,2.362,8.463,62,45,1.3778,1.1587,10.72
R0004688,2025-03-13 23:40:00,North,Economy,0,0,0.123,0.932,9.353,25.353,35,43,0.814,1.0,16.83
R0004689,2025-04-14 12:40:00,Central,Economy,17,0,1.922,2.158,6.887,29.902,90,44,2.0455,1.4391,35.64
R0004690,2025-09-25 00:44:00,Airport,Economy,0,0,0.186,1.242,6.647,24.075,40,41,0.9756,1.0,19.67
R0004691,2025-06-30 08:23:00,Tech Park,Premium,1,0,0.431,1.036,24.239,70.856,48,45,1.0667,1.028,81.21
R0004692,2025-08-27 16:17:00,Airport,Comfort,23,0,0.35,0.89,6.899,21.199,49,50,0.98,1.0,18.81
R0004693,2025-10-14 04:27:00,Central,Economy,20,0,0.306,1.6,9.948,36.715,83,34,2.4412,1.6053,39.1
R0004694,2025-06-18 11:38:00,Central,Comfort,16,0,0.046,0.984,7.27,27.366,59,43,1.3721,1.1563,22.42
R0004695,2025-01-21 06:37:00,Central,Economy,20,0,0.391,1.609,8.87,32.676,82,46,1.7826,1.3287,28.59
R0004696,2025-06-19 21:36:00,Central,Comfort,1,0,0.701,1.054,10.527,32.515,54,51,1.0588,1.0247,28.43
R0004697,2025-06-08 03:55:00,Central,Economy,2,1,0.15,0.838,12.697,36.231,72,34,2.1176,1.4694,30.16
R0004698,2025-12-10 12:31:00,Central,Economy,7,0,0.259,1.603,5.067,18.578,62,51,1.2157,1.0906,15.6
R0004699,2025-09-02 19:07:00,Airport,Economy,0,0,1.708,1.244,8.448,29.442,58,42,1.381,1.16,26.56
R0004700,2025-08-14 14:22:00,University,Economy,21,0,0.209,1.541,8.614,28.498,69,35,1.9714,1.408,30.11
R0004701,2025-07-29 19:03:00,Central,Comfort,1,0,0.542,1.114,3.138,12.957,67,48,1.3958,1.1662,13.81
R0004702,2025-05-20 11:16:00,Airport,Economy,13,0,0.578,1.092,4.597,11.799,59,42,1.4048,1.17,8.68
R0004703,2025-05-29 10:11:00,South,Economy,20,0,0.265,1.611,12.68,46.32,59,40,1.475,1.1995,36.44
R0004704,2025-03-26 10:46:00,Central,Economy,17,0,1.34,1.72,6.026,24.741,74,35,2.1143,1.468,26.56
R0004705,2025-05-09 18:32:00,Tech Park,Economy,5,0,1.654,1.363,32.675,108.102,59,39,1.5128,1.2154,91.08
R0004706,2025-09-23 04:51:00,Airport,Comfort,11,0,0.104,0.889,13.193,39.115,36,50,0.72,1.0,34.14
R0004707,2025-01-30 00:33:00,North,Comfort,13,0,0.343,0.866,9.959,30.116,43,37,1.1622,1.0681,26.51
R0004708,2025-07-18 06:14:00,University,Economy,18,0,0.243,1.434,17.827,58.887,56,16,3.5,2.05,77.64
R0004709,2025-08-09 22:49:00,Central,Comfort,10,0,0.435,1.506,11.882,38.597,71,36,1.9722,1.4083,44.52
R0004710,2025-02-22 19:09:00,Central,Economy,6,0,0.579,0.872,8.596,26.046,45,42,1.0714,1.03,17.69
R0004711,2025-01-22 04:44:00,South,Economy,19,1,0.051,1.255,3.569,12.773,67,37,1.8108,1.3405,15.98
R0004712,2025-06-07 06:32:00,University,Economy,21,0,0.576,1.744,11.2,43.099,72,38,1.8947,1.3758,43.08
R0004713,2025-07-10 06:59:00,North,Economy,11,0,2.236,1.632,16.747,58.748,66,37,1.7838,1.3292,58.16
R0004714,2025-03-10 16:36:00,South,Economy,0,0,1.532,1.376,5.606,19.901,41,41,1.0,1.0,14.16
R0004715,2025-02-18 20:17:00,Central,Economy,12,0,0.694,1.038,2.845,10.476,68,50,1.36,1.1512,10.27
R0004716,2025-04-19 17:11:00,South,Comfort,21,0,0.069,1.253,4.314,16.2,50,32,1.5625,1.2362,19.56
R0004717,2025-01-15 13:54:00,Central,Premium,23,1,1.19,1.249,20.439,67.183,84,40,2.1,1.462,116.99
R0004718,2025-08-15 06:52:00,South,Premium,9,1,0.382,1.329,8.118,25.218,61,31,1.9677,1.4065,42.95
R0004719,2025-06-27 19:40:00,Airport,Economy,3,0,1.431,1.242,17.338,56.889,46,53,0.8679,1.0,34.48
R0004720,2025-08-03 06:31:00,South,Economy,13,0,1.253,1.082,7.85,24.411,40,46,0.8696,1.0,19.86
R0004721,2025-04-22 16:22:00,Central,Comfort,19,1,0.43,1.217,5.912,21.147,93,32,2.9062,1.8006,33.57
R0004722,2025-08-07 21:03:00,Tech Park,Economy,22,0,0.535,1.363,25.129,85.375,76,35,2.1714,1.492,83.47
R0004723,2025-06-28 06:25:00,Tech Park,Economy,1,0,0.251,0.819,6.332,14.251,47,41,1.1463,1.0615,12.23
R0004724,2025-12-16 23:41:00,Tech Park,Economy,6,1,0.076,0.95,6.773,23.525,45,41,1.0976,1.041,17.13
R0004725,2025-03-01 18:31:00,University,Economy,11,0,0.566,1.079,10.007,30.931,52,58,0.8966,1.0,20.58
R0004726,2025-06-13 07:49:00,North,Comfort,2,0,1.045,1.103,6.622,19.405,42,49,0.8571,1.0,22.17
R0004727,2025-12-19 18:41:00,Tech Park,Economy,21,0,0.632,1.747,11.917,42.668,79,59,1.339,1.1424,33.2
R0004728,2025-12-11 17:18:00,Airport,Economy,2,0,0.508,0.958,9.927,27.666,50,52,0.9615,1.0,22.35
R0004729,2025-01-06 02:28:00,University,Comfort,15,0,0.934,1.237,10.146,34.082,42,45,0.9333,1.0,31.86
R0004730,2025-05-05 10:22:00,South,Economy,22,0,0.493,1.146,5.534,15.958,31,41,0.7561,1.0,12.54
R0004731,2025-02-19 12:38:00,North,Economy,16,0,0.695,0.877,3.113,12.853,39,41,0.9512,1.0,9.74
R0004732,2025-09-09 06:48:00,North,Economy,18,0,0.414,1.667,4.915,20.062,47,50,0.94,1.0,15.51
R0004733,2025-09-17 13:41:00,Tech Park,Premium,6,0,0.554,0.91,5.159,16.567,56,56,1.0,1.0,20.52
R0004734,2025-07-25 15:00:00,Tech Park,Economy,19,1,0.138,1.365,9.124,26.312,69,49,1.4082,1.1714,25.0
R0004735,2025-12-06 12:22:00,Tech Park,Economy,10,0,0.288,1.654,4.961,15.738,64,42,1.5238,1.22,13.47
R0004736,2025-01-12 20:03:00,North,Economy,1,1,2.185,1.32,3.47,12.329,49,43,1.1395,1.0586,12.1
R0004737,2025-01-17 16:54:00,North,Premium,8,0,0.117,1.638,4.135,15.677,61,30,2.0333,1.434,27.51
R0004738,2025-12-07 05:45:00,University,Economy,8,0,2.303,2.033,9.614,39.891,68,39,1.7436,1.3123,42.64
R0004739,2025-01-09 03:34:00,South,Economy,12,0,0.67,0.864,11.337,26.655,42,50,0.84,1.0,18.95
R0004740,2025-12-18 05:01:00,South,Economy,6,0,0.074,1.147,5.879,17.611,35,47,0.7447,1.0,15.4
R0004741,2025-07-23 19:44:00,South,Comfort,11,0,1.218,1.27,6.234,22.852,37,49,0.7551,1.0,23.32
R0004742,2025-08-19 02:26:00,South,Economy,10,1,0.109,1.464,10.888,36.629,52,33,1.5758,1.2418,28.26
R0004743,2025-06-10 21:19:00,Tech Park,Economy,7,1,1.123,1.728,8.508,30.407,80,31,2.5806,1.6639,38.31
R0004744,2025-08-19 16:32:00,South,Economy,16,1,0.845,1.291,14.915,44.89,55,41,1.3415,1.1434,38.14
R0004745,2025-03-16 15:29:00,University,Economy,7,0,0.628,1.606,7.123,28.151,62,46,1.3478,1.1461,22.32
R0004746,2025-02-08 00:04:00,Tech Park,Comfort,18,0,0.755,2.067,4.917,19.151,62,57,1.0877,1.0368,21.77
R0004747,2025-02-18 06:57:00,North,Economy,6,0,0.793,1.411,14.119,49.784,40,36,1.1111,1.0467,36.43
R0004748,2025-03-03 09:40:00,Central,Economy,20,0,0.475,1.657,6.546,27.36,69,53,1.3019,1.1268,21.9
R0004749,2025-11-08 09:20:00,South,Comfort,8,1,2.434,1.947,5.034,23.048,73,32,2.2812,1.5381,39.26
R0004750,2025-06-11 12:39:00,South,Economy,0,1,1.756,1.283,12.693,41.29,57,35,1.6286,1.264,39.3
R0004751,2025-02-15 05:56:00,South,Comfort,3,0,1.178,1.104,17.237,51.945,43,49,0.8776,1.0,52.96
R0004752,2025-04-02 09:57:00,University,Economy,19,1,0.415,1.647,8.592,29.927,63,44,1.4318,1.1814,24.52
R0004753,2025-09-11 19:15:00,Airport,Premium,20,1,0.375,1.741,4.471,21.614,68,47,1.4468,1.1877,31.6
R0004754,2025-05-14 02:12:00,Central,Economy,5,0,0.789,0.899,18.068,51.881,55,50,1.1,1.042,37.2
R0004755,2025-10-29 20:37:00,University,Comfort,14,1,0.379,1.184,9.556,33.024,45,41,1.0976,1.041,34.98
R0004756,2025-01-08 14:24:00,University,Economy,13,0,0.48,1.254,8.766,29.878,36,55,0.6545,1.0,18.82
R0004757,2025-01-09 03:34:00,North,Economy,3,0,1.196,1.318,6.22,20.316,40,33,1.2121,1.0891,15.29
R0004758,2025-10-10 22:57:00,Central,Comfort,10,0,1.81,1.852,14.46,53.356,71,52,1.3654,1.1535,65.09
R0004759,2025-09-29 18:15:00,North,Economy,16,0,0.806,1.241,4.222,17.211,42,34,1.2353,1.0988,15.95
R0004760,2025-02-02 17:19:00,North,Comfort,23,0,0.713,1.362,4.007,14.422,36,46,0.7826,1.0,13.19
R0004761,2025-09-07 09:27:00,North,Economy,20,1,0.068,1.552,22.021,74.69,72,56,1.2857,1.12,52.1
R0004762,2025-03-17 17:17:00,Central,Economy,2,0,1.148,1.211,4.834,14.61,63,29,2.1724,1.4924,16.33
R0004763,2025-07-18 04:59:00,Central,Comfort,5,0,1.258,1.61,13.168,47.223,61,44,1.3864,1.1623,51.67
R0004764,2025-09-27 19:03:00,South,Economy,10,0,1.512,1.877,16.579,60.807,51,39,1.3077,1.1292,50.92
R0004765,2025-01-29 23:24:00,South,Premium,3,0,3.0,1.359,8.72,30.752,47,48,0.9792,1.0,47.02
R0004766,2025-12-30 05:29:00,Tech Park,Economy,13,1,0.362,1.222,4.785,21.877,49,42,1.1667,1.07,18.59
R0004767,2025-11-28 08:54:00,North,Economy,0,0,2.011,1.434,10.983,38.546,51,49,1.0408,1.0171,29.99
R0004768,2025-04-23 07:10:00,Central,Comfort,2,1,1.853,1.216,16.701,56.963,70,32,2.1875,1.4988,85.15
R0004769,2025-11-28 14:10:00,Central,Economy,1,0,0.725,0.932,9.378,26.58,39,44,0.8864,1.0,20.57
R0004770,2025-07-15 19:56:00,University,Economy,7,0,0.11,1.613,5.152,20.63,50,42,1.1905,1.08,13.96
R0004771,2025-05-05 15:05:00,North,Economy,18,0,1.682,1.842,9.192,37.497,66,37,1.7838,1.3292,41.75
R0004772,2025-11-15 18:13:00,South,Economy,4,0,2.062,1.147,3.627,15.508,42,46,0.913,1.0,14.72
R0004773,2025-05-03 17:33:00,South,Economy,23,1,0.165,1.014,4.547,17.554,49,43,1.1395,1.0586,16.48
R0004774,2025-06-06 11:11:00,University,Economy,6,0,1.063,1.164,6.738,22.016,46,39,1.1795,1.0754,18.35
R0004775,2025-07-19 17:36:00,Central,Economy,1,0,0.677,1.111,8.035,27.515,66,53,1.2453,1.103,24.66
R0004776,2025-03-20 10:39:00,North,Economy,8,0,0.642,1.754,4.01,13.462,47,47,1.0,1.0,8.94
R0004777,2025-11-16 13:44:00,Tech Park,Economy,17,1,0.073,1.246,8.912,32.743,63,38,1.6579,1.2763,26.25
R0004778,2025-11-12 21:19:00,Central,Economy,2,0,1.648,1.097,10.349,30.267,54,52,1.0385,1.0162,19.18
R0004779,2025-12-07 06:18:00,South,Economy,1,0,0.419,0.988,6.903,24.205,33,44,0.75,1.0,15.98
R0004780,2025-11-13 19:16:00,North,Comfort,20,1,2.698,2.274,2.37,13.237,76,35,2.1714,1.492,26.88
R0004781,2025-04-02 00:09:00,University,Comfort,14,0,0.512,1.518,8.227,31.266,38,46,0.8261,1.0,28.62
R0004782,2025-08-01 22:05:00,Tech Park,Economy,8,0,0.364,1.616,21.077,78.21,77,36,2.1389,1.4783,78.14
R0004783,2025-07-23 01:36:00,Airport,Economy,18,0,0.409,1.632,9.992,38.157,63,50,1.26,1.1092,34.87
R0004784,2025-10-21 09:32:00,Tech Park,Economy,20,0,0.538,1.207,7.835,22.682,79,47,1.6809,1.286,20.58
R0004785,2025-05-14 00:27:00,Tech Park,Economy,8,1,0.523,1.807,6.329,25.493,62,38,1.6316,1.2653,26.81
R0004786,2025-07-14 06:40:00,South,Economy,13,0,1.653,1.378,10.67,31.718,41,48,0.8542,1.0,26.03
R0004787,2025-03-21 14:33:00,Central,Premium,0,1,0.518,1.144,8.711,27.63,67,43,1.5581,1.2344,41.56
R0004788,2025-07-11 06:28:00,Central,Comfort,7,0,1.876,1.663,11.462,40.273,77,30,2.5667,1.658,70.48
R0004789,2025-01-02 01:16:00,South,Economy,14,0,1.621,1.648,4.25,17.571,38,42,0.9048,1.0,14.52
R0004790,2025-01-06 03:31:00,North,Economy,4,0,1.449,1.534,8.304,27.543,54,45,1.2,1.084,25.5
R0004791,2025-04-18 02:47:00,University,Comfort,23,0,1.244,1.277,6.028,18.654,44,39,1.1282,1.0538,17.67
R0004792,2025-09-14 13:09:00,Central,Premium,23,0,0.198,1.214,9.529,31.973,53,52,1.0192,1.0081,37.48
R0004793,2025-04-30 17:54:00,South,Economy,6,0,1.316,1.246,2.664,12.368,38,47,0.8085,1.0,10.21
R0004794,2025-09-08 09:47:00,Central,Comfort,9,0,1.626,1.99,6.259,24.925,73,44,1.6591,1.2768,39.75
R0004795,2025-08-27 22:02:00,South,Economy,4,1,1.969,1.119,10.468,38.028,42,44,0.9545,1.0,25.75
R0004796,2025-04-19 21:20:00,Airport,Comfort,12,0,0.081,0.605,11.439,30.081,45,46,0.9783,1.0,26.07
R0004797,2025-08-24 00:36:00,North,Economy,2,1,1.562,1.053,7.639,25.489,39,32,1.2188,1.0919,23.52
R0004798,2025-05-30 10:56:00,Central,Economy,9,0,0.085,1.42,2.367,9.962,79,47,1.6809,1.286,10.08
R0004799,2025-12-24 03:40:00,South,Economy,13,0,1.112,1.084,11.053,33.593,44,41,1.0732,1.0307,24.66
R0004800,2025-01-07 15:26:00,Central,Economy,14,0,0.957,1.253,18.565,62.215,53,51,1.0392,1.0165,40.71
R0004801,2025-08-31 00:28:00,Tech Park,Economy,14,1,0.249,0.998,4.897,13.737,51,43,1.186,1.0781,10.74
R0004802,2025-10-29 21:50:00,Airport,Economy,5,0,0.712,1.123,6.146,15.398,37,56,0.6607,1.0,15.21
R0004803,2025-02-25 21:16:00,South,Comfort,19,0,0.584,1.442,12.105,40.873,63,43,1.4651,1.1953,39.6
R0004804,2025-12-23 20:41:00,South,Economy,16,0,1.008,0.953,12.284,36.064,50,47,1.0638,1.0268,26.21
R0004805,2025-08-04 05:11:00,Airport,Comfort,18,0,0.685,1.681,14.202,53.241,63,50,1.26,1.1092,48.46
R0004806,2025-07-26 07:12:00,Airport,Economy,11,1,0.893,1.063,13.573,38.84,66,46,1.4348,1.1826,33.76
R0004807,2025-03-02 09:59:00,Central,Comfort,21,0,0.489,1.639,3.344,14.167,62,39,1.5897,1.2477,17.74
R0004808,2025-08-06 15:53:00,South,Economy,9,1,3.0,2.188,5.968,25.718,74,38,1.9474,1.3979,30.88
R0004809,2025-02-26 04:31:00,University,Economy,19,0,0.914,2.01,10.963,43.412,74,47,1.5745,1.2413,40.22
R0004810,2025-05-28 03:22:00,Airport,Economy,4,0,0.413,1.071,7.408,25.727,48,52,0.9231,1.0,15.25
R0004811,2025-12-05 10:29:00,Tech Park,Premium,5,0,0.387,1.396,9.5,32.195,55,40,1.375,1.1575,46.74
R0004812,2025-03-27 06:02:00,Tech Park,Economy,12,0,1.26,1.3,7.23,24.426,44,46,0.9565,1.0,20.62
R0004813,2025-03-07 04:54:00,Tech Park,Economy,13,0,3.0,1.664,6.112,23.666,63,56,1.125,1.0525,20.35
R0004814,2025-01-03 07:47:00,North,Comfort,17,0,1.769,2.058,6.8,27.112,66,31,2.129,1.4742,45.47
R0004815,2025-06-24 03:30:00,University,Economy,7,0,0.65,1.797,4.191,13.515,72,36,2.0,1.42,15.9
R0004816,2025-09-25 21:12:00,North,Economy,20,0,0.066,1.418,5.218,17.581,59,42,1.4048,1.17,14.8
R0004817,2025-11-28 04:05:00,Tech Park,Economy,7,0,0.267,1.793,7.487,27.689,70,37,1.8919,1.3746,31.87
R0004818,2025-02-08 15:20:00,Central,Comfort,12,1,0.353,0.996,7.562,22.169,62,32,1.9375,1.3938,27.27
R0004819,2025-08-10 12:05:00,Tech Park,Premium,22,0,0.06,1.065,10.614,32.171,48,50,0.96,1.0,39.42
R0004820,2025-02-28 20:26:00,University,Premium,12,0,0.55,1.123,6.64,21.846,48,49,0.9796,1.0,29.93
R0004821,2025-06-17 17:50:00,University,Economy,16,0,1.132,1.41,19.525,64.319,52,45,1.1556,1.0653,46.31
R0004822,2025-04-06 21:38:00,Central,Economy,21,0,0.448,1.701,15.279,56.795,74,45,1.6444,1.2707,49.66
R0004823,2025-05-03 07:03:00,Tech Park,Comfort,23,0,1.376,0.998,5.893,20.492,57,48,1.1875,1.0788,20.95
R0004824,2025-07-09 17:06:00,Airport,Economy,11,1,0.381,1.445,8.661,24.659,57,44,1.2955,1.1241,20.34
R0004825,2025-02-15 21:55:00,Tech Park,Economy,10,0,0.127,1.723,15.136,51.544,73,44,1.6591,1.2768,45.96
R0004826,2025-11-15 04:38:00,Central,Premium,4,1,0.314,0.957,5.461,11.848,60,41,1.4634,1.1946,18.78
R0004827,2025-11-10 11:02:00,South,Economy,12,0,0.275,0.845,5.149,15.149,40,47,0.8511,1.0,11.94
R0004828,2025-04-04 23:25:00,North,Economy,22,1,0.088,1.187,15.873,49.312,42,36,1.1667,1.07,31.44
R0004829,2025-10-21 01:37:00,Airport,Comfort,11,0,0.209,0.854,11.362,33.374,34,40,0.85,1.0,26.17
R0004830,2025-08-27 04:52:00,Central,Comfort,8,1,0.044,1.702,14.022,52.384,65,38,1.7105,1.2984,58.23
R0004831,2025-12-02 04:48:00,Airport,Premium,2,0,0.039,1.199,9.239,29.767,44,50,0.88,1.0,34.4
R0004832,2025-10-04 06:49:00,North,Economy,9,0,0.438,1.512,6.752,22.692,66,32,2.0625,1.4462,26.77
R0004833,2025-10-10 17:14:00,Tech Park,Economy,5,0,0.346,0.929,3.713,12.036,44,40,1.1,1.042,9.69
R0004834,2025-07-05 21:23:00,Tech Park,Comfort,23,0,2.891,1.436,8.375,27.804,60,51,1.1765,1.0741,34.26
R0004835,2025-06-28 20:41:00,Tech Park,Comfort,12,0,0.221,0.862,15.297,40.814,41,31,1.3226,1.1355,36.62
R0004836,2025-03-25 01:41:00,Tech Park,Premium,3,0,0.408,1.115,15.396,49.756,43,54,0.7963,1.0,58.67
R0004837,2025-03-12 17:44:00,North,Economy,1,1,0.766,1.205,13.998,45.466,58,43,1.3488,1.1465,34.08
R0004838,2025-07-15 05:04:00,North,Economy,20,1,1.457,1.943,11.977,49.023,77,38,2.0263,1.4311,53.13
R0004839,2025-11-18 14:13:00,North,Economy,22,0,1.912,1.194,26.209,79.107,47,44,1.0682,1.0286,58.24
R0004840,2025-07-02 14:45:00,Airport,Economy,18,1,0.775,1.841,3.309,9.907,71,36,1.9722,1.4083,12.98
R0004841,2025-03-16 12:55:00,South,Premium,2,0,0.558,0.923,8.82,24.439,34,37,0.9189,1.0,27.34
R0004842,2025-08-03 00:42:00,Tech Park,Premium,2,0,0.294,1.204,4.64,16.639,56,47,1.1915,1.0804,23.0
R0004843,2025-06-20 22:05:00,South,Economy,4,0,0.687,0.856,18.244,54.066,49,54,0.9074,1.0,37.05
R0004844,2025-04-01 10:02:00,Tech Park,Premium,18,0,1.792,2.155,5.732,24.379,71,45,1.5778,1.2427,43.14
R0004845,2025-08-29 10:02:00,Airport,Economy,18,0,0.665,1.576,13.527,47.665,67,35,1.9143,1.384,46.19
R0004846,2025-05-05 11:16:00,Tech Park,Comfort,20,0,0.934,1.826,6.067,25.233,82,39,2.1026,1.4631,37.82
R0004847,2025-11-06 18:06:00,Central,Economy,2,0,1.316,1.359,9.788,31.86,57,56,1.0179,1.0075,23.18
R0004848,2025-10-23 15:46:00,University,Comfort,3,0,0.867,0.928,7.318,24.595,46,38,1.2105,1.0884,23.88
R0004849,2025-11-04 23:30:00,Central,Comfort,21,0,1.011,1.882,7.709,34.005,87,41,2.122,1.4712,51.81
R0004850,2025-12-04 03:28:00,North,Economy,22,0,0.844,1.053,9.332,26.645,45,45,1.0,1.0,23.43
R0004851,2025-05-14 01:43:00,North,Comfort,17,1,0.196,1.53,12.881,44.099,61,29,2.1034,1.4634,59.65
R0004852,2025-09-26 12:45:00,Central,Economy,2,0,0.703,1.006,7.315,19.691,61,44,1.3864,1.1623,18.1
R0004853,2025-02-14 10:43:00,Central,Comfort,1,0,0.777,1.43,12.683,40.796,51,55,0.9273,1.0,40.23
R0004854,2025-09-23 03:08:00,Central,Economy,1,0,2.372,1.216,13.747,44.758,64,46,1.3913,1.1643,41.11
R0004855,2025-06-28 18:33:00,South,Economy,16,1,0.299,1.131,6.176,16.39,53,38,1.3947,1.1658,13.37
R0004856,2025-05-08 21:22:00,University,Comfort,20,0,0.744,1.572,21.908,73.965,64,43,1.4884,1.2051,81.05
R0004857,2025-11-15 14:58:00,Central,Comfort,15,0,0.436,1.275,11.703,40.49,74,48,1.5417,1.2275,40.08
R0004858,2025-05-13 21:32:00,North,Premium,6,1,2.217,1.817,6.127,24.015,58,43,1.3488,1.1465,39.51
R0004859,2025-04-16 14:01:00,University,Economy,18,1,1.6,1.725,10.889,41.472,74,39,1.8974,1.3769,45.88
R0004860,2025-08-24 10:16:00,North,Economy,1,0,0.732,1.157,13.751,40.367,36,40,0.9,1.0,27.05
R0004861,2025-07-16 09:47:00,Tech Park,Economy,19,0,1.658,1.779,10.744,39.921,85,47,1.8085,1.3396,39.75
R0004862,2025-10-14 00:01:00,North,Comfort,21,0,0.098,1.754,8.68,36.389,41,33,1.2424,1.1018,34.67
R0004863,2025-02-27 14:46:00,North,Premium,17,0,0.048,1.514,1.164,3.927,53,39,1.359,1.1508,6.5
R0004864,2025-12-28 20:48:00,Central,Comfort,21,1,1.381,1.962,4.563,17.388,77,43,1.7907,1.3321,26.9
R0004865,2025-09-29 06:08:00,Central,Economy,14,0,0.969,1.103,11.282,36.485,55,43,1.2791,1.1172,27.25
R0004866,2025-05-03 23:34:00,South,Comfort,11,0,0.891,1.564,4.513,14.773,34,41,0.8293,1.0,15.47
R0004867,2025-08-10 12:47:00,Tech Park,Economy,7,0,0.315,1.212,10.305,34.822,60,35,1.7143,1.3,30.87
R0004868,2025-01-02 10:03:00,Central,Premium,22,0,0.075,1.081,12.637,35.067,49,47,1.0426,1.0179,41.33
R0004869,2025-09-27 23:58:00,University,Economy,16,0,0.886,1.158,7.301,18.316,39,43,0.907,1.0,12.36
R0004870,2025-01-19 10:14:00,Central,Economy,4,0,0.128,1.015,2.943,10.763,41,38,1.0789,1.0332,7.13
R0004871,2025-04-16 20:13:00,North,Economy,22,0,1.03,1.237,5.18,15.409,39,39,1.0,1.0,12.56
R0004872,2025-10-21 07:17:00,University,Comfort,1,0,0.155,1.038,11.321,33.454,48,43,1.1163,1.0488,31.24
R0004873,2025-09-04 21:34:00,University,Economy,14,0,0.748,1.174,15.508,50.696,35,51,0.6863,1.0,31.79
R0004874,2025-07-14 14:22:00,South,Economy,4,0,0.186,1.107,2.472,10.267,28,51,0.549,1.0,7.61
R0004875,2025-03-04 09:04:00,Central,Comfort,15,0,1.278,1.545,8.121,26.111,55,49,1.1224,1.0514,28.13
R0004876,2025-10-03 17:49:00,Central,Premium,9,0,0.853,1.206,3.466,13.299,97,35,2.7714,1.744,31.13
R0004877,2025-06-02 23:58:00,Central,Economy,10,1,0.687,2.006,8.164,31.498,98,48,2.0417,1.4375,34.71
R0004878,2025-08-27 14:50:00,Tech Park,Economy,16,1,0.228,1.502,7.125,26.119,48,51,0.9412,1.0,19.17
R0004879,2025-11-04 01:25:00,Central,Comfort,18,1,0.09,1.251,28.452,90.038,88,43,2.0465,1.4395,101.68
R0004880,2025-12-30 01:05:00,Tech Park,Economy,9,0,0.892,1.719,5.776,18.472,70,31,2.2581,1.5284,26.05
R0004881,2025-07-06 15:23:00,Central,Economy,23,0,0.325,1.305,13.83,43.628,51,57,0.8947,1.0,28.0
R0004882,2025-08-10 19:00:00,North,Economy,11,0,0.645,1.281,13.53,38.667,42,40,1.05,1.021,31.06
R0004883,2025-11-25 06:03:00,Central,Economy,3,0,0.608,1.411,6.978,24.584,45,53,0.8491,1.0,13.75
R0004884,2025-06-16 23:00:00,North,Economy,0,0,0.569,1.169,8.293,27.615,30,43,0.6977,1.0,15.84
R0004885,2025-10-26 05:02:00,South,Economy,4,0,0.581,0.739,7.77,20.757,41,49,0.8367,1.0,14.71
R0004886,2025-10-01 05:57:00,University,Economy,16,0,0.191,1.269,5.16,17.39,40,36,1.1111,1.0467,15.19
R0004887,2025-07-12 12:24:00,University,Comfort,12,0,1.093,1.311,4.92,14.927,56,54,1.037,1.0156,16.49
R0004888,2025-12-22 00:15:00,Tech Park,Economy,8,0,1.06,2.005,6.2,27.54,83,49,1.6939,1.2914,28.17
R0004889,2025-05-05 04:14:00,Central,Economy,11,0,0.286,0.775,4.153,9.922,40,56,0.7143,1.0,8.84
R0004890,2025-12-16 01:02:00,University,Economy,20,0,0.23,1.372,5.899,19.79,56,30,1.8667,1.364,19.73
R0004891,2025-09-30 20:16:00,University,Comfort,13,1,0.848,1.156,6.976,19.797,53,49,1.0816,1.0343,23.6
R0004892,2025-07-25 14:43:00,University,Comfort,1,0,0.138,1.265,8.491,28.552,24,43,0.5581,1.0,23.95
R0004893,2025-10-01 22:57:00,North,Economy,1,0,0.857,1.444,9.915,36.282,26,50,0.52,1.0,28.43
R0004894,2025-04-11 16:01:00,Central,Comfort,11,0,1.987,1.227,6.973,18.499,62,37,1.6757,1.2838,24.91
R0004895,2025-07-09 12:26:00,Tech Park,Comfort,9,0,1.081,1.671,5.089,20.6,78,43,1.814,1.3419,27.92
R0004896,2025-09-20 03:07:00,North,Comfort,20,0,2.074,2.44,9.816,45.575,65,36,1.8056,1.3383,67.07
R0004897,2025-02-20 02:41:00,Central,Economy,13,0,0.649,1.017,12.002,36.765,51,45,1.1333,1.056,27.88
R0004898,2025-12-27 23:17:00,North,Economy,18,1,0.647,1.788,5.946,21.243,56,26,2.1538,1.4846,27.19
R0004899,2025-04-27 19:03:00,South,Economy,14,0,0.72,1.048,4.525,14.724,34,55,0.6182,1.0,11.3
R0004900,2025-09-30 08:48:00,Central,Economy,8,0,0.934,1.804,6.077,22.075,84,43,1.9535,1.4005,25.9
R0004901,2025-06-24 19:08:00,Tech Park,Economy,15,0,0.886,1.003,7.03,26.228,68,47,1.4468,1.1877,22.11
R0004902,2025-11-13 12:48:00,South,Premium,14,1,0.24,0.892,14.582,44.29,48,39,1.2308,1.0969,55.15
R0004903,2025-12-11 12:52:00,North,Economy,17,0,0.596,1.591,11.377,42.184,60,33,1.8182,1.3436,42.04
R0004904,2025-02-10 04:22:00,Airport,Economy,4,1,1.572,1.185,7.754,29.946,57,32,1.7812,1.3281,27.12
R0004905,2025-10-10 10:11:00,University,Premium,15,0,0.182,0.978,22.096,68.121,34,33,1.0303,1.0127,71.75
R0004906,2025-07-28 08:02:00,North,Economy,6,0,0.719,1.224,7.621,24.785,39,46,0.8478,1.0,16.86
R0004907,2025-10-11 17:12:00,North,Economy,18,1,0.919,2.056,16.904,65.748,68,45,1.5111,1.2147,57.33
R0004908,2025-11-24 12:12:00,North,Premium,19,0,0.919,1.609,15.206,58.662,71,37,1.9189,1.3859,100.77
R0004909,2025-03-16 14:04:00,Central,Economy,14,0,0.087,0.838,14.627,40.274,48,42,1.1429,1.06,26.74
R0004910,2025-11-07 09:51:00,Tech Park,Economy,22,1,0.175,1.033,9.269,28.264,55,40,1.375,1.1575,21.34
R0004911,2025-02-26 13:49:00,Airport,Economy,12,0,1.525,1.121,8.283,24.146,51,41,1.2439,1.1024,20.52
R0004912,2025-04-26 02:58:00,University,Economy,0,0,1.505,0.977,7.79,19.935,36,48,0.75,1.0,16.36
R0004913,2025-12-21 18:57:00,Airport,Comfort,14,1,0.621,1.303,12.399,38.718,50,57,0.8772,1.0,33.02
R0004914,2025-03-13 08:23:00,University,Economy,18,1,0.813,1.711,5.032,17.242,73,36,2.0278,1.4317,16.81
R0004915,2025-04-15 22:25:00,South,Comfort,2,1,0.204,1.069,6.722,20.012,36,36,1.0,1.0,16.6
R0004916,2025-10-10 10:24:00,Airport,Economy,2,1,0.122,0.675,19.43,53.827,43,39,1.1026,1.0431,36.79
R0004917,2025-08-28 04:14:00,South,Premium,6,0,0.052,0.904,10.945,32.321,37,50,0.74,1.0,30.51
R0004918,2025-10-28 12:10:00,Central,Economy,20,1,0.118,1.316,13.128,45.327,92,35,2.6286,1.684,51.54
R0004919,2025-10-02 22:56:00,University,Premium,12,0,0.812,1.142,3.968,13.821,52,49,1.0612,1.0257,17.8
R0004920,2025-03-28 16:33:00,Tech Park,Economy,23,0,0.536,1.121,6.125,20.285,63,47,1.3404,1.143,18.4
R0004921,2025-07-10 18:40:00,North,Comfort,20,0,0.683,1.697,9.333,33.455,55,46,1.1957,1.0822,32.33
R0004922,2025-01-22 17:40:00,North,Comfort,13,1,0.672,1.001,7.593,27.808,41,41,1.0,1.0,19.68
R0004923,2025-01-28 03:59:00,University,Economy,16,0,0.169,0.877,3.959,11.636,39,39,1.0,1.0,7.83
R0004924,2025-10-14 12:14:00,Tech Park,Economy,7,1,0.857,1.67,11.797,44.442,105,36,2.9167,1.805,56.74
R0004925,2025-05-03 13:10:00,North,Economy,2,0,1.692,1.369,14.049,44.047,31,30,1.0333,1.014,34.12
R0004926,2025-06-29 23:22:00,North,Economy,9,0,0.172,1.477,6.64,22.91,50,37,1.3514,1.1476,16.23
R0004927,2025-12-07 00:29:00,Central,Economy,14,0,0.576,0.935,12.033,40.147,60,60,1.0,1.0,26.89
R0004928,2025-09-13 05:02:00,Tech Park,Economy,4,0,1.122,1.041,23.712,72.599,44,56,0.7857,1.0,48.0
R0004929,2025-07-23 14:24:00,South,Premium,5,0,1.501,1.152,17.974,52.862,45,45,1.0,1.0,64.97
R0004930,2025-07-21 08:34:00,Tech Park,Premium,0,0,0.947,1.089,6.805,19.479,63,38,1.6579,1.2763,32.34
R0004931,2025-12-14 01:39:00,South,Economy,17,0,0.204,1.389,4.234,18.702,49,34,1.4412,1.1853,16.25
R0004932,2025-05-13 16:09:00,South,Economy,21,0,0.042,1.477,8.816,30.839,59,35,1.6857,1.288,28.0
R0004933,2025-03-01 00:33:00,North,Economy,19,0,0.437,1.851,28.243,103.23,67,31,2.1613,1.4877,103.62
R0004934,2025-12-04 05:27:00,Tech Park,Comfort,9,0,0.512,1.589,16.215,54.929,63,40,1.575,1.2415,61.29
R0004935,2025-01-25 20:04:00,North,Premium,14,0,1.502,1.047,7.742,23.565,48,46,1.0435,1.0183,35.25
R0004936,2025-11-07 16:27:00,Tech Park,Economy,23,0,0.395,0.665,18.343,52.575,51,53,0.9623,1.0,27.37
R0004937,2025-08-29 17:32:00,Central,Economy,14,0,0.166,1.36,14.773,47.327,53,50,1.06,1.0252,28.18
R0004938,2025-03-12 10:38:00,Tech Park,Economy,7,0,0.264,1.803,2.733,9.965,64,42,1.5238,1.22,12.97
R0004939,2025-04-12 13:34:00,University,Economy,8,0,0.939,1.77,13.928,52.329,76,34,2.2353,1.5188,53.11
R0004940,2025-05-26 18:04:00,Tech Park,Premium,17,0,0.615,1.87,8.292,29.392,78,34,2.2941,1.5435,61.46
R0004941,2025-07-28 16:58:00,Central,Comfort,10,0,0.519,1.738,4.823,16.456,68,34,2.0,1.42,24.96
R0004942,2025-07-04 18:04:00,Tech Park,Economy,20,0,1.534,1.812,8.168,30.841,64,34,1.8824,1.3706,31.06
R0004943,2025-05-14 17:19:00,Central,Economy,20,0,0.015,1.33,9.756,32.593,65,40,1.625,1.2625,29.25
R0004944,2025-07-19 13:53:00,Airport,Economy,0,0,1.312,1.58,5.019,16.748,60,47,1.2766,1.1162,18.01
R0004945,2025-04-01 23:00:00,Tech Park,Comfort,17,0,1.255,1.697,7.272,27.94,70,39,1.7949,1.3338,37.73
R0004946,2025-01-01 16:53:00,Tech Park,Comfort,8,1,0.711,1.609,6.476,24.114,78,36,2.1667,1.49,34.84
R0004947,2025-02-02 05:28:00,Airport,Economy,12,0,0.669,1.127,12.03,33.346,50,50,1.0,1.0,25.89
R0004948,2025-05-05 05:22:00,University,Economy,6,0,0.683,1.133,6.581,23.046,47,54,0.8704,1.0,13.35
R0004949,2025-07-21 12:48:00,North,Premium,8,1,1.254,1.879,3.05,11.37,74,32,2.3125,1.5512,28.53
R0004950,2025-02-10 19:45:00,University,Comfort,7,0,0.158,1.661,6.073,24.299,47,27,1.7407,1.3111,26.94
R0004951,2025-01-20 16:59:00,Tech Park,Economy,1,0,1.031,1.082,4.616,19.782,61,49,1.2449,1.1029,17.3
R0004952,2025-10-08 06:53:00,University,Economy,18,1,1.285,1.786,3.813,14.956,82,39,2.1026,1.4631,19.27
R0004953,2025-09-20 03:17:00,Tech Park,Premium,3,0,0.549,1.196,14.868,45.681,41,39,1.0513,1.0215,54.54
R0004954,2025-06-27 17:20:00,University,Comfort,9,1,0.311,1.487,12.085,44.579,58,38,1.5263,1.2211,51.44
R0004955,2025-04-06 23:46:00,South,Premium,4,0,0.061,1.271,4.564,13.942,31,38,0.8158,1.0,15.09
R0004956,2025-08-17 01:43:00,Central,Economy,3,0,0.68,1.119,3.865,17.261,60,48,1.25,1.105,15.45
R0004957,2025-02-21 16:02:00,North,Economy,8,0,0.045,1.846,7.342,27.048,60,43,1.3953,1.166,22.84
R0004958,2025-01-04 22:25:00,Tech Park,Economy,22,0,0.191,0.784,3.751,10.31,45,47,0.9574,1.0,8.6
R0004959,2025-10-31 00:59:00,Central,Comfort,22,1,0.332,1.178,6.799,27.45,59,44,1.3409,1.1432,29.06
R0004960,2025-10-07 05:04:00,University,Comfort,9,0,1.311,1.626,8.075,30.011,76,42,1.8095,1.34,41.86
R0004961,2025-11-26 03:35:00,Central,Economy,12,0,0.191,0.92,9.184,31.079,56,51,1.098,1.0412,22.11
R0004962,2025-10-29 22:00:00,University,Premium,23,0,0.315,1.22,9.366,30.351,47,60,0.7833,1.0,33.84
R0004963,2025-02-16 05:37:00,North,Premium,5,0,1.135,1.163,5.056,16.65,29,48,0.6042,1.0,23.23
R0004964,2025-01-21 22:49:00,Tech Park,Economy,22,0,0.417,1.543,8.075,22.208,48,47,1.0213,1.0089,18.44
R0004965,2025-12-14 06:00:00,University,Comfort,2,1,0.654,1.211,15.71,52.103,40,40,1.0,1.0,46.44
R0004966,2025-11-19 13:42:00,North,Comfort,5,0,0.106,0.894,2.451,9.235,38,46,0.8261,1.0,10.41
R0004967,2025-06-21 07:21:00,Tech Park,Economy,8,1,0.14,1.669,9.292,33.483,73,35,2.0857,1.456,34.04
R0004968,2025-07-26 13:49:00,Central,Comfort,0,0,0.571,1.06,4.063,14.792,57,48,1.1875,1.0788,13.6
R0004969,2025-02-13 15:13:00,Tech Park,Economy,19,0,0.648,1.816,16.813,62.008,65,46,1.413,1.1735,49.55
R0004970,2025-03-21 07:29:00,Tech Park,Premium,20,0,0.71,1.624,12.175,41.193,71,29,2.4483,1.6083,81.78
R0004971,2025-05-15 18:21:00,Central,Comfort,9,0,1.529,1.898,11.963,46.127,73,38,1.9211,1.3868,65.05
R0004972,2025-03-27 03:41:00,Airport,Premium,20,0,0.308,1.641,4.858,17.816,64,40,1.6,1.252,28.25
R0004973,2025-07-20 12:23:00,North,Comfort,18,0,0.076,1.578,8.981,33.586,50,41,1.2195,1.0922,36.36
R0004974,2025-05-22 04:19:00,Central,Economy,19,1,1.162,1.947,9.548,36.257,92,56,1.6429,1.27,36.77
R0004975,2025-04-06 20:45:00,Tech Park,Economy,19,1,0.744,1.359,2.108,7.227,81,53,1.5283,1.2219,8.93
R0004976,2025-03-28 01:06:00,Central,Comfort,13,1,1.097,1.215,8.42,26.258,59,43,1.3721,1.1563,29.76
R0004977,2025-10-12 23:58:00,University,Economy,2,1,0.742,1.007,10.884,31.187,46,38,1.2105,1.0884,24.4
R0004978,2025-08-24 11:09:00,University,Comfort,22,1,0.345,0.819,3.569,10.152,52,43,1.2093,1.0879,14.81
R0004979,2025-02-12 21:04:00,University,Economy,14,0,0.345,0.911,10.817,33.002,37,47,0.7872,1.0,22.52
R0004980,2025-10-04 07:21:00,South,Economy,21,0,0.269,1.487,8.206,27.043,62,36,1.7222,1.3033,24.19
R0004981,2025-11-19 19:58:00,Central,Economy,23,1,1.732,1.269,16.605,50.871,63,51,1.2353,1.0988,38.13
R0004982,2025-04-03 19:16:00,Tech Park,Comfort,4,1,3.0,1.601,6.189,24.345,69,34,2.0294,1.4324,40.58
R0004983,2025-06-02 08:02:00,Tech Park,Economy,9,1,0.989,1.826,8.565,32.046,81,45,1.8,1.336,37.04
R0004984,2025-02-10 01:02:00,University,Comfort,4,1,0.471,1.011,9.372,30.457,63,37,1.7027,1.2951,34.12
R0004985,2025-12-23 14:13:00,North,Economy,1,0,0.294,1.338,1.658,6.301,30,39,0.7692,1.0,5.14
R0004986,2025-09-21 07:54:00,Airport,Comfort,23,1,0.859,1.088,6.392,19.255,55,42,1.3095,1.13,22.93
R0004987,2025-06-13 10:34:00,University,Comfort,22,1,0.108,0.669,8.145,18.995,43,42,1.0238,1.01,17.5
R0004988,2025-02-01 13:01:00,Tech Park,Economy,22,0,0.96,1.111,2.125,5.378,57,42,1.3571,1.15,4.9
R0004989,2025-01-06 23:57:00,Central,Economy,21,1,0.275,1.608,11.255,38.036,87,41,2.122,1.4712,39.02
R0004990,2025-06-16 14:11:00,Tech Park,Economy,15,0,0.003,0.6,8.144,22.966,43,50,0.86,1.0,17.2
R0004991,2025-05-23 09:30:00,Airport,Economy,12,1,2.091,1.594,8.118,28.9,67,47,1.4255,1.1787,23.65
R0004992,2025-06-07 07:03:00,South,Comfort,23,0,1.189,1.196,11.55,34.664,28,48,0.5833,1.0,34.25
R0004993,2025-05-24 20:30:00,Central,Economy,13,1,0.09,0.809,6.197,12.346,62,44,1.4091,1.1718,9.52
R0004994,2025-12-14 05:56:00,North,Comfort,15,0,1.359,1.072,7.955,26.073,50,39,1.2821,1.1185,27.74
R0004995,2025-05-11 20:47:00,Central,Comfort,5,0,0.27,1.186,12.501,41.655,60,44,1.3636,1.1527,39.58
R0004996,2025-05-31 08:43:00,Central,Economy,17,0,1.336,1.95,8.009,33.311,61,56,1.0893,1.0375,29.67
R0004997,2025-10-02 17:43:00,North,Comfort,19,0,0.563,1.535,2.818,8.829,57,25,2.28,1.5376,17.54
R0004998,2025-05-08 14:02:00,Central,Comfort,16,0,0.601,0.864,7.991,26.011,62,53,1.1698,1.0713,22.07
R0004999,2025-08-02 15:17:00,North,Economy,11,1,0.649,1.14,8.046,27.038,52,50,1.04,1.0168,15.31
R0005000,2025-09-25 03:44:00,South,Comfort,4,0,0.568,1.159,12.747,41.423,37,49,0.7551,1.0,32.51
R0005001,2025-11-27 10:50:00,Tech Park,Premium,0,1,0.184,1.135,6.432,19.548,59,49,1.2041,1.0857,26.35
R0005002,2025-01-12 08:57:00,Tech Park,Economy,15,0,2.095,1.276,4.536,15.427,54,51,1.0588,1.0247,10.22
R0005003,2025-08-17 05:19:00,Central,Economy,16,0,0.983,1.155,4.545,19.307,37,50,0.74,1.0,13.37
R0005004,2025-07-13 14:55:00,Airport,Economy,18,1,0.132,1.577,17.175,63.427,73,39,1.8718,1.3662,58.31
R0005005,2025-08-02 08:29:00,Tech Park,Economy,22,0,0.316,1.231,9.107,29.593,45,47,0.9574,1.0,21.34
R0005006,2025-12-26 03:09:00,University,Economy,11,0,2.115,1.62,16.699,59.148,62,57,1.0877,1.0368,42.11
R0005007,2025-04-10 06:38:00,University,Economy,19,1,0.087,1.854,18.082,62.232,68,34,2.0,1.42,60.1
R0005008,2025-10-27 13:56:00,University,Comfort,17,1,0.953,1.956,5.161,23.308,93,50,1.86,1.3612,31.15
R0005009,2025-08-30 11:27:00,South,Economy,6,0,0.167,1.357,4.948,18.99,40,53,0.7547,1.0,12.62
R0005010,2025-06-01 20:58:00,University,Economy,20,1,0.261,1.779,7.241,28.056,65,35,1.8571,1.36,26.59
R0005011,2025-09-13 21:24:00,North,Comfort,1,1,0.566,0.996,10.891,31.719,36,41,0.878,1.0,27.13
R0005012,2025-10-13 03:48:00,Tech Park,Economy,14,0,0.879,1.434,3.594,13.394,48,43,1.1163,1.0488,11.75
R0005013,2025-01-17 05:49:00,University,Economy,22,0,0.669,0.873,9.976,32.575,43,37,1.1622,1.0681,21.66
R0005014,2025-07-21 15:20:00,Tech Park,Economy,15,0,2.044,1.794,9.702,36.976,68,43,1.5814,1.2442,35.61
R0005015,2025-01-19 22:32:00,North,Economy,22,0,1.081,1.019,4.183,19.488,46,31,1.4839,1.2032,19.0
R0005016,2025-01-11 15:47:00,North,Economy,1,1,1.607,1.449,4.264,17.28,56,45,1.2444,1.1027,16.03
R0005017,2025-03-18 14:46:00,Central,Economy,12,0,0.538,1.357,9.919,31.253,63,47,1.3404,1.143,22.78
R0005018,2025-03-15 01:20:00,Central,Comfort,18,0,1.146,1.839,24.292,88.367,87,43,2.0233,1.4298,120.24
R0005019,2025-08-02 03:35:00,Tech Park,Economy,15,0,1.621,0.923,6.605,18.659,57,55,1.0364,1.0153,12.67
R0005020,2025-10-30 07:40:00,Tech Park,Comfort,21,0,0.81,1.525,9.313,34.551,81,34,2.3824,1.5806,51.24
R0005021,2025-08-21 02:01:00,Central,Comfort,11,0,0.788,1.206,5.569,21.164,42,32,1.3125,1.1312,23.68
R0005022,2025-11-04 21:42:00,Tech Park,Economy,16,1,0.938,1.283,8.847,33.062,72,43,1.6744,1.2833,31.55
R0005023,2025-05-11 00:12:00,North,Economy,10,0,0.933,1.686,5.507,19.95,62,40,1.55,1.231,20.55
R0005024,2025-11-27 05:58:00,South,Comfort,20,0,0.828,1.712,6.737,26.146,49,37,1.3243,1.1362,27.18
R0005025,2025-03-31 06:13:00,North,Economy,2,0,1.273,0.965,29.875,90.059,36,41,0.878,1.0,57.16
R0005026,2025-09-27 13:55:00,South,Economy,6,0,0.528,1.414,8.239,31.705,43,47,0.9149,1.0,24.34
R0005027,2025-03-02 03:34:00,Tech Park,Economy,2,1,1.932,1.28,3.286,9.104,65,44,1.4773,1.2005,10.87
R0005028,2025-07-31 21:43:00,Tech Park,Comfort,16,1,0.026,1.147,11.063,36.325,55,59,0.9322,1.0,30.16
R0005029,2025-04-21 01:40:00,Tech Park,Economy,5,0,1.125,1.455,14.456,46.391,46,42,1.0952,1.04,36.06
R0005030,2025-08-13 11:16:00,North,Economy,7,0,1.844,1.674,11.263,39.292,67,41,1.6341,1.2663,42.42
R0005031,2025-06-15 12:23:00,Tech Park,Economy,20,0,0.311,1.629,7.048,22.834,66,50,1.32,1.1344,19.22
R0005032,2025-02-10 13:12:00,Central,Comfort,8,0,0.404,1.673,4.69,16.418,74,38,1.9474,1.3979,22.8
R0005033,2025-08-07 21:34:00,North,Economy,3,0,1.963,1.307,4.754,13.337,33,39,0.8462,1.0,15.51
R0005034,2025-09-29 18:50:00,South,Comfort,0,0,1.118,1.368,6.998,21.384,38,33,1.1515,1.0636,26.56
R0005035,2025-11-14 19:43:00,Tech Park,Economy,5,1,1.186,1.093,6.349,18.425,52,41,1.2683,1.1127,16.28
R0005036,2025-11-29 14:51:00,University,Economy,21,0,0.499,1.65,5.714,21.894,62,37,1.6757,1.2838,21.32
R0005037,2025-08-20 14:03:00,Central,Economy,13,0,0.458,1.016,15.156,45.73,57,49,1.1633,1.0686,33.7
R0005038,2025-08-24 00:33:00,Tech Park,Economy,23,0,0.501,1.509,12.892,40.847,42,48,0.875,1.0,29.25
R0005039,2025-07-19 09:22:00,Central,Economy,5,1,0.446,0.961,15.593,52.236,77,47,1.6383,1.2681,41.55
R0005040,2025-12-07 15:41:00,South,Comfort,8,0,0.509,1.776,5.035,18.346,62,37,1.6757,1.2838,25.45
R0005041,2025-05-07 05:08:00,Tech Park,Economy,3,0,1.019,1.507,4.681,14.168,63,42,1.5,1.21,13.78
R0005042,2025-07-01 23:00:00,Tech Park,Premium,9,1,0.43,1.462,8.106,29.471,91,38,2.3947,1.5858,58.99
R0005043,2025-06-07 07:39:00,University,Economy,13,0,0.169,1.048,9.759,30.188,37,50,0.74,1.0,21.23
R0005044,2025-05-01 02:41:00,Tech Park,Economy,19,1,1.769,1.691,8.08,27.888,102,47,2.1702,1.4915,34.86
R0005045,2025-08-24 08:32:00,Central,Economy,8,0,0.308,1.243,9.401,31.563,82,47,1.7447,1.3128,27.64
R0005046,2025-01-22 20:14:00,University,Comfort,18,1,0.404,1.481,18.574,61.487,67,37,1.8108,1.3405,69.88
R0005047,2025-08-21 12:19:00,University,Economy,15,1,0.103,0.916,6.889,20.334,56,46,1.2174,1.0913,12.14
R0005048,2025-11-02 09:48:00,North,Economy,7,0,0.797,1.602,12.109,46.031,51,43,1.186,1.0781,30.31
R0005049,2025-03-19 02:43:00,Airport,Economy,21,0,0.296,1.549,10.328,36.546,66,28,2.3571,1.57,35.57
R0005050,2025-03-29 09:17:00,Central,Economy,10,0,0.161,1.58,8.186,30.626,65,40,1.625,1.2625,29.27
R0005051,2025-10-23 14:51:00,Tech Park,Comfort,3,1,1.373,1.032,11.806,34.906,60,35,1.7143,1.3,41.35
R0005052,2025-04-19 00:11:00,University,Comfort,23,1,2.412,1.497,5.092,18.756,47,43,1.093,1.0391,20.03
R0005053,2025-10-30 20:34:00,Tech Park,Economy,21,0,0.349,1.831,4.559,16.245,62,30,2.0667,1.448,19.19
R0005054,2025-08-18 05:06:00,North,Comfort,1,1,1.13,1.443,9.856,31.999,35,45,0.7778,1.0,28.93
R0005055,2025-12-25 06:53:00,Airport,Economy,21,0,0.853,1.657,3.155,11.505,82,52,1.5769,1.2423,12.39
R0005056,2025-06-24 03:21:00,North,Premium,22,0,0.719,1.29,10.292,32.358,32,40,0.8,1.0,40.8
R0005057,2025-11-23 07:29:00,North,Premium,19,0,0.151,1.455,4.177,17.51,59,50,1.18,1.0756,22.69
R0005058,2025-12-03 14:36:00,Central,Comfort,6,0,0.784,1.079,17.901,55.893,56,54,1.037,1.0156,48.21
R0005059,2025-02-07 01:18:00,Airport,Premium,15,1,1.17,1.282,6.247,16.072,70,41,1.7073,1.2971,29.02
R0005060,2025-03-20 23:08:00,Central,Comfort,12,0,2.938,1.469,17.275,62.273,51,44,1.1591,1.0668,65.63
R0005061,2025-06-08 18:18:00,Central,Economy,14,0,0.034,0.779,6.917,21.669,53,52,1.0192,1.0081,15.09
R0005062,2025-04-10 09:24:00,Tech Park,Economy,14,0,1.117,1.351,6.757,25.629,49,44,1.1136,1.0477,22.78
R0005063,2025-01-21 23:22:00,North,Economy,15,1,0.718,0.98,12.507,37.18,55,41,1.3415,1.1434,27.76
R0005064,2025-12-21 16:12:00,North,Economy,12,1,0.514,0.999,9.126,24.67,55,34,1.6176,1.2594,22.12
R0005065,2025-10-08 14:44:00,South,Economy,16,0,1.782,1.511,7.488,23.557,51,47,1.0851,1.0357,18.57
R0005066,2025-05-08 19:55:00,University,Economy,12,0,0.342,1.158,6.22,24.13,35,35,1.0,1.0,15.2
R0005067,2025-11-15 11:25:00,Tech Park,Comfort,0,0,2.373,1.459,6.253,18.491,59,49,1.2041,1.0857,24.9
R0005068,2025-12-07 08:54:00,South,Economy,0,0,0.026,0.74,28.407,74.428,45,38,1.1842,1.0774,47.9
R0005069,2025-06-28 15:37:00,Tech Park,Economy,22,1,0.44,0.87,3.091,9.17,70,38,1.8421,1.3537,11.84
R0005070,2025-02-18 19:01:00,Tech Park,Economy,21,0,1.394,1.872,4.009,13.054,73,35,2.0857,1.456,18.58
R0005071,2025-03-09 20:57:00,Tech Park,Premium,14,0,0.753,1.249,14.839,48.848,41,46,0.8913,1.0,57.56
R0005072,2025-10-29 13:41:00,North,Economy,4,0,0.295,1.099,14.24,45.334,25,34,0.7353,1.0,31.85
R0005073,2025-06-17 16:13:00,South,Economy,18,0,0.363,1.53,4.677,18.08,54,39,1.3846,1.1615,12.89
R0005074,2025-07-05 15:20:00,North,Economy,3,1,0.964,1.082,2.963,8.949,62,36,1.7222,1.3033,9.72
R0005075,2025-02-17 20:12:00,North,Premium,9,0,0.253,1.634,15.639,55.922,76,43,1.7674,1.3223,86.29
R0005076,2025-01-13 04:56:00,Central,Economy,7,0,2.001,1.685,4.368,20.633,84,51,1.6471,1.2718,22.48
R0005077,2025-02-02 23:45:00,Central,Comfort,0,0,0.585,1.122,5.929,16.153,52,44,1.1818,1.0764,16.72
R0005078,2025-09-14 10:37:00,North,Economy,19,1,0.531,1.396,8.19,30.46,62,33,1.8788,1.3691,29.48
R0005079,2025-02-14 16:00:00,South,Economy,12,1,0.869,0.967,4.306,15.645,47,52,0.9038,1.0,14.41
R0005080,2025-11-03 15:14:00,North,Comfort,7,0,0.104,1.601,12.916,45.32,63,33,1.9091,1.3818,51.92
R0005081,2025-02-07 01:38:00,Airport,Economy,12,0,0.757,1.241,7.858,26.265,67,48,1.3958,1.1662,24.99
R0005082,2025-03-08 10:32:00,Central,Comfort,0,0,3.0,1.602,4.782,18.598,75,43,1.7442,1.3126,28.86
R0005083,2025-11-22 20:55:00,North,Economy,10,0,0.568,1.452,5.02,15.835,56,50,1.12,1.0504,13.69
R0005084,2025-07-14 04:07:00,Tech Park,Premium,12,0,0.732,0.795,15.853,41.12,45,49,0.9184,1.0,48.29
R0005085,2025-01-12 04:59:00,Central,Economy,8,1,1.238,1.771,6.664,27.189,90,55,1.6364,1.2673,27.62
R0005086,2025-03-12 11:00:00,Airport,Premium,19,1,1.96,1.561,10.891,35.539,78,33,2.3636,1.5727,80.09
R0005087,2025-04-14 02:42:00,Airport,Economy,5,0,0.749,1.305,7.725,23.5,40,42,0.9524,1.0,15.29
R0005088,2025-04-09 02:59:00,North,Economy,3,0,0.505,0.896,2.959,8.687,36,33,1.0909,1.0382,7.0
R0005089,2025-03-17 02:25:00,Central,Economy,12,0,1.354,1.646,11.714,42.527,55,53,1.0377,1.0158,33.57
R0005090,2025-05-07 12:35:00,North,Comfort,21,0,0.249,1.422,14.022,46.091,51,33,1.5455,1.2291,47.12
R0005091,2025-06-12 11:27:00,South,Comfort,9,0,1.92,1.979,21.399,79.77,71,38,1.8684,1.3647,105.85
R0005092,2025-02-02 07:44:00,University,Economy,1,0,1.511,1.139,2.731,11.84,43,45,0.9556,1.0,11.49
R0005093,2025-04-04 02:01:00,South,Economy,23,1,1.321,1.208,1.367,4.973,34,37,0.9189,1.0,5.06
R0005094,2025-12-25 20:14:00,Airport,Economy,10,0,0.904,1.746,11.04,38.757,71,45,1.5778,1.2427,37.49
R0005095,2025-04-02 06:35:00,North,Economy,4,1,1.1,1.353,5.587,20.245,61,31,1.9677,1.4065,21.36
R0005096,2025-02-28 15:17:00,Tech Park,Comfort,14,0,1.099,1.381,3.538,13.035,63,42,1.5,1.21,18.95
R0005097,2025-11-22 18:46:00,Central,Economy,7,0,0.823,1.829,8.241,31.27,76,48,1.5833,1.245,29.98
R0005098,2025-01-30 18:12:00,University,Economy,22,0,0.345,1.249,6.067,21.353,37,44,0.8409,1.0,13.99
R0005099,2025-08-30 07:55:00,South,Economy,7,1,1.128,1.642,3.85,14.464,72,36,2.0,1.42,15.86
R0005100,2025-01-23 08:02:00,Airport,Economy,13,0,0.146,1.143,7.422,25.785,57,44,1.2955,1.1241,19.03
R0005101,2025-04-19 02:32:00,Central,Premium,13,0,0.189,0.973,10.608,28.873,48,39,1.2308,1.0969,36.69
R0005102,2025-09-06 00:56:00,University,Economy,5,1,2.003,1.538,8.552,32.944,54,43,1.2558,1.1074,27.4
R0005103,2025-04-28 07:22:00,University,Premium,11,1,0.183,1.054,8.588,24.789,42,47,0.8936,1.0,26.57
R0005104,2025-08-15 07:15:00,University,Comfort,2,0,1.656,1.41,9.913,30.101,38,39,0.9744,1.0,30.14
R0005105,2025-05-15 18:48:00,Central,Economy,15,0,0.174,1.084,3.064,8.87,69,43,1.6047,1.254,12.14
R0005106,2025-05-06 06:21:00,Tech Park,Economy,18,0,0.539,1.784,7.552,27.663,65,42,1.5476,1.23,25.98
R0005107,2025-05-25 12:40:00,Central,Comfort,22,1,0.596,0.962,8.864,25.3,65,44,1.4773,1.2005,26.35
R0005108,2025-01-19 03:21:00,North,Comfort,7,0,0.092,1.284,6.31,19.197,52,35,1.4857,1.204,21.73
R0005109,2025-03-10 13:30:00,Tech Park,Economy,6,0,1.016,1.361,4.922,19.508,46,46,1.0,1.0,16.23
R0005110,2025-08-08 00:19:00,University,Premium,13,0,0.118,1.263,5.153,15.682,35,41,0.8537,1.0,18.06
R0005111,2025-05-08 17:42:00,North,Economy,16,0,0.13,1.003,6.61,15.717,35,41,0.8537,1.0,11.4
R0005112,2025-12-20 13:33:00,North,Economy,23,1,0.111,1.166,12.844,39.79,50,49,1.0204,1.0086,25.41
R0005113,2025-11-16 01:09:00,Central,Economy,0,1,0.025,0.711,17.993,53.762,61,51,1.1961,1.0824,33.52
R0005114,2025-09-27 11:53:00,North,Comfort,5,0,1.299,1.122,16.085,47.474,42,32,1.3125,1.1312,46.49
R0005115,2025-09-20 14:46:00,Airport,Economy,6,1,0.361,1.08,3.292,9.291,69,41,1.6829,1.2868,11.57
R0005116,2025-10-19 15:09:00,Tech Park,Economy,6,0,0.464,0.771,4.634,13.149,49,46,1.0652,1.0274,7.12
R0005117,2025-01-15 00:38:00,Airport,Economy,11,0,0.532,0.82,11.152,35.535,47,46,1.0217,1.0091,21.89
R0005118,2025-03-16 23:20:00,Tech Park,Economy,20,0,0.38,1.647,15.885,55.51,59,49,1.2041,1.0857,38.58
R0005119,2025-10-23 13:10:00,Central,Economy,0,1,0.164,0.921,4.564,12.177,65,41,1.5854,1.2459,11.08
R0005120,2025-12-02 20:13:00,North,Comfort,19,0,0.336,1.548,8.592,31.217,55,42,1.3095,1.13,35.16
R0005121,2025-05-29 07:53:00,Central,Economy,14,0,0.528,1.022,4.168,14.3,59,46,1.2826,1.1187,11.87
R0005122,2025-07-15 05:02:00,North,Premium,14,0,0.151,0.796,9.044,27.231,36,53,0.6792,1.0,32.76
R0005123,2025-09-22 10:38:00,South,Comfort,16,0,0.351,1.024,5.453,15.087,36,37,0.973,1.0,14.86
R0005124,2025-06-12 02:37:00,South,Comfort,2,1,1.458,1.26,8.59,27.067,51,27,1.8889,1.3733,37.74
R0005125,2025-05-24 11:41:00,University,Premium,17,0,0.333,1.505,3.989,17.257,68,33,2.0606,1.4455,31.01
R0005126,2025-12-29 11:11:00,Central,Economy,5,0,0.878,1.068,3.163,11.754,78,56,1.3929,1.165,12.67
R0005127,2025-10-11 02:16:00,South,Economy,12,0,0.11,0.983,42.0,124.474,36,33,1.0909,1.0382,73.03
R0005128,2025-12-07 06:54:00,University,Economy,16,0,1.253,1.373,8.07,27.342,37,57,0.6491,1.0,19.77
R0005129,2025-08-31 07:12:00,Central,Economy,14,0,1.046,1.171,25.131,80.362,47,43,1.093,1.0391,53.2
R0005130,2025-02-01 06:58:00,University,Economy,7,0,1.789,1.525,17.814,61.76,69,44,1.5682,1.2386,53.25
R0005131,2025-09-03 09:23:00,University,Comfort,9,1,1.738,1.648,3.16,11.251,75,35,2.1429,1.48,20.35
R0005132,2025-05-18 01:58:00,Tech Park,Comfort,11,1,0.885,1.327,9.478,33.261,57,39,1.4615,1.1938,38.51
R0005133,2025-11-18 19:29:00,South,Economy,0,1,1.187,1.09,3.812,10.921,38,42,0.9048,1.0,9.32
R0005134,2025-12-02 05:16:00,Tech Park,Comfort,17,0,0.511,1.626,6.6,27.549,71,35,2.0286,1.432,35.39
R0005135,2025-10-29 07:47:00,North,Economy,2,0,1.805,1.671,2.755,13.279,34,32,1.0625,1.0263,15.83
R0005136,2025-07-17 15:19:00,South,Economy,11,0,1.325,1.352,3.268,11.312,52,50,1.04,1.0168,9.92
R0005137,2025-06-29 17:09:00,University,Economy,15,0,1.345,0.855,4.854,14.574,36,53,0.6792,1.0,13.23
R0005138,2025-04-23 02:45:00,Central,Economy,1,1,1.103,1.459,5.754,20.72,56,47,1.1915,1.0804,17.61
R0005139,2025-08-30 12:02:00,Tech Park,Economy,23,0,0.138,1.052,7.936,24.482,53,45,1.1778,1.0747,19.88
R0005140,2025-08-14 18:04:00,North,Economy,9,0,1.703,1.923,4.393,20.59,69,43,1.6047,1.254,22.24
R0005141,2025-05-19 06:33:00,Central,Economy,0,0,0.083,1.07,8.433,25.269,49,30,1.6333,1.266,21.46
R0005142,2025-12-16 22:12:00,South,Economy,15,0,0.057,1.175,14.508,42.419,29,49,0.5918,1.0,26.95
R0005143,2025-08-29 21:09:00,Tech Park,Comfort,13,0,1.966,1.34,9.031,29.726,51,46,1.1087,1.0457,31.38
R0005144,2025-04-12 03:59:00,South,Economy,15,0,0.58,0.838,7.486,23.831,36,42,0.8571,1.0,16.62
R0005145,2025-04-08 07:19:00,Tech Park,Comfort,18,0,1.731,1.92,9.374,38.244,65,29,2.2414,1.5214,59.05
R0005146,2025-02-22 14:31:00,Central,Economy,11,0,1.842,1.083,3.528,12.23,65,46,1.413,1.1735,13.81
R0005147,2025-07-28 22:14:00,University,Economy,19,0,0.482,1.964,13.113,48.875,64,34,1.8824,1.3706,54.91
R0005148,2025-06-05 18:19:00,South,Economy,8,1,0.674,1.606,4.02,15.132,57,37,1.5405,1.227,13.77
R0005149,2025-10-25 05:35:00,Tech Park,Premium,13,0,0.365,1.056,18.238,53.825,45,43,1.0465,1.0195,62.82
R0005150,2025-02-04 12:57:00,Central,Economy,3,0,0.315,0.935,11.869,30.193,46,45,1.0222,1.0093,20.55
R0005151,2025-07-04 07:41:00,North,Economy,14,0,1.66,1.36,10.55,33.446,41,42,0.9762,1.0,23.09
R0005152,2025-02-05 22:05:00,University,Comfort,6,0,1.226,1.302,10.805,36.736,43,45,0.9556,1.0,36.31
R0005153,2025-09-07 01:50:00,Airport,Comfort,16,1,0.826,1.026,7.76,23.583,55,45,1.2222,1.0933,23.29
R0005154,2025-07-26 12:30:00,North,Comfort,19,0,0.266,1.679,5.04,18.349,60,57,1.0526,1.0221,17.35
R0005155,2025-04-15 23:33:00,Tech Park,Comfort,20,1,0.933,1.73,4.628,20.227,76,33,2.303,1.5473,34.51
R0005156,2025-12-28 22:03:00,Tech Park,Economy,22,1,0.108,1.002,20.354,58.441,53,40,1.325,1.1365,39.8
R0005157,2025-10-27 03:06:00,Tech Park,Comfort,2,0,1.128,1.068,8.222,23.912,46,45,1.0222,1.0093,25.55
R0005158,2025-03-13 07:01:00,Tech Park,Economy,3,0,1.57,1.699,4.207,16.929,72,45,1.6,1.252,19.4
R0005159,2025-06-22 11:06:00,University,Comfort,22,0,0.449,1.294,10.321,32.443,43,47,0.9149,1.0,29.3
R0005160,2025-09-09 04:21:00,North,Economy,9,0,0.126,1.704,9.38,32.736,72,38,1.8947,1.3758,32.92
R0005161,2025-05-25 20:05:00,South,Economy,0,0,0.557,1.303,6.481,25.372,40,45,0.8889,1.0,19.44
R0005162,2025-06-20 05:19:00,Tech Park,Economy,6,0,0.64,1.169,4.74,13.57,45,47,0.9574,1.0,10.8
R0005163,2025-01-12 00:59:00,Tech Park,Comfort,20,0,0.146,1.513,11.641,38.728,58,43,1.3488,1.1465,38.26
R0005164,2025-06-26 19:19:00,Airport,Economy,8,0,0.229,1.116,13.07,41.652,70,32,2.1875,1.4988,41.97
R0005165,2025-02-06 07:27:00,Central,Comfort,1,0,0.642,0.896,9.275,27.471,57,50,1.14,1.0588,31.56
R0005166,2025-11-03 19:21:00,South,Economy,17,0,1.466,2.204,8.08,30.175,57,35,1.6286,1.264,29.08
R0005167,2025-02-15 09:22:00,Tech Park,Economy,4,1,0.588,1.315,5.052,21.425,48,39,1.2308,1.0969,15.01
R0005168,2025-01-24 00:56:00,South,Economy,8,0,0.68,1.709,10.114,35.176,60,36,1.6667,1.28,30.69
R0005169,2025-06-27 06:29:00,Tech Park,Economy,0,0,0.573,0.819,5.479,16.007,48,46,1.0435,1.0183,11.72
R0005170,2025-05-27 11:12:00,Tech Park,Comfort,14,1,0.276,1.164,3.858,14.187,60,45,1.3333,1.14,14.02
R0005171,2025-01-29 04:44:00,Central,Premium,10,0,0.425,1.576,14.427,55.163,80,39,2.0513,1.4415,95.59
R0005172,2025-07-31 22:14:00,South,Comfort,20,0,0.537,1.772,4.409,16.278,59,35,1.6857,1.288,19.49
R0005173,2025-08-15 10:44:00,South,Economy,8,0,0.492,1.438,2.737,8.433,57,38,1.5,1.21,9.14
R0005174,2025-08-07 01:57:00,Central,Economy,4,0,0.85,1.065,15.958,49.752,55,45,1.2222,1.0933,34.81
R0005175,2025-02-27 02:31:00,North,Premium,3,1,0.091,1.176,2.976,15.168,43,44,0.9773,1.0,19.77
R0005176,2025-01-12 19:37:00,South,Comfort,4,0,1.429,1.604,6.269,23.199,42,45,0.9333,1.0,23.98
R0005177,2025-08-16 05:47:00,Tech Park,Comfort,10,0,0.908,1.595,4.252,15.353,70,37,1.8919,1.3746,20.2
R0005178,2025-12-18 18:17:00,North,Economy,2,0,0.259,0.867,5.217,16.898,40,50,0.8,1.0,12.66
R0005179,2025-07-07 03:43:00,Airport,Comfort,9,0,0.832,1.884,26.397,93.315,64,35,1.8286,1.348,114.03
R0005180,2025-09-29 17:46:00,North,Economy,20,0,0.606,1.432,7.346,24.149,56,37,1.5135,1.2157,19.37
R0005181,2025-04-14 18:59:00,Tech Park,Comfort,18,1,1.489,1.604,9.468,29.805,71,40,1.775,1.3255,42.83
R0005182,2025-01-30 07:10:00,South,Comfort,15,0,0.883,1.207,11.998,37.612,35,47,0.7447,1.0,33.24
R0005183,2025-06-19 10:43:00,Central,Premium,21,0,0.319,1.983,5.443,20.702,68,37,1.8378,1.3519,38.54
R0005184,2025-01-24 10:21:00,University,Economy,18,0,0.169,1.428,14.032,41.491,62,39,1.5897,1.2477,33.44
R0005185,2025-06-18 04:05:00,Central,Comfort,15,1,0.379,1.002,9.553,29.61,77,44,1.75,1.315,34.44
R0005186,2025-04-30 20:13:00,Central,Economy,20,0,0.564,1.671,11.759,43.671,63,42,1.5,1.21,40.16
R0005187,2025-02-18 05:22:00,North,Economy,2,0,0.387,0.985,5.214,16.127,31,39,0.7949,1.0,12.35
R0005188,2025-12-04 15:47:00,Tech Park,Comfort,19,0,0.241,1.275,9.916,29.215,72,43,1.6744,1.2833,32.77
R0005189,2025-06-19 02:49:00,Tech Park,Economy,7,1,0.006,1.695,7.73,31.269,76,38,2.0,1.42,27.84
R0005190,2025-08-23 17:30:00,Airport,Economy,17,0,1.172,1.794,14.46,57.371,65,48,1.3542,1.1488,50.11
R0005191,2025-08-23 00:56:00,Tech Park,Comfort,21,1,0.264,1.664,5.771,22.371,74,37,2.0,1.42,31.18
R0005192,2025-11-19 11:52:00,Tech Park,Comfort,11,0,0.293,1.027,23.753,70.156,42,46,0.913,1.0,58.39
R0005193,2025-09-11 06:49:00,University,Economy,2,1,0.245,1.316,9.359,30.407,50,34,1.4706,1.1976,24.61
R0005194,2025-04-12 20:21:00,University,Economy,8,1,0.731,1.591,7.251,27.122,70,32,2.1875,1.4988,32.3
R0005195,2025-11-22 19:36:00,Tech Park,Comfort,9,0,0.893,1.517,6.799,24.403,77,49,1.5714,1.24,28.77
R0005196,2025-10-30 21:15:00,Central,Economy,22,0,0.31,1.355,7.739,27.237,57,53,1.0755,1.0317,20.59
R0005197,2025-09-21 19:21:00,Central,Economy,22,0,0.584,0.709,5.497,17.074,43,41,1.0488,1.0205,15.9
R0005198,2025-02-26 13:32:00,University,Economy,13,0,0.332,1.032,11.209,32.687,48,43,1.1163,1.0488,22.94
R0005199,2025-07-14 20:59:00,South,Comfort,22,0,1.174,1.198,7.717,23.366,37,45,0.8222,1.0,22.34
R0005200,2025-12-25 00:29:00,South,Economy,10,0,0.791,1.672,22.623,79.409,63,39,1.6154,1.2585,66.28
R0005201,2025-04-20 04:25:00,University,Economy,9,1,0.028,1.276,6.121,21.714,62,28,2.2143,1.51,21.73
R0005202,2025-11-24 16:43:00,University,Premium,20,0,0.865,1.492,7.269,22.193,69,47,1.4681,1.1966,35.1
R0005203,2025-06-20 07:32:00,Tech Park,Comfort,16,0,0.623,1.285,6.117,20.217,56,52,1.0769,1.0323,23.0
R0005204,2025-07-10 20:28:00,University,Economy,12,0,0.219,1.289,21.714,69.724,38,48,0.7917,1.0,44.94
R0005205,2025-12-23 00:36:00,Airport,Comfort,10,0,0.185,1.508,3.507,12.116,74,39,1.8974,1.3769,17.71
R0005206,2025-04-16 09:31:00,Tech Park,Premium,16,0,1.065,1.024,8.178,28.471,49,43,1.1395,1.0586,37.24
R0005207,2025-12-11 20:42:00,University,Economy,18,0,1.123,1.431,9.227,34.349,66,43,1.5349,1.2247,27.11
R0005208,2025-10-24 00:02:00,Airport,Economy,11,0,0.656,1.287,4.177,15.548,47,51,0.9216,1.0,12.05
R0005209,2025-09-27 04:23:00,Central,Economy,0,1,0.316,1.237,33.24,108.483,59,41,1.439,1.1844,74.87
R0005210,2025-01-18 12:29:00,Tech Park,Premium,2,0,0.227,0.6,4.656,15.352,59,45,1.3111,1.1307,23.04
R0005211,2025-01-13 02:39:00,South,Comfort,3,1,0.238,0.607,7.912,22.095,41,52,0.7885,1.0,17.64
R0005212,2025-05-02 09:54:00,Airport,Economy,11,0,0.398,1.096,19.613,58.933,40,57,0.7018,1.0,33.6
R0005213,2025-01-24 13:36:00,Central,Premium,14,0,1.34,1.289,6.32,20.512,75,50,1.5,1.21,30.15
R0005214,2025-05-04 04:41:00,Central,Comfort,19,0,0.056,1.474,8.406,30.104,79,44,1.7955,1.3341,33.9
R0005215,2025-12-22 21:13:00,Central,Economy,5,0,0.569,1.096,6.426,19.844,46,51,0.902,1.0,9.36
R0005216,2025-10-16 09:44:00,University,Premium,18,1,0.402,1.578,7.544,23.744,73,41,1.7805,1.3278,40.45
R0005217,2025-10-23 18:46:00,Tech Park,Comfort,15,0,0.804,1.149,14.081,43.285,45,45,1.0,1.0,39.05
R0005218,2025-08-06 03:19:00,Tech Park,Comfort,1,0,0.172,0.869,6.16,20.939,57,56,1.0179,1.0075,16.45
R0005219,2025-06-28 04:16:00,Airport,Premium,8,1,0.452,1.629,1.804,3.0,89,39,2.2821,1.5385,11.65
R0005220,2025-05-25 20:53:00,North,Economy,7,0,1.104,1.627,7.628,30.777,61,31,1.9677,1.4065,32.05
R0005221,2025-05-27 03:01:00,Central,Comfort,21,1,0.663,1.533,8.041,29.726,96,33,2.9091,1.8018,49.91
R0005222,2025-06-01 00:37:00,Tech Park,Economy,22,0,0.341,0.725,8.649,24.049,33,45,0.7333,1.0,17.98
R0005223,2025-03-08 19:01:00,University,Comfort,19,1,0.213,1.557,7.023,25.823,79,34,2.3235,1.5559,39.19
R0005224,2025-01-18 17:00:00,North,Comfort,12,0,1.607,1.434,4.834,19.414,35,44,0.7955,1.0,18.55
R0005225,2025-07-09 10:00:00,University,Comfort,11,0,0.107,0.961,6.788,21.032,37,54,0.6852,1.0,15.94
R0005226,2025-07-09 18:28:00,Airport,Comfort,7,0,0.647,1.603,20.509,73.571,74,49,1.5102,1.2143,78.13
R0005227,2025-08-26 12:17:00,Central,Comfort,18,0,0.497,1.865,7.59,30.967,67,54,1.2407,1.1011,36.0
R0005228,2025-03-10 09:28:00,Tech Park,Economy,2,1,1.319,1.422,11.124,38.134,77,44,1.75,1.315,34.91
R0005229,2025-02-16 22:02:00,Central,Economy,6,0,1.368,1.559,4.399,13.903,55,40,1.375,1.1575,16.04
R0005230,2025-12-14 08:36:00,University,Economy,3,0,0.604,1.515,6.618,23.372,53,40,1.325,1.1365,17.96
R0005231,2025-06-22 18:57:00,Central,Comfort,11,0,0.828,1.16,4.48,10.61,54,40,1.35,1.147,13.45
R0005232,2025-04-12 06:26:00,Tech Park,Comfort,7,1,0.145,1.368,15.824,53.317,85,47,1.8085,1.3396,58.62
R0005233,2025-05-10 22:17:00,Central,Economy,4,0,0.454,0.988,3.301,10.117,49,63,0.7778,1.0,9.27
R0005234,2025-01-21 20:45:00,Central,Economy,9,1,0.275,1.703,9.534,33.488,75,34,2.2059,1.5065,36.0
R0005235,2025-11-21 03:42:00,North,Economy,20,0,1.628,2.102,9.369,38.89,61,30,2.0333,1.434,43.26
R0005236,2025-10-20 20:20:00,University,Economy,13,1,1.506,1.082,9.041,25.556,44,43,1.0233,1.0098,18.86
R0005237,2025-09-17 15:46:00,South,Premium,19,0,0.15,1.623,2.139,9.082,48,40,1.2,1.084,12.34
R0005238,2025-10-17 11:07:00,South,Comfort,21,0,0.138,1.432,2.553,9.095,59,47,1.2553,1.1072,11.44
R0005239,2025-11-26 14:37:00,Airport,Economy,21,0,0.476,1.609,8.284,29.419,67,34,1.9706,1.4076,27.78
R0005240,2025-08-25 18:30:00,Airport,Comfort,8,0,1.836,1.851,4.675,19.067,79,46,1.7174,1.3013,28.26
R0005241,2025-05-11 08:55:00,Airport,Economy,21,1,0.362,1.684,5.454,24.499,90,43,2.093,1.4591,26.84
R0005242,2025-02-04 19:50:00,Tech Park,Economy,21,1,2.865,2.432,6.15,27.696,93,37,2.5135,1.6357,45.14
R0005243,2025-03-01 07:13:00,Central,Economy,23,0,0.112,1.106,4.353,17.503,48,54,0.8889,1.0,13.58
R0005244,2025-06-12 03:40:00,Central,Comfort,8,1,0.263,1.52,3.959,17.802,85,25,3.4,2.008,34.77
R0005245,2025-10-31 03:16:00,South,Economy,5,0,0.144,0.919,7.768,25.184,37,35,1.0571,1.024,15.0
R0005246,2025-05-04 03:08:00,South,Economy,14,0,0.613,1.076,2.723,5.515,43,43,1.0,1.0,5.03
R0005247,2025-06-04 15:23:00,North,Economy,22,0,0.352,0.906,5.881,17.561,51,38,1.3421,1.1437,13.08
R0005248,2025-12-12 10:22:00,Airport,Economy,21,0,1.706,1.882,5.381,18.741,82,32,2.5625,1.6562,27.65
R0005249,2025-07-29 04:03:00,North,Economy,13,0,0.321,0.624,7.667,27.584,33,46,0.7174,1.0,19.92
R0005250,2025-11-20 12:01:00,Tech Park,Economy,3,0,1.142,1.167,28.874,87.137,61,46,1.3261,1.137,63.35
R0005251,2025-09-21 09:09:00,Central,Premium,10,0,0.156,1.554,4.526,13.466,71,41,1.7317,1.3073,23.09
R0005252,2025-07-08 20:08:00,Tech Park,Economy,17,1,0.426,1.418,9.713,27.024,84,43,1.9535,1.4005,29.75
R0005253,2025-08-16 00:01:00,Airport,Economy,13,1,0.041,0.939,8.771,24.198,52,37,1.4054,1.1703,16.42
R0005254,2025-09-24 09:53:00,University,Economy,8,0,1.86,2.086,10.569,42.181,73,38,1.9211,1.3868,51.47
R0005255,2025-10-20 23:01:00,University,Economy,8,0,0.474,1.85,6.908,28.916,70,41,1.7073,1.2971,29.04
R0005256,2025-09-14 22:47:00,Airport,Comfort,1,1,1.135,1.108,17.164,50.5,65,41,1.5854,1.2459,55.17
R0005257,2025-03-06 07:48:00,North,Economy,6,0,0.073,1.107,11.324,37.95,38,41,0.9268,1.0,23.28
R0005258,2025-04-01 20:22:00,North,Economy,16,1,0.098,0.748,11.423,32.041,49,45,1.0889,1.0373,24.74
R0005259,2025-02-01 20:50:00,Tech Park,Premium,5,0,0.162,0.976,3.569,10.707,41,51,0.8039,1.0,13.1
R0005260,2025-04-15 17:08:00,South,Comfort,23,0,0.288,1.093,8.191,26.284,40,45,0.8889,1.0,24.57
R0005261,2025-05-04 02:12:00,South,Economy,1,0,1.354,1.519,5.868,24.224,43,40,1.075,1.0315,23.34
R0005262,2025-02-16 02:20:00,Central,Economy,14,1,0.337,1.275,4.836,16.769,67,45,1.4889,1.2053,15.16
R0005263,2025-07-12 07:10:00,Airport,Comfort,11,1,0.872,1.195,5.504,15.934,48,43,1.1163,1.0488,17.04
R0005264,2025-12-08 11:47:00,Tech Park,Comfort,19,0,2.214,1.784,7.533,29.3,72,41,1.7561,1.3176,46.67
R0005265,2025-10-03 17:15:00,South,Premium,21,1,0.406,1.868,9.986,38.723,71,35,2.0286,1.432,67.23
R0005266,2025-11-12 17:10:00,Tech Park,Economy,13,1,0.087,0.954,13.328,39.216,67,44,1.5227,1.2195,30.08
R0005267,2025-10-16 14:18:00,Tech Park,Comfort,15,0,0.166,1.111,12.989,42.635,54,46,1.1739,1.073,39.07
R0005268,2025-11-13 02:01:00,South,Economy,16,1,0.945,1.148,9.125,24.074,54,36,1.5,1.21,18.89
R0005269,2025-07-27 07:56:00,South,Economy,12,0,0.278,1.409,8.009,28.294,25,41,0.6098,1.0,17.27
R0005270,2025-06-26 04:42:00,University,Comfort,4,0,0.071,0.903,6.498,21.535,41,46,0.8913,1.0,17.62
R0005271,2025-10-10 03:40:00,Tech Park,Comfort,10,0,3.0,2.255,6.779,25.203,73,38,1.9211,1.3868,44.91
R0005272,2025-08-06 22:43:00,University,Economy,5,1,1.442,1.244,5.057,13.952,52,46,1.1304,1.0548,12.13
R0005273,2025-07-29 00:55:00,University,Economy,11,1,0.207,1.14,6.137,22.222,43,38,1.1316,1.0553,16.03
R0005274,2025-11-06 18:45:00,North,Comfort,14,0,2.705,1.779,9.437,37.695,51,46,1.1087,1.0457,45.12
R0005275,2025-03-30 23:36:00,Tech Park,Economy,5,0,3.0,1.179,18.123,59.809,69,30,2.3,1.546,73.76
R0005276,2025-01-27 04:42:00,Tech Park,Economy,5,0,2.314,1.405,7.154,23.183,57,53,1.0755,1.0317,16.45
R0005277,2025-10-01 00:16:00,Central,Economy,19,1,0.42,1.465,4.982,18.357,97,46,2.1087,1.4657,20.76
R0005278,2025-09-14 14:51:00,South,Economy,9,1,0.526,1.725,13.238,48.779,68,30,2.2667,1.532,53.2
R0005279,2025-08-06 18:41:00,North,Comfort,4,0,0.908,1.288,2.582,5.864,48,44,1.0909,1.0382,8.29
R0005280,2025-03-02 17:04:00,North,Economy,17,0,0.24,1.508,13.787,47.788,45,41,1.0976,1.041,34.14
R0005281,2025-07-27 02:31:00,Central,Economy,17,0,1.349,1.699,3.532,14.147,74,43,1.7209,1.3028,17.76
R0005282,2025-06-28 10:39:00,Tech Park,Comfort,19,0,0.758,1.723,11.15,42.328,69,37,1.8649,1.3632,54.93
R0005283,2025-10-23 08:09:00,Tech Park,Economy,18,0,1.316,1.558,5.978,20.414,74,32,2.3125,1.5512,25.67
R0005284,2025-04-02 03:15:00,South,Economy,23,0,0.342,1.122,9.267,32.084,38,51,0.7451,1.0,21.77
R0005285,2025-01-14 23:08:00,Central,Economy,13,0,0.705,0.98,24.428,72.097,39,47,0.8298,1.0,38.59
R0005286,2025-09-05 02:06:00,South,Comfort,6,0,0.123,1.154,4.9,20.113,36,58,0.6207,1.0,20.4
R0005287,2025-03-26 15:27:00,Airport,Comfort,20,1,0.306,1.368,4.48,17.537,68,34,2.0,1.42,25.99
R0005288,2025-05-11 11:29:00,Central,Comfort,6,0,0.379,0.966,8.109,25.395,50,60,0.8333,1.0,24.84
R0005289,2025-09-08 08:23:00,North,Economy,6,0,0.941,1.034,17.974,51.547,31,46,0.6739,1.0,34.88
R0005290,2025-05-10 03:34:00,University,Comfort,19,1,1.243,1.72,8.572,28.702,76,36,2.1111,1.4667,44.18
R0005291,2025-03-21 21:31:00,North,Economy,21,1,0.154,1.825,7.961,33.694,66,45,1.4667,1.196,28.64
R0005292,2025-01-10 14:20:00,South,Economy,8,0,1.607,1.992,8.525,35.339,72,41,1.7561,1.3176,38.21
R0005293,2025-03-12 06:39:00,University,Economy,17,0,0.841,1.615,4.47,16.174,67,41,1.6341,1.2663,19.29
R0005294,2025-01-04 17:40:00,North,Economy,22,0,1.013,1.096,8.573,26.142,42,49,0.8571,1.0,15.6
R0005295,2025-12-14 03:01:00,University,Economy,19,0,1.234,1.932,6.259,25.093,64,33,1.9394,1.3945,29.42
R0005296,2025-04-25 15:53:00,Central,Economy,0,0,0.196,0.826,16.076,42.782,62,41,1.5122,1.2151,30.78
R0005297,2025-12-07 03:13:00,Central,Premium,15,0,1.584,1.289,12.048,38.371,53,36,1.4722,1.1983,57.12
R0005298,2025-05-18 00:53:00,Airport,Premium,4,0,0.283,0.942,3.751,13.539,34,45,0.7556,1.0,16.51
R0005299,2025-06-21 05:41:00,South,Economy,20,0,0.5,1.609,6.648,25.862,45,45,1.0,1.0,16.46
R0005300,2025-02-14 12:19:00,University,Premium,1,0,0.423,1.222,10.385,32.765,33,33,1.0,1.0,36.07
R0005301,2025-02-07 14:23:00,South,Comfort,23,0,2.712,1.368,4.527,19.565,41,36,1.1389,1.0583,20.32
R0005302,2025-03-27 10:57:00,South,Economy,4,0,0.206,1.212,4.29,17.016,35,46,0.7609,1.0,11.58
R0005303,2025-10-14 14:34:00,Central,Premium,10,0,2.321,2.364,6.025,24.265,83,46,1.8043,1.3378,53.74
R0005304,2025-12-14 17:13:00,University,Comfort,5,1,1.873,1.446,9.388,29.477,68,38,1.7895,1.3316,42.41
R0005305,2025-10-14 01:38:00,North,Economy,19,0,0.111,1.555,13.742,49.14,63,51,1.2353,1.0988,40.29
R0005306,2025-04-18 21:43:00,Central,Economy,9,0,0.273,1.807,8.825,32.161,60,39,1.5385,1.2262,27.57
R0005307,2025-05-12 00:06:00,University,Economy,17,0,0.28,1.401,30.093,97.611,51,44,1.1591,1.0668,68.17
R0005308,2025-03-29 15:35:00,North,Premium,1,0,1.031,1.459,5.354,19.606,45,42,1.0714,1.03,27.13
R0005309,2025-10-04 06:05:00,North,Economy,10,1,1.588,1.7,11.672,43.879,77,35,2.2,1.504,50.36
R0005310,2025-11-05 10:15:00,Airport,Economy,21,1,0.28,1.991,4.221,19.036,77,36,2.1389,1.4783,23.15
R0005311,2025-02-02 11:55:00,Central,Economy,22,0,0.079,0.885,18.841,54.42,61,51,1.1961,1.0824,37.93
R0005312,2025-02-21 19:37:00,Tech Park,Economy,5,0,1.033,1.305,16.406,48.287,57,48,1.1875,1.0788,37.54
R0005313,2025-06-16 03:05:00,North,Economy,9,0,0.629,1.382,11.488,40.65,58,34,1.7059,1.2965,34.93
R0005314,2025-12-03 22:45:00,University,Premium,9,0,0.107,1.531,2.989,9.744,60,46,1.3043,1.1278,16.28
R0005315,2025-01-18 19:19:00,Airport,Economy,13,0,0.913,0.97,11.43,35.034,62,46,1.3478,1.1461,26.17
R0005316,2025-04-04 06:08:00,South,Comfort,12,1,0.584,0.846,4.95,14.938,47,35,1.3429,1.144,17.54
R0005317,2025-11-18 20:13:00,Tech Park,Economy,2,1,0.154,1.245,9.969,37.421,67,52,1.2885,1.1212,27.26
R0005318,2025-06-22 18:36:00,South,Economy,18,0,0.331,1.389,3.49,17.302,51,27,1.8889,1.3733,14.38
R0005319,2025-05-08 11:15:00,South,Economy,5,0,2.203,1.264,9.011,28.647,51,43,1.186,1.0781,24.53
R0005320,2025-10-28 18:22:00,South,Economy,7,0,0.182,1.429,6.395,19.422,69,35,1.9714,1.408,22.01
R0005321,2025-03-03 19:35:00,Tech Park,Comfort,20,0,0.093,1.772,5.063,16.718,61,39,1.5641,1.2369,20.74
R0005322,2025-03-05 06:19:00,University,Comfort,16,0,0.434,1.261,10.761,35.694,44,34,1.2941,1.1235,35.78
R0005323,2025-02-23 01:29:00,Central,Economy,9,1,0.676,1.9,7.552,27.992,90,33,2.7273,1.7255,36.22
R0005324,2025-11-01 13:24:00,North,Premium,21,1,0.513,1.501,6.94,22.135,66,36,1.8333,1.35,37.66
R0005325,2025-02-09 05:10:00,South,Comfort,9,0,0.575,1.896,11.652,43.017,71,34,2.0882,1.4571,61.93
R0005326,2025-08-25 01:34:00,Central,Economy,13,0,0.719,0.986,22.135,66.429,68,48,1.4167,1.175,48.59
R0005327,2025-02-09 15:58:00,Central,Economy,5,0,0.328,0.923,9.04,26.952,55,63,0.873,1.0,15.86
R0005328,2025-09-14 12:45:00,University,Comfort,4,1,3.0,1.414,2.877,9.795,71,41,1.7317,1.3073,13.98
R0005329,2025-06-22 22:51:00,Central,Comfort,11,0,0.622,0.993,3.297,10.255,55,52,1.0577,1.0242,10.03
R0005330,2025-04-08 01:59:00,Central,Economy,13,0,0.122,1.006,8.068,24.579,46,51,0.902,1.0,14.45
R0005331,2025-03-04 21:23:00,South,Economy,19,0,0.528,1.494,13.661,47.345,55,32,1.7188,1.3019,37.96
R0005332,2025-09-05 05:43:00,Airport,Economy,9,0,1.038,1.779,8.365,31.914,79,35,2.2571,1.528,34.85
R0005333,2025-10-06 09:18:00,Airport,Economy,21,0,1.172,1.291,10.292,30.269,67,42,1.5952,1.25,26.04
R0005334,2025-07-31 22:16:00,Airport,Economy,14,0,0.911,1.205,7.521,24.987,48,46,1.0435,1.0183,16.56
R0005335,2025-07-05 22:31:00,Central,Economy,1,0,0.661,0.923,13.186,38.077,49,51,0.9608,1.0,28.45
R0005336,2025-07-02 14:22:00,North,Economy,17,1,0.195,1.465,10.904,35.197,70,26,2.6923,1.7108,37.28
R0005337,2025-11-15 06:14:00,Tech Park,Economy,13,0,0.788,1.026,4.434,13.635,52,53,0.9811,1.0,11.98
R0005338,2025-05-18 23:38:00,Central,Economy,9,0,0.516,1.813,9.937,39.726,76,39,1.9487,1.3985,40.8
R0005339,2025-10-28 20:43:00,North,Economy,11,1,0.265,1.139,3.325,13.314,43,34,1.2647,1.1112,12.42
R0005340,2025-02-11 07:39:00,South,Economy,7,0,0.622,1.632,9.938,35.875,63,39,1.6154,1.2585,32.07
R0005341,2025-09-27 06:41:00,Central,Comfort,14,0,1.229,1.092,6.65,19.334,43,50,0.86,1.0,21.73
R0005342,2025-12-15 09:28:00,North,Premium,13,0,0.075,1.154,8.486,24.231,37,36,1.0278,1.0117,28.86
R0005343,2025-03-04 11:27:00,North,Economy,10,0,0.193,1.908,9.283,33.513,57,51,1.1176,1.0494,25.04
R0005344,2025-03-15 23:48:00,Central,Comfort,6,1,0.706,1.122,9.069,28.769,56,48,1.1667,1.07,30.35
R0005345,2025-06-18 10:47:00,North,Premium,9,0,0.526,1.357,16.939,55.836,64,45,1.4222,1.1773,76.54
R0005346,2025-08-12 14:43:00,Airport,Economy,11,0,2.547,1.332,7.915,25.254,64,45,1.4222,1.1773,22.07
R0005347,2025-12-01 18:07:00,University,Premium,11,0,0.334,1.161,8.618,29.602,46,50,0.92,1.0,35.47
R0005348,2025-06-28 16:46:00,University,Economy,7,0,0.028,1.475,16.142,55.677,58,42,1.381,1.16,44.03
R0005349,2025-10-06 21:58:00,University,Economy,13,0,0.102,0.864,22.048,57.055,32,48,0.6667,1.0,35.79
R0005350,2025-05-19 04:12:00,Airport,Comfort,5,1,1.384,1.087,7.693,24.615,57,53,1.0755,1.0317,24.12
R0005351,2025-07-18 16:53:00,Tech Park,Economy,12,1,0.166,1.046,5.861,20.391,52,45,1.1556,1.0653,15.55
R0005352,2025-03-23 13:50:00,South,Economy,2,1,0.588,0.83,6.023,18.541,51,39,1.3077,1.1292,16.43
R0005353,2025-07-20 01:11:00,Airport,Economy,11,0,0.201,1.03,9.953,31.896,50,41,1.2195,1.0922,20.55
R0005354,2025-11-23 17:06:00,University,Economy,18,0,0.479,1.652,6.946,24.913,62,29,2.1379,1.4779,23.45
R0005355,2025-05-07 00:16:00,Tech Park,Economy,19,1,0.201,1.505,2.968,11.239,58,30,1.9333,1.392,13.04
R0005356,2025-11-13 07:08:00,Central,Economy,16,0,2.261,1.219,14.406,45.865,75,61,1.2295,1.0964,40.75
R0005357,2025-11-06 01:04:00,University,Premium,17,0,1.232,1.955,12.164,47.054,50,51,0.9804,1.0,60.47
R0005358,2025-08-12 03:00:00,Central,Economy,1,1,0.17,0.791,14.595,39.954,58,42,1.381,1.16,26.21
R0005359,2025-11-25 15:00:00,North,Comfort,8,0,0.111,1.601,16.269,59.396,41,29,1.4138,1.1738,60.26
R0005360,2025-11-03 14:29:00,Central,Economy,15,0,0.381,1.2,8.626,31.111,55,41,1.3415,1.1434,23.37
R0005361,2025-09-07 12:48:00,Central,Economy,19,1,0.436,1.657,8.965,31.337,86,41,2.0976,1.461,31.44
R0005362,2025-12-04 13:29:00,University,Premium,13,0,0.59,1.328,13.513,41.882,48,36,1.3333,1.14,59.94
R0005363,2025-12-31 18:31:00,South,Economy,20,0,1.542,1.623,3.982,12.196,67,48,1.3958,1.1662,12.48
R0005364,2025-04-27 08:23:00,Central,Economy,6,0,1.608,1.147,6.399,21.748,53,49,1.0816,1.0343,18.36
R0005365,2025-10-13 16:41:00,Tech Park,Comfort,3,1,1.206,1.134,7.519,25.454,74,55,1.3455,1.1451,29.56
R0005366,2025-06-21 12:30:00,University,Economy,2,0,0.034,1.598,12.898,46.364,40,48,0.8333,1.0,29.93
R0005367,2025-10-28 08:28:00,University,Economy,13,1,2.022,1.455,5.776,21.576,65,47,1.383,1.1609,22.49
R0005368,2025-02-23 11:50:00,University,Premium,15,0,1.345,1.367,5.25,17.115,47,40,1.175,1.0735,26.56
R0005369,2025-07-03 18:23:00,University,Economy,6,0,0.97,1.292,6.129,16.417,43,34,1.2647,1.1112,15.27
R0005370,2025-07-29 19:55:00,South,Comfort,18,0,0.457,1.647,10.057,35.099,52,42,1.2381,1.1,34.95
R0005371,2025-06-21 13:39:00,Central,Economy,17,0,0.901,1.901,7.482,32.566,88,46,1.913,1.3835,37.18
R0005372,2025-12-10 19:03:00,University,Economy,8,0,0.086,1.229,3.498,12.906,54,33,1.6364,1.2673,14.19
R0005373,2025-05-14 17:23:00,Central,Economy,5,0,0.868,1.206,3.898,14.422,63,65,0.9692,1.0,12.87
R0005374,2025-08-08 06:55:00,Central,Comfort,17,0,1.292,1.86,8.374,33.894,84,53,1.5849,1.2457,42.92
R0005375,2025-06-28 12:06:00,North,Economy,16,0,0.761,1.32,8.529,26.708,38,48,0.7917,1.0,18.38
R0005376,2025-07-06 13:47:00,Central,Comfort,4,1,0.452,0.873,7.887,24.013,64,46,1.3913,1.1643,21.2
R0005377,2025-08-07 08:13:00,South,Comfort,6,1,1.658,1.104,5.996,20.543,33,45,0.7333,1.0,21.9
R0005378,2025-07-26 13:10:00,University,Economy,11,0,3.0,1.357,11.98,37.82,70,53,1.3208,1.1347,34.92
R0005379,2025-07-17 13:02:00,North,Economy,12,0,0.957,1.266,9.516,32.049,46,46,1.0,1.0,23.29
R0005380,2025-12-04 15:44:00,South,Economy,3,0,1.271,1.325,9.339,34.015,31,37,0.8378,1.0,29.98
R0005381,2025-03-16 06:23:00,North,Comfort,22,0,0.562,0.93,9.523,27.671,43,49,0.8776,1.0,27.19
R0005382,2025-02-20 10:24:00,Tech Park,Economy,9,0,0.373,1.962,18.701,67.232,67,43,1.5581,1.2344,59.1
R0005383,2025-06-10 11:18:00,Airport,Comfort,9,0,1.357,1.846,4.422,17.884,73,46,1.587,1.2465,24.43
R0005384,2025-11-05 08:12:00,Airport,Economy,1,0,2.515,1.475,6.162,20.414,53,51,1.0392,1.0165,19.82
R0005385,2025-07-01 11:32:00,South,Premium,21,0,0.283,1.564,6.456,23.713,47,44,1.0682,1.0286,31.94
R0005386,2025-05-12 10:10:00,South,Premium,5,1,0.177,1.199,15.514,47.266,48,46,1.0435,1.0183,53.5
R0005387,2025-07-17 09:17:00,North,Economy,23,0,0.34,1.131,6.325,20.681,29,47,0.617,1.0,14.28
R0005388,2025-12-16 16:08:00,Central,Economy,11,0,0.266,1.388,5.024,20.425,51,43,1.186,1.0781,16.3
R0005389,2025-01-21 06:26:00,Airport,Economy,20,0,1.757,1.648,7.329,26.727,66,39,1.6923,1.2908,26.53
R0005390,2025-08-15 23:58:00,Tech Park,Economy,4,0,1.598,1.01,8.228,21.799,51,51,1.0,1.0,16.03
R0005391,2025-09-24 05:56:00,North,Comfort,3,0,0.323,0.925,14.999,44.868,38,45,0.8444,1.0,34.63
R0005392,2025-05-16 12:04:00,North,Economy,19,0,0.723,1.78,6.304,24.003,72,42,1.7143,1.3,27.48
R0005393,2025-12-20 10:04:00,University,Economy,19,0,0.183,1.506,5.322,19.692,52,47,1.1064,1.0447,12.76
R0005394,2025-07-24 09:48:00,Tech Park,Premium,13,0,0.54,1.326,4.71,18.603,54,41,1.3171,1.1332,24.08
R0005395,2025-03-10 18:24:00,Central,Premium,0,0,0.171,0.96,6.428,18.767,43,44,0.9773,1.0,18.34
R0005396,2025-06-06 08:31:00,South,Economy,22,0,0.458,1.277,31.817,100.633,33,41,0.8049,1.0,65.41
R0005397,2025-11-13 12:32:00,Central,Premium,9,1,0.177,1.432,9.586,30.558,97,44,2.2045,1.5059,52.97
R0005398,2025-11-16 11:11:00,Central,Economy,22,1,1.647,1.509,10.795,37.903,79,48,1.6458,1.2712,38.2
R0005399,2025-03-16 16:37:00,Tech Park,Economy,20,1,0.747,1.931,7.767,30.537,66,41,1.6098,1.2561,29.24
R0005400,2025-05-10 05:56:00,Central,Economy,20,0,0.852,1.602,8.378,29.509,74,46,1.6087,1.2557,30.12
R0005401,2025-01-20 07:37:00,Central,Economy,16,0,0.279,1.138,11.972,39.271,60,54,1.1111,1.0467,24.65
R0005402,2025-02-09 20:00:00,University,Economy,16,0,0.399,1.12,10.585,30.996,35,48,0.7292,1.0,21.16
R0005403,2025-09-29 19:19:00,Tech Park,Economy,12,1,0.692,1.218,9.412,30.817,52,50,1.04,1.0168,24.16
R0005404,2025-07-14 23:17:00,University,Economy,0,1,2.505,1.682,7.837,30.093,64,50,1.28,1.1176,30.86
R0005405,2025-11-11 05:30:00,University,Premium,9,1,0.617,1.836,6.4,23.415,85,35,2.4286,1.6,51.92
R0005406,2025-01-06 07:09:00,Central,Economy,17,0,1.895,1.984,9.81,35.128,78,45,1.7333,1.308,39.41
R0005407,2025-11-05 02:54:00,South,Comfort,19,0,0.432,1.747,8.133,26.522,66,36,1.8333,1.35,34.78
R0005408,2025-08-19 03:52:00,North,Comfort,13,1,0.647,0.888,25.104,72.253,47,41,1.1463,1.0615,65.85
R0005409,2025-02-02 03:35:00,Tech Park,Economy,17,0,1.553,1.822,13.844,55.049,91,39,2.3333,1.56,60.92
R0005410,2025-08-31 06:50:00,Central,Economy,0,0,1.154,1.01,5.361,15.749,52,62,0.8387,1.0,12.09
R0005411,2025-01-03 10:25:00,Airport,Economy,11,0,0.261,1.044,4.083,14.484,41,31,1.3226,1.1355,14.73
R0005412,2025-12-13 03:50:00,Airport,Economy,12,0,0.871,1.358,6.24,16.158,46,43,1.0698,1.0293,15.3
R0005413,2025-11-20 18:55:00,Tech Park,Premium,21,0,0.92,1.714,4.281,17.336,64,39,1.641,1.2692,28.12
R0005414,2025-04-30 17:49:00,Airport,Economy,7,0,1.054,1.289,6.037,18.094,87,39,2.2308,1.5169,22.57
R0005415,2025-04-05 02:36:00,South,Comfort,5,1,0.285,0.863,4.557,13.32,42,45,0.9333,1.0,11.42
R0005416,2025-01-18 08:32:00,Tech Park,Comfort,8,1,0.141,1.68,6.489,24.243,88,36,2.4444,1.6067,36.02
R0005417,2025-03-20 18:43:00,Tech Park,Premium,4,1,1.984,1.26,6.532,18.232,63,50,1.26,1.1092,31.88
R0005418,2025-07-27 14:32:00,North,Economy,13,0,3.0,1.681,8.423,37.723,64,37,1.7297,1.3065,37.27
R0005419,2025-11-05 15:26:00,Central,Premium,15,0,1.034,0.969,6.932,20.089,53,46,1.1522,1.0639,25.07
R0005420,2025-03-04 12:15:00,University,Economy,19,0,0.409,1.692,4.729,19.333,66,30,2.2,1.504,22.69
R0005421,2025-04-17 21:00:00,South,Economy,23,1,1.75,1.393,15.153,53.787,60,30,2.0,1.42,56.77
R0005422,2025-04-06 03:18:00,North,Comfort,1,0,0.227,1.183,9.695,31.77,36,56,0.6429,1.0,26.88
R0005423,2025-06-29 20:13:00,University,Economy,5,1,0.249,0.927,5.758,15.139,54,42,1.2857,1.12,14.73
R0005424,2025-01-08 15:23:00,Central,Comfort,7,0,2.093,2.067,4.771,19.891,99,44,2.25,1.525,35.45
R0005425,2025-12-04 17:32:00,North,Comfort,5,0,2.882,1.79,3.466,9.836,51,41,1.2439,1.1024,15.89
R0005426,2025-03-08 00:15:00,Airport,Comfort,19,1,0.36,1.206,3.329,11.009,84,34,2.4706,1.6176,18.67
R0005427,2025-09-11 04:05:00,Central,Comfort,3,0,0.277,1.059,13.82,45.962,55,44,1.25,1.105,41.53
R0005428,2025-07-03 03:28:00,North,Economy,0,1,0.629,0.788,13.036,33.852,48,45,1.0667,1.028,25.01
R0005429,2025-06-08 23:16:00,Tech Park,Economy,20,0,0.2,1.431,5.633,18.087,53,36,1.4722,1.1983,14.89
R0005430,2025-03-29 20:34:00,Central,Economy,23,0,0.112,0.88,16.468,51.655,62,50,1.24,1.1008,37.85
R0005431,2025-07-03 09:37:00,Tech Park,Comfort,5,0,0.118,1.009,10.905,32.827,60,52,1.1538,1.0646,31.58
R0005432,2025-07-02 13:09:00,Tech Park,Economy,7,1,0.849,1.771,8.687,30.416,87,42,2.0714,1.45,35.49
R0005433,2025-05-01 00:49:00,University,Premium,12,0,0.593,1.27,12.479,41.406,43,44,0.9773,1.0,54.3
R0005434,2025-06-17 08:43:00,Airport,Economy,12,1,1.54,1.325,10.915,35.136,53,41,1.2927,1.1229,30.38
R0005435,2025-11-09 19:32:00,Tech Park,Economy,23,1,2.099,1.499,8.453,23.624,81,31,2.6129,1.6774,34.07
R0005436,2025-07-20 01:11:00,Central,Comfort,9,0,0.997,1.535,6.807,21.345,85,52,1.6346,1.2665,28.41
R0005437,2025-07-22 00:09:00,Tech Park,Comfort,0,1,0.201,1.226,7.323,28.671,58,52,1.1154,1.0485,25.15
R0005438,2025-06-14 12:53:00,North,Economy,10,1,0.039,0.964,3.208,11.426,56,43,1.3023,1.127,9.91
R0005439,2025-10-27 00:27:00,Tech Park,Economy,13,0,0.442,1.354,5.001,20.729,61,54,1.1296,1.0544,14.36
R0005440,2025-07-14 04:18:00,Central,Comfort,12,1,0.384,1.312,20.907,65.405,68,49,1.3878,1.1629,68.66
R0005441,2025-12-31 05:12:00,South,Comfort,12,0,0.214,1.173,4.928,16.396,41,48,0.8542,1.0,13.75
R0005442,2025-03-19 13:04:00,Central,Economy,22,0,0.972,1.576,2.807,10.644,59,40,1.475,1.1995,10.57
R0005443,2025-06-22 00:24:00,Central,Economy,19,0,1.036,1.412,12.771,41.803,74,42,1.7619,1.32,38.65
R0005444,2025-12-27 08:27:00,South,Economy,6,1,0.822,1.288,8.906,29.973,50,44,1.1364,1.0573,20.31
R0005445,2025-01-08 21:15:00,Central,Economy,8,0,2.996,2.114,9.186,34.382,88,38,2.3158,1.5526,47.33
R0005446,2025-11-17 05:57:00,Tech Park,Economy,16,0,0.125,1.066,7.123,25.221,58,41,1.4146,1.1741,19.05
R0005447,2025-11-21 19:10:00,Tech Park,Economy,9,0,0.47,1.425,12.819,44.336,75,41,1.8293,1.3483,41.98
R0005448,2025-06-04 11:05:00,South,Comfort,10,0,0.618,1.732,18.017,64.582,59,39,1.5128,1.2154,67.14
R0005449,2025-03-29 22:55:00,Tech Park,Economy,4,1,0.41,1.136,5.831,19.379,56,46,1.2174,1.0913,14.43
R0005450,2025-11-28 02:54:00,Tech Park,Comfort,6,1,0.355,0.94,11.002,32.178,52,31,1.6774,1.2845,36.27
R0005451,2025-04-04 15:43:00,University,Economy,17,0,1.187,1.751,14.37,48.559,66,36,1.8333,1.35,49.76
R0005452,2025-08-31 06:35:00,Airport,Economy,20,0,0.29,1.366,5.653,17.472,88,38,2.3158,1.5526,25.11
R0005453,2025-05-04 06:36:00,South,Economy,18,1,0.232,1.521,17.819,60.665,60,43,1.3953,1.166,50.03
R0005454,2025-01-02 13:18:00,Tech Park,Economy,7,0,1.03,1.908,14.344,53.397,78,38,2.0526,1.4421,61.07
R0005455,2025-12-20 09:34:00,Central,Comfort,3,0,1.006,1.358,3.923,15.494,55,53,1.0377,1.0158,13.63
R0005456,2025-05-18 22:17:00,Central,Premium,3,1,0.1,1.156,18.676,59.374,42,46,0.913,1.0,66.32
R0005457,2025-08-24 10:40:00,Central,Comfort,9,1,1.56,2.004,4.038,15.423,109,27,4.037,2.2756,42.63
R0005458,2025-06-28 04:39:00,South,Comfort,12,0,2.622,1.647,5.322,17.757,45,50,0.9,1.0,19.12
R0005459,2025-09-27 18:22:00,Central,Comfort,21,0,0.06,1.445,11.314,40.249,65,51,1.2745,1.1153,37.94
R0005460,2025-01-20 14:01:00,Tech Park,Comfort,21,1,1.197,1.827,13.774,51.539,74,38,1.9474,1.3979,72.32
R0005461,2025-02-19 21:22:00,South,Economy,0,0,0.782,1.336,8.201,26.261,36,45,0.8,1.0,20.9
R0005462,2025-11-28 21:14:00,South,Comfort,16,0,0.711,0.88,5.494,14.357,34,58,0.5862,1.0,16.53
R0005463,2025-05-18 08:34:00,Central,Economy,7,1,1.638,1.596,6.732,22.945,84,50,1.68,1.2856,24.55
R0005464,2025-04-28 02:12:00,Tech Park,Economy,4,0,0.768,0.879,6.308,20.007,51,47,1.0851,1.0357,14.14
R0005465,2025-03-30 06:07:00,Tech Park,Comfort,13,0,0.74,0.812,12.338,39.017,46,50,0.92,1.0,34.97
R0005466,2025-09-18 05:22:00,Central,Comfort,0,0,0.386,0.88,6.214,18.421,39,38,1.0263,1.0111,17.52
R0005467,2025-01-07 14:55:00,Central,Economy,8,0,1.703,1.762,5.428,18.922,92,36,2.5556,1.6533,28.26
R0005468,2025-10-06 23:17:00,Central,Premium,13,0,0.094,1.289,3.447,17.089,56,35,1.6,1.252,22.29
R0005469,2025-08-28 09:01:00,University,Economy,6,0,1.385,1.171,5.602,17.74,34,46,0.7391,1.0,14.39
R0005470,2025-08-17 20:57:00,Central,Comfort,14,0,0.274,0.776,7.278,19.477,69,36,1.9167,1.385,25.19
R0005471,2025-01-04 21:13:00,Airport,Premium,11,1,0.595,1.137,4.172,13.187,65,41,1.5854,1.2459,21.64
R0005472,2025-03-01 19:14:00,Central,Economy,19,0,0.204,1.553,2.975,10.521,94,46,2.0435,1.4383,13.03
R0005473,2025-11-14 08:24:00,Airport,Premium,4,0,0.433,0.937,13.316,42.201,37,47,0.7872,1.0,47.31
R0005474,2025-12-01 11:29:00,North,Comfort,1,0,0.247,0.938,4.481,10.577,36,46,0.7826,1.0,9.68
R0005475,2025-08-29 00:58:00,Tech Park,Comfort,12,0,0.478,1.278,3.781,14.665,61,53,1.1509,1.0634,16.83
R0005476,2025-01-23 01:31:00,North,Premium,6,1,1.466,1.01,18.416,55.041,48,38,1.2632,1.1105,74.67
R0005477,2025-07-14 07:14:00,Tech Park,Comfort,16,0,0.375,0.768,12.389,33.758,49,43,1.1395,1.0586,25.12
R0005478,2025-07-24 08:54:00,Airport,Economy,2,0,0.963,1.257,13.654,43.344,38,50,0.76,1.0,28.52
R0005479,2025-06-12 19:07:00,North,Comfort,13,1,0.333,0.949,10.256,30.249,39,47,0.8298,1.0,24.62
R0005480,2025-10-17 13:43:00,Tech Park,Economy,23,0,0.246,1.324,15.979,52.428,52,47,1.1064,1.0447,34.3
R0005481,2025-06-09 07:47:00,Tech Park,Economy,2,0,0.641,1.088,12.627,38.068,48,46,1.0435,1.0183,24.6
R0005482,2025-08-24 21:56:00,Tech Park,Economy,7,1,0.015,1.535,6.427,22.916,60,38,1.5789,1.2432,20.08
R0005483,2025-04-25 10:06:00,Central,Economy,20,0,0.353,1.755,4.324,15.105,65,37,1.7568,1.3178,16.81
R0005484,2025-09-18 23:10:00,North,Comfort,12,1,1.739,1.012,3.835,17.462,50,44,1.1364,1.0573,17.5
R0005485,2025-09-02 17:36:00,Tech Park,Premium,4,1,0.913,1.225,7.193,25.957,53,47,1.1277,1.0536,34.07
R0005486,2025-10-05 17:12:00,Central,Premium,5,1,0.607,1.044,4.242,15.033,56,51,1.098,1.0412,20.93
R0005487,2025-08-10 18:18:00,Tech Park,Economy,18,0,0.555,1.835,5.009,18.604,54,49,1.102,1.0429,15.08
R0005488,2025-10-24 22:15:00,Central,Economy,20,1,1.466,1.698,7.144,28.26,80,39,2.0513,1.4415,33.43
R0005489,2025-04-25 17:22:00,Airport,Economy,8,0,0.335,1.642,16.757,59.9,69,38,1.8158,1.3426,57.12
R0005490,2025-02-11 05:34:00,Tech Park,Economy,11,0,0.454,1.017,3.384,11.626,48,45,1.0667,1.028,8.22
R0005491,2025-12-14 03:05:00,Tech Park,Economy,18,1,0.016,1.627,7.896,27.436,105,43,2.4419,1.6056,31.56
R0005492,2025-11-04 07:03:00,University,Economy,4,0,0.559,1.055,3.903,13.606,37,49,0.7551,1.0,14.06
R0005493,2025-05-20 04:23:00,University,Premium,4,1,0.959,1.22,5.72,22.862,47,38,1.2368,1.0995,31.9
R0005494,2025-09-14 13:26:00,Central,Economy,18,0,0.367,1.932,12.954,49.502,78,41,1.9024,1.379,46.02
R0005495,2025-09-22 10:19:00,South,Comfort,4,0,0.847,1.101,4.872,15.465,30,48,0.625,1.0,16.36
R0005496,2025-03-28 01:24:00,University,Premium,18,0,0.452,1.704,6.72,25.228,63,48,1.3125,1.1312,36.03
R0005497,2025-06-13 00:40:00,Central,Comfort,11,1,0.882,1.57,8.394,30.009,73,55,1.3273,1.1375,30.23
R0005498,2025-01-30 18:23:00,North,Economy,23,0,0.685,1.193,11.423,35.302,43,49,0.8776,1.0,23.88
R0005499,2025-02-10 19:31:00,University,Economy,0,0,0.276,0.611,5.747,14.637,41,34,1.2059,1.0865,9.95
R0005500,2025-11-04 00:45:00,Airport,Premium,22,0,0.463,0.963,15.54,47.83,39,47,0.8298,1.0,49.96
R0005501,2025-11-28 16:49:00,University,Economy,5,1,0.561,0.884,6.081,21.189,51,37,1.3784,1.1589,18.85
R0005502,2025-04-15 13:08:00,North,Economy,0,0,0.548,1.265,10.139,38.169,54,42,1.2857,1.12,23.22
R0005503,2025-10-18 17:21:00,University,Premium,17,0,2.116,1.914,6.997,28.237,77,35,2.2,1.504,65.24
R0005504,2025-07-07 09:55:00,South,Comfort,12,0,0.533,1.287,11.676,38.468,30,40,0.75,1.0,35.33
R0005505,2025-03-06 15:39:00,Tech Park,Comfort,20,0,1.767,1.978,23.692,91.889,69,43,1.6047,1.254,121.55
R0005506,2025-04-08 08:32:00,Tech Park,Economy,2,0,0.191,1.144,6.668,19.654,39,48,0.8125,1.0,17.1
R0005507,2025-06-08 07:35:00,Airport,Economy,1,0,0.855,0.934,7.7,24.809,56,47,1.1915,1.0804,21.2
R0005508,2025-12-13 23:11:00,South,Comfort,13,1,1.194,1.306,6.125,23.14,38,43,0.8837,1.0,21.85
R0005509,2025-11-08 04:06:00,University,Economy,21,1,0.095,1.813,5.628,23.964,69,38,1.8158,1.3426,22.44
R0005510,2025-07-18 13:43:00,University,Economy,9,0,0.983,1.466,5.288,22.599,63,35,1.8,1.336,23.09
R0005511,2025-09-26 08:48:00,University,Economy,19,0,0.031,1.499,7.689,25.739,70,28,2.5,1.63,31.28
R0005512,2025-09-15 18:44:00,South,Economy,21,0,0.32,1.671,5.067,18.001,68,41,1.6585,1.2766,21.28
R0005513,2025-08-28 08:06:00,South,Economy,20,1,0.63,1.681,5.152,18.949,59,29,2.0345,1.4345,19.77
R0005514,2025-12-20 21:28:00,South,Comfort,12,0,2.147,1.645,1.362,3.742,45,39,1.1538,1.0646,8.69
R0005515,2025-10-25 22:00:00,South,Economy,16,0,0.987,1.309,16.639,55.302,29,39,0.7436,1.0,37.67
R0005516,2025-01-15 22:08:00,South,Economy,12,1,0.308,1.129,19.184,60.717,48,47,1.0213,1.0089,38.43
R0005517,2025-04-26 21:39:00,Airport,Premium,16,0,1.44,1.406,11.099,38.755,59,48,1.2292,1.0962,56.26
R0005518,2025-01-22 07:49:00,Airport,Premium,13,0,0.136,1.162,4.804,16.421,43,40,1.075,1.0315,16.22
R0005519,2025-11-06 03:15:00,South,Comfort,12,0,0.05,1.016,3.877,15.011,36,49,0.7347,1.0,13.82
R0005520,2025-01-28 16:09:00,Central,Premium,10,0,0.843,1.638,3.286,14.075,72,51,1.4118,1.1729,20.83
R0005521,2025-11-28 01:44:00,Central,Economy,15,0,0.357,1.243,11.04,34.467,64,56,1.1429,1.06,26.16
R0005522,2025-04-01 00:29:00,Central,Economy,18,1,0.654,1.534,15.579,47.258,73,25,2.92,1.8064,60.16
R0005523,2025-01-22 05:29:00,Tech Park,Economy,22,0,0.133,1.011,8.511,25.532,47,50,0.94,1.0,20.43
R0005524,2025-04-28 11:46:00,University,Economy,14,0,1.567,1.074,12.451,38.475,54,42,1.2857,1.12,34.57
R0005525,2025-11-30 14:36:00,South,Comfort,2,1,1.445,1.392,9.921,33.68,65,39,1.6667,1.28,40.79
R0005526,2025-05-12 13:35:00,University,Comfort,14,1,0.092,1.238,5.084,16.878,51,35,1.4571,1.192,19.31
R0005527,2025-12-19 03:44:00,University,Economy,7,0,0.185,1.415,13.534,44.341,61,50,1.22,1.0924,35.66
R0005528,2025-11-08 18:37:00,Central,Economy,0,1,1.78,1.293,13.067,40.782,59,56,1.0536,1.0225,32.3
R0005529,2025-05-22 01:10:00,Central,Premium,1,0,0.351,0.977,4.505,12.203,51,56,0.9107,1.0,17.05
R0005530,2025-05-21 03:19:00,Central,Economy,14,0,0.142,1.219,12.109,39.827,48,48,1.0,1.0,29.44
R0005531,2025-11-21 19:01:00,Airport,Economy,22,0,0.728,1.386,7.162,27.015,51,60,0.85,1.0,22.38
R0005532,2025-08-02 09:50:00,South,Economy,12,0,0.377,0.982,6.73,18.158,33,46,0.7174,1.0,13.75
R0005533,2025-01-20 20:09:00,Central,Economy,10,1,0.134,1.018,9.63,29.436,83,33,2.5152,1.6364,33.9
R0005534,2025-08-13 16:53:00,University,Economy,2,1,2.204,1.604,9.467,35.553,48,51,0.9412,1.0,30.54
R0005535,2025-09-13 02:09:00,South,Economy,16,0,0.048,1.017,12.664,37.991,45,46,0.9783,1.0,27.93
R0005536,2025-03-22 04:34:00,Central,Economy,1,0,0.507,1.1,4.869,17.609,49,47,1.0426,1.0179,13.51
R0005537,2025-06-20 20:50:00,University,Economy,20,1,1.218,1.943,10.602,43.116,80,38,2.1053,1.4642,51.15
R0005538,2025-05-02 12:51:00,University,Economy,19,0,1.656,1.783,4.104,17.0,80,42,1.9048,1.38,20.16
R0005539,2025-06-27 18:00:00,Tech Park,Economy,23,0,1.004,1.067,7.041,21.23,48,51,0.9412,1.0,16.95
R0005540,2025-09-18 14:23:00,Tech Park,Economy,6,0,1.282,1.167,7.304,26.609,66,29,2.2759,1.5359,32.04
R0005541,2025-11-30 13:51:00,University,Economy,3,0,1.114,1.289,13.244,42.567,36,50,0.72,1.0,31.73
R0005542,2025-12-06 08:06:00,South,Comfort,7,0,0.629,1.822,7.808,29.005,56,42,1.3333,1.14,33.15
R0005543,2025-08-16 15:16:00,University,Comfort,19,1,0.238,1.887,6.726,27.209,63,31,2.0323,1.4335,37.5
R0005544,2025-05-23 05:55:00,Airport,Economy,5,0,0.4,1.145,17.018,52.28,43,41,1.0488,1.0205,36.25
R0005545,2025-11-23 15:45:00,South,Economy,21,0,0.169,1.554,6.135,21.691,68,31,2.1935,1.5013,24.91
R0005546,2025-07-04 19:43:00,North,Economy,3,1,0.681,1.282,5.995,19.5,48,32,1.5,1.21,18.19
R0005547,2025-03-08 00:29:00,Airport,Economy,1,0,0.233,0.867,2.767,8.816,52,37,1.4054,1.1703,10.04
R0005548,2025-03-16 04:56:00,Airport,Comfort,5,1,0.522,1.349,6.894,23.975,63,43,1.4651,1.1953,23.99
R0005549,2025-09-19 09:28:00,Airport,Premium,18,0,0.468,1.672,4.633,13.242,66,59,1.1186,1.0498,20.41
R0005550,2025-07-15 10:44:00,Central,Economy,14,0,0.795,1.102,6.767,21.496,57,41,1.3902,1.1639,15.43
R0005551,2025-03-27 14:02:00,Airport,Economy,8,0,0.52,1.469,8.864,26.858,57,47,1.2128,1.0894,19.71
R0005552,2025-06-17 00:49:00,North,Economy,15,1,0.568,1.215,4.277,13.79,43,38,1.1316,1.0553,12.36
R0005553,2025-02-28 20:53:00,Tech Park,Economy,15,0,0.112,0.97,4.94,16.442,51,54,0.9444,1.0,11.83
R0005554,2025-11-25 03:14:00,South,Economy,13,1,0.31,1.039,3.223,10.232,42,36,1.1667,1.07,6.66
R0005555,2025-11-14 02:03:00,Tech Park,Economy,12,0,0.965,0.873,5.869,19.432,54,54,1.0,1.0,11.18
R0005556,2025-12-17 20:10:00,Airport,Economy,2,0,0.439,1.001,4.621,15.668,43,46,0.9348,1.0,11.26
R0005557,2025-08-04 19:47:00,Tech Park,Comfort,6,1,0.378,0.966,25.262,69.28,50,36,1.3889,1.1633,61.27
R0005558,2025-05-17 14:39:00,Central,Comfort,12,0,0.701,1.201,17.765,58.696,41,62,0.6613,1.0,46.96
R0005559,2025-02-22 02:44:00,Central,Economy,3,1,0.609,1.061,16.249,50.019,73,40,1.825,1.3465,42.32
R0005560,2025-07-27 07:59:00,North,Premium,11,0,0.687,0.647,3.811,10.155,32,49,0.6531,1.0,15.15
R0005561,2025-07-17 16:42:00,University,Comfort,2,0,0.799,1.069,7.046,21.314,51,44,1.1591,1.0668,19.51
R0005562,2025-06-13 22:41:00,University,Economy,18,1,0.508,1.38,4.008,9.83,83,32,2.5938,1.6694,11.81
R0005563,2025-08-25 09:31:00,Tech Park,Premium,2,0,0.166,0.842,21.403,61.176,36,45,0.8,1.0,70.13
R0005564,2025-05-22 19:18:00,Tech Park,Comfort,2,0,0.132,1.204,12.269,40.645,42,47,0.8936,1.0,36.17
R0005565,2025-11-24 12:43:00,South,Economy,15,0,0.283,0.747,4.354,11.694,34,58,0.5862,1.0,9.88
R0005566,2025-12-01 15:47:00,Tech Park,Economy,5,1,1.981,1.41,9.518,30.426,65,51,1.2745,1.1153,26.93
R0005567,2025-03-11 13:10:00,Central,Economy,8,0,0.584,1.564,3.437,13.424,81,40,2.025,1.4305,19.51
R0005568,2025-01-13 17:24:00,Central,Comfort,7,0,0.892,1.585,7.206,28.607,82,42,1.9524,1.4,39.14
R0005569,2025-03-10 09:23:00,University,Premium,5,1,0.393,0.894,7.053,23.721,57,40,1.425,1.1785,32.68
R0005570,2025-04-09 23:41:00,University,Economy,18,0,0.473,1.693,11.667,44.029,61,34,1.7941,1.3335,40.22
R0005571,2025-09-20 20:27:00,Central,Economy,16,1,0.241,1.121,13.374,46.107,55,45,1.2222,1.0933,32.84
R0005572,2025-03-23 13:18:00,Central,Economy,5,1,0.926,0.856,7.855,25.354,59,39,1.5128,1.2154,20.39
R0005573,2025-05-27 15:21:00,Central,Comfort,16,0,0.433,1.285,6.867,25.624,68,47,1.4468,1.1877,29.68
R0005574,2025-06-05 19:50:00,North,Economy,17,1,1.007,1.518,1.311,6.07,71,26,2.7308,1.7269,13.74
R0005575,2025-09-18 13:18:00,Central,Economy,12,0,0.02,1.074,18.342,55.075,52,35,1.4857,1.204,44.06
R0005576,2025-06-24 09:57:00,South,Economy,13,0,1.05,0.976,5.41,19.578,38,33,1.1515,1.0636,15.52
R0005577,2025-03-14 18:18:00,Airport,Comfort,22,0,0.199,0.953,8.217,22.843,53,46,1.1522,1.0639,22.32
R0005578,2025-10-30 00:25:00,Airport,Economy,10,0,0.244,1.364,26.91,88.791,71,34,2.0882,1.4571,75.9
R0005579,2025-08-21 18:03:00,Central,Economy,9,0,1.265,1.683,4.028,14.181,99,44,2.25,1.525,17.26
R0005580,2025-10-19 10:10:00,Tech Park,Economy,12,0,1.413,1.218,7.859,26.496,52,53,0.9811,1.0,21.53
R0005581,2025-03-16 00:39:00,Central,Economy,20,0,0.631,1.457,10.209,35.658,78,41,1.9024,1.379,36.33
R0005582,2025-12-11 23:42:00,North,Economy,17,0,1.335,1.847,14.166,53.138,71,45,1.5778,1.2427,44.71
R0005583,2025-06-02 19:46:00,South,Economy,1,0,0.311,1.136,7.773,24.903,29,38,0.7632,1.0,14.73
R0005584,2025-06-29 22:39:00,Tech Park,Comfort,11,1,0.376,1.555,14.829,52.668,64,50,1.28,1.1176,49.27
R0005585,2025-11-27 20:56:00,Central,Economy,17,0,1.691,2.022,6.18,26.314,94,40,2.35,1.567,35.58
R0005586,2025-08-21 02:52:00,Tech Park,Economy,5,0,0.038,1.219,10.474,30.744,43,46,0.9348,1.0,19.55
R0005587,2025-03-23 08:40:00,Central,Economy,23,0,0.91,0.845,9.754,28.405,52,44,1.1818,1.0764,19.08
R0005588,2025-09-11 09:55:00,South,Economy,19,0,0.499,1.287,7.388,23.811,57,35,1.6286,1.264,21.07
R0005589,2025-03-21 21:21:00,North,Economy,20,0,0.713,1.625,9.281,33.771,63,36,1.75,1.315,31.36
R0005590,2025-05-24 00:41:00,University,Economy,1,0,0.617,1.433,4.802,16.276,52,43,1.2093,1.0879,15.62
R0005591,2025-09-14 01:42:00,University,Economy,13,0,0.911,1.609,6.591,26.834,38,41,0.9268,1.0,19.58
R0005592,2025-09-11 21:32:00,Tech Park,Economy,12,1,0.79,1.018,3.828,12.51,57,39,1.4615,1.1938,14.66
R0005593,2025-03-29 15:21:00,University,Premium,15,0,0.615,1.005,6.093,21.367,49,50,0.98,1.0,22.06
R0005594,2025-01-17 01:31:00,Central,Economy,20,0,0.757,1.784,14.527,51.215,74,38,1.9474,1.3979,52.21
R0005595,2025-07-23 09:40:00,South,Economy,8,1,0.762,1.652,9.789,34.692,67,39,1.7179,1.3015,37.38
R0005596,2025-01-08 23:11:00,Central,Premium,12,0,0.263,1.016,9.201,26.961,53,53,1.0,1.0,31.15
R0005597,2025-07-31 02:25:00,Central,Economy,16,0,2.169,1.505,3.224,13.099,64,51,1.2549,1.1071,13.26
R0005598,2025-06-03 14:06:00,South,Comfort,18,0,1.291,2.271,9.263,35.764,54,35,1.5429,1.228,46.16
R0005599,2025-11-12 08:51:00,Tech Park,Economy,18,0,0.467,1.869,7.504,25.045,74,35,2.1143,1.468,25.6
R0005600,2025-12-13 05:17:00,Tech Park,Economy,8,0,0.933,2.054,10.439,39.754,75,39,1.9231,1.3877,44.85
R0005601,2025-01-20 08:55:00,University,Premium,23,0,0.691,0.792,16.623,48.007,53,39,1.359,1.1508,61.24
R0005602,2025-11-18 12:48:00,South,Economy,0,0,1.645,1.49,6.203,20.29,46,47,0.9787,1.0,18.56
R0005603,2025-12-06 16:28:00,University,Premium,11,1,0.362,0.894,6.53,20.434,50,44,1.1364,1.0573,26.34
R0005604,2025-08-09 19:42:00,University,Economy,14,0,0.198,1.337,12.871,41.094,36,44,0.8182,1.0,28.51
R0005605,2025-09-04 06:31:00,Tech Park,Economy,1,0,1.56,1.525,5.574,16.297,59,58,1.0172,1.0072,12.82
R0005606,2025-03-06 17:02:00,Central,Economy,10,0,1.355,1.903,8.15,33.263,74,43,1.7209,1.3028,34.81
R0005607,2025-11-10 06:12:00,South,Economy,14,1,0.156,0.894,2.591,10.208,47,24,1.9583,1.4025,11.54
R0005608,2025-01-04 20:52:00,Tech Park,Economy,14,0,0.635,1.027,6.557,20.58,43,42,1.0238,1.01,15.47
R0005609,2025-06-13 11:40:00,University,Premium,2,0,0.934,1.096,15.923,49.064,45,51,0.8824,1.0,52.16
R0005610,2025-12-18 03:11:00,Airport,Economy,6,0,0.899,1.299,9.342,30.509,49,49,1.0,1.0,22.99
R0005611,2025-02-21 20:08:00,Central,Comfort,5,1,0.087,1.088,12.739,37.128,65,54,1.2037,1.0856,38.96
R0005612,2025-06-01 10:19:00,Central,Economy,15,0,0.385,1.325,13.144,46.121,59,52,1.1346,1.0565,28.7
R0005613,2025-11-11 22:10:00,Central,Economy,7,0,1.38,2.088,16.315,63.685,76,48,1.5833,1.245,63.41
R0005614,2025-12-24 16:16:00,Tech Park,Economy,13,0,0.663,0.967,6.418,20.728,53,48,1.1042,1.0438,15.2
R0005615,2025-05-31 12:58:00,Airport,Economy,17,0,1.253,1.861,13.043,47.774,63,34,1.8529,1.3582,46.21
R0005616,2025-02-25 03:47:00,Central,Economy,19,0,0.195,1.668,26.741,95.217,81,47,1.7234,1.3038,77.02
R0005617,2025-07-19 12:04:00,Tech Park,Premium,4,0,0.109,1.002,7.656,26.238,56,41,1.3659,1.1537,37.12
R0005618,2025-09-10 22:31:00,North,Comfort,21,0,0.42,1.795,3.759,15.309,64,39,1.641,1.2692,20.8
R0005619,2025-05-25 12:34:00,Central,Economy,3,1,0.555,1.188,5.6,19.43,57,41,1.3902,1.1639,16.45
R0005620,2025-09-28 17:18:00,South,Economy,0,1,0.976,1.072,10.05,33.194,47,45,1.0444,1.0187,20.19
R0005621,2025-01-28 19:22:00,South,Economy,1,0,0.417,1.049,3.114,12.219,35,51,0.6863,1.0,10.59
R0005622,2025-02-25 00:30:00,University,Economy,4,0,0.57,1.04,5.108,18.783,46,34,1.3529,1.1482,17.61
R0005623,2025-03-22 09:31:00,Tech Park,Comfort,20,0,0.087,1.435,6.479,23.39,76,40,1.9,1.378,29.81
R0005624,2025-04-13 19:29:00,University,Economy,4,0,0.164,1.014,8.252,26.234,50,52,0.9615,1.0,15.27
R0005625,2025-12-15 05:34:00,Central,Economy,16,0,0.727,0.897,20.865,60.716,62,41,1.5122,1.2151,48.71
R0005626,2025-08-12 07:47:00,Tech Park,Economy,10,0,1.257,1.862,11.34,44.592,83,43,1.9302,1.3907,51.17
R0005627,2025-08-06 12:42:00,South,Premium,0,1,1.297,1.486,4.21,14.498,51,41,1.2439,1.1024,22.51
R0005628,2025-10-21 09:27:00,Tech Park,Comfort,10,0,0.117,1.58,42.0,125.0,65,46,1.413,1.1735,128.65
R0005629,2025-07-06 02:16:00,North,Premium,0,1,0.546,1.269,7.698,30.635,47,37,1.2703,1.1135,39.89
R0005630,2025-07-22 20:46:00,Central,Economy,11,0,0.134,1.052,3.083,11.366,47,42,1.119,1.05,9.19
R0005631,2025-01-15 04:41:00,Airport,Economy,13,0,0.117,0.837,4.388,10.984,61,40,1.525,1.2205,11.16
R0005632,2025-10-17 07:40:00,Tech Park,Economy,12,0,0.091,1.378,4.402,15.042,44,57,0.7719,1.0,10.93
R0005633,2025-11-16 23:16:00,Tech Park,Premium,6,0,2.324,0.982,3.701,13.543,57,46,1.2391,1.1004,21.19
R0005634,2025-08-09 03:05:00,Central,Economy,18,0,0.064,1.563,10.3,34.826,57,58,0.9828,1.0,23.68
R0005635,2025-12-26 03:40:00,South,Comfort,14,0,0.337,0.922,1.792,4.426,40,62,0.6452,1.0,7.57
R0005636,2025-09-26 03:17:00,Tech Park,Economy,6,0,0.549,1.383,13.333,41.477,52,52,1.0,1.0,28.5
R0005637,2025-01-24 06:44:00,South,Economy,10,0,0.774,1.728,12.157,43.822,52,31,1.6774,1.2845,40.24
R0005638,2025-02-13 16:53:00,Central,Economy,2,0,0.037,1.467,6.043,24.969,68,38,1.7895,1.3316,23.27
R0005639,2025-09-26 17:43:00,University,Economy,22,0,1.413,1.261,12.854,40.456,51,43,1.186,1.0781,35.23
R0005640,2025-09-23 17:54:00,South,Comfort,18,0,0.421,1.489,4.259,17.547,43,38,1.1316,1.0553,16.31
R0005641,2025-12-17 04:32:00,Tech Park,Premium,6,1,0.16,0.721,4.888,13.901,60,50,1.2,1.084,19.47
R0005642,2025-05-17 14:10:00,South,Economy,16,0,0.215,1.238,10.509,33.25,39,56,0.6964,1.0,23.93
R0005643,2025-12-06 11:27:00,Tech Park,Economy,16,0,0.843,1.002,6.922,22.721,53,37,1.4324,1.1816,19.12
R0005644,2025-08-31 12:27:00,Central,Comfort,14,0,1.234,1.146,5.508,14.785,58,46,1.2609,1.1096,19.59
R0005645,2025-08-27 17:01:00,University,Economy,1,0,1.361,1.466,7.298,29.227,35,50,0.7,1.0,23.92
R0005646,2025-08-24 20:33:00,Central,Comfort,21,0,1.019,1.923,16.044,61.796,84,51,1.6471,1.2718,78.09
R0005647,2025-07-18 02:19:00,Tech Park,Comfort,22,0,0.257,0.936,15.705,48.51,42,53,0.7925,1.0,36.64
R0005648,2025-01-21 15:42:00,University,Economy,23,0,1.007,1.099,9.819,30.24,41,52,0.7885,1.0,20.47
R0005649,2025-01-26 06:09:00,South,Economy,23,0,0.232,0.726,6.389,19.629,36,52,0.6923,1.0,12.35
R0005650,2025-07-02 16:21:00,South,Economy,22,0,0.449,0.711,10.348,31.017,38,55,0.6909,1.0,21.82
R0005651,2025-07-18 06:44:00,Airport,Economy,17,1,2.485,2.135,4.834,19.981,84,37,2.2703,1.5335,30.96
R0005652,2025-10-05 12:45:00,North,Premium,1,1,0.651,1.274,14.775,45.873,41,39,1.0513,1.0215,55.17
R0005653,2025-11-14 18:52:00,South,Economy,11,0,1.131,1.268,13.102,40.404,50,40,1.25,1.105,31.09
R0005654,2025-06-19 00:36:00,Airport,Economy,5,0,0.032,1.039,22.474,66.5,45,35,1.2857,1.12,51.57
R0005655,2025-02-25 11:51:00,Airport,Economy,5,0,0.629,0.986,4.997,16.431,47,58,0.8103,1.0,12.76
R0005656,2025-08-23 17:40:00,University,Comfort,19,0,0.02,1.818,4.667,17.921,51,36,1.4167,1.175,21.67
R0005657,2025-02-25 21:52:00,Central,Economy,19,0,0.337,1.29,10.519,33.519,63,48,1.3125,1.1312,25.15
R0005658,2025-05-31 04:34:00,Central,Economy,12,0,0.449,0.997,6.682,22.35,64,46,1.3913,1.1643,20.67
R0005659,2025-10-24 09:30:00,Central,Comfort,17,0,0.31,1.635,13.459,46.778,83,38,2.1842,1.4974,63.56
R0005660,2025-10-26 02:09:00,South,Economy,3,0,0.979,1.176,16.034,49.087,40,38,1.0526,1.0221,34.61
R0005661,2025-12-20 17:14:00,North,Economy,5,0,0.417,1.075,19.817,62.295,36,43,0.8372,1.0,39.71
R0005662,2025-07-31 18:10:00,Tech Park,Economy,20,1,1.059,1.647,8.021,30.386,78,43,1.814,1.3419,29.85
R0005663,2025-01-31 10:20:00,North,Economy,10,1,0.57,1.75,12.606,43.401,69,36,1.9167,1.385,40.47
R0005664,2025-11-24 13:55:00,Airport,Premium,13,0,0.594,0.888,5.846,14.969,39,57,0.6842,1.0,19.27
R0005665,2025-02-25 14:21:00,North,Comfort,11,0,0.815,1.121,8.754,25.347,36,43,0.8372,1.0,26.84
R0005666,2025-06-01 10:58:00,Airport,Premium,4,0,0.72,1.207,7.543,24.637,41,57,0.7193,1.0,29.91
R0005667,2025-05-26 20:48:00,Tech Park,Premium,19,0,0.576,1.594,7.325,29.031,63,36,1.75,1.315,49.66
R0005668,2025-08-26 20:26:00,Airport,Economy,18,0,0.79,1.693,21.182,78.59,62,36,1.7222,1.3033,68.43
R0005669,2025-12-09 02:34:00,Central,Economy,16,1,0.464,1.122,3.713,14.305,74,52,1.4231,1.1777,9.89
R0005670,2025-08-13 18:21:00,North,Comfort,8,0,1.387,1.483,7.747,31.353,67,53,1.2642,1.1109,32.88
R0005671,2025-02-02 12:37:00,Central,Economy,15,0,0.68,0.822,8.001,23.938,52,41,1.2683,1.1127,15.6
R0005672,2025-02-25 22:25:00,South,Premium,22,1,0.868,1.18,11.065,37.726,57,42,1.3571,1.15,53.84
R0005673,2025-01-14 19:15:00,North,Economy,15,0,0.042,0.898,4.248,12.195,34,44,0.7727,1.0,6.49
R0005674,2025-05-03 15:14:00,University,Economy,11,0,0.004,0.902,6.59,16.639,25,42,0.5952,1.0,12.17
R0005675,2025-12-04 08:37:00,Airport,Comfort,6,1,1.073,1.296,5.598,18.46,62,47,1.3191,1.134,19.87
R0005676,2025-01-18 16:52:00,South,Premium,12,1,0.065,0.834,2.251,7.435,48,43,1.1163,1.0488,9.72
R0005677,2025-06-06 20:07:00,Tech Park,Comfort,8,0,1.443,1.375,14.722,54.578,63,47,1.3404,1.143,60.39
R0005678,2025-09-11 23:26:00,Central,Economy,14,1,1.656,1.596,3.461,13.29,78,39,2.0,1.42,17.18
R0005679,2025-07-30 00:38:00,South,Economy,1,0,1.467,1.482,3.216,9.906,57,47,1.2128,1.0894,10.64
R0005680,2025-09-27 07:58:00,University,Economy,4,0,0.825,1.364,13.081,45.605,50,45,1.1111,1.0467,32.38
R0005681,2025-05-09 14:59:00,Tech Park,Comfort,18,0,0.028,1.353,6.461,20.507,64,27,2.3704,1.5756,28.99
R0005682,2025-12-01 22:19:00,University,Economy,9,1,0.027,1.541,6.585,23.941,70,35,2.0,1.42,22.53
R0005683,2025-08-20 00:05:00,Tech Park,Comfort,10,1,0.085,1.337,6.655,24.635,69,45,1.5333,1.224,23.56
R0005684,2025-01-29 10:58:00,North,Economy,13,0,0.246,1.034,14.026,40.525,26,47,0.5532,1.0,26.97
R0005685,2025-07-14 00:35:00,University,Economy,10,0,1.229,1.709,5.734,24.922,61,51,1.1961,1.0824,21.76
R0005686,2025-07-16 20:53:00,Central,Premium,18,1,0.374,1.423,10.776,39.105,81,37,2.1892,1.4995,71.67
R0005687,2025-01-07 12:08:00,South,Economy,5,0,1.511,1.363,4.147,15.581,41,38,1.0789,1.0332,14.37
R0005688,2025-04-14 14:46:00,Tech Park,Economy,18,0,0.303,1.558,9.314,36.782,79,33,2.3939,1.5855,38.61
R0005689,2025-03-06 21:48:00,University,Economy,5,1,3.0,1.85,12.762,46.891,63,42,1.5,1.21,47.93
R0005690,2025-12-24 16:01:00,University,Premium,8,0,1.847,1.898,16.824,64.878,69,33,2.0909,1.4582,131.77
R0005691,2025-01-20 18:05:00,Airport,Economy,14,0,0.346,0.604,3.313,10.606,45,45,1.0,1.0,10.25
R0005692,2025-07-31 15:12:00,Tech Park,Economy,21,0,0.211,1.262,6.598,20.701,72,42,1.7143,1.3,18.61
R0005693,2025-02-08 12:41:00,Central,Comfort,5,0,1.866,1.713,18.711,65.766,75,41,1.8293,1.3483,91.92
R0005694,2025-03-15 10:48:00,Tech Park,Comfort,14,1,0.153,0.963,12.897,42.964,53,29,1.8276,1.3476,47.09
R0005695,2025-02-28 19:50:00,Tech Park,Economy,1,0,0.317,1.1,6.963,24.616,61,41,1.4878,1.2049,19.01
R0005696,2025-12-12 14:32:00,Central,Economy,1,0,0.149,1.029,7.784,26.221,67,39,1.7179,1.3015,21.42
R0005697,2025-11-28 13:18:00,Tech Park,Economy,18,0,0.721,1.935,9.146,33.915,88,47,1.8723,1.3664,34.47
R0005698,2025-11-28 21:43:00,North,Premium,17,0,1.597,1.494,6.327,24.064,55,41,1.3415,1.1434,37.42
R0005699,2025-03-18 05:25:00,South,Comfort,9,0,0.36,1.854,10.495,38.746,62,41,1.5122,1.2151,46.73
R0005700,2025-01-06 18:07:00,University,Premium,14,0,1.337,1.467,10.173,38.781,27,44,0.6136,1.0,53.88
R0005701,2025-12-28 13:17:00,South,Premium,9,0,0.769,1.689,4.208,18.836,47,34,1.3824,1.1606,28.66
R0005702,2025-05-20 05:37:00,South,Economy,6,0,0.143,1.1,5.934,21.235,35,34,1.0294,1.0124,12.3
R0005703,2025-11-26 13:38:00,Airport,Economy,10,0,0.33,1.543,6.051,23.638,66,36,1.8333,1.35,21.98
R0005704,2025-08-09 05:27:00,Central,Comfort,7,0,0.078,1.261,6.749,22.376,67,37,1.8108,1.3405,26.37
R0005705,2025-06-05 08:20:00,Airport,Comfort,19,0,2.314,2.071,9.011,36.907,84,41,2.0488,1.4405,60.03
R0005706,2025-09-24 03:46:00,Central,Comfort,9,0,0.654,1.712,8.579,34.962,78,37,2.1081,1.4654,44.22
R0005707,2025-01-28 06:24:00,Central,Economy,7,0,0.56,1.699,5.229,20.796,69,45,1.5333,1.224,21.58
R0005708,2025-12-01 18:57:00,South,Premium,12,0,0.639,1.202,16.235,49.517,40,45,0.8889,1.0,55.99
R0005709,2025-12-18 22:11:00,Tech Park,Comfort,18,0,0.204,1.478,7.79,30.015,65,38,1.7105,1.2984,35.34
R0005710,2025-05-15 06:53:00,Central,Comfort,6,1,0.378,1.337,17.374,55.365,61,60,1.0167,1.007,47.55
R0005711,2025-10-01 01:34:00,South,Economy,22,0,0.818,1.149,17.152,53.342,32,38,0.8421,1.0,33.64
R0005712,2025-03-29 13:25:00,University,Economy,11,1,0.05,1.106,4.338,13.431,54,36,1.5,1.21,14.64
R0005713,2025-04-28 15:01:00,Central,Comfort,15,1,0.016,0.954,5.932,12.729,56,43,1.3023,1.127,13.52
R0005714,2025-06-27 10:40:00,South,Comfort,22,0,0.296,1.242,6.175,21.065,32,42,0.7619,1.0,17.61
R0005715,2025-04-09 22:42:00,Airport,Economy,10,0,0.243,1.613,9.229,37.848,83,37,2.2432,1.5222,40.2
R0005716,2025-09-02 20:42:00,South,Economy,4,0,1.683,1.288,11.583,38.625,49,37,1.3243,1.1362,34.54
R0005717,2025-11-20 07:49:00,Tech Park,Comfort,17,0,0.204,1.804,8.422,38.197,62,40,1.55,1.231,42.05
R0005718,2025-09-23 15:50:00,Airport,Premium,0,0,0.836,0.84,5.737,17.023,48,49,0.9796,1.0,21.88
R0005719,2025-10-13 10:44:00,Central,Economy,10,0,0.242,1.543,19.267,66.757,71,35,2.0286,1.432,64.64
R0005720,2025-12-07 06:17:00,University,Economy,23,1,0.79,1.032,6.104,19.137,43,34,1.2647,1.1112,15.55
R0005721,2025-03-18 06:33:00,Central,Economy,9,0,0.666,1.737,11.681,42.829,80,50,1.6,1.252,37.59
R0005722,2025-04-20 13:07:00,Tech Park,Economy,16,1,2.037,1.423,7.611,27.125,60,47,1.2766,1.1162,25.95
R0005723,2025-03-18 16:46:00,South,Economy,12,1,0.18,1.03,7.494,26.749,45,54,0.8333,1.0,17.39
R0005724,2025-03-24 11:17:00,Central,Economy,5,0,0.181,0.904,11.252,31.368,55,46,1.1957,1.0822,20.56
R0005725,2025-10-19 23:26:00,Tech Park,Comfort,7,1,1.549,1.824,18.15,66.873,98,35,2.8,1.756,115.92
R0005726,2025-08-25 06:09:00,South,Economy,12,1,0.324,1.116,9.187,30.405,45,35,1.2857,1.12,20.76
R0005727,2025-11-13 11:51:00,Airport,Economy,2,0,0.194,1.003,5.937,21.546,41,41,1.0,1.0,14.6
R0005728,2025-12-28 05:29:00,University,Premium,9,0,0.161,1.778,17.532,59.195,58,44,1.3182,1.1336,83.38
R0005729,2025-07-11 23:20:00,North,Economy,9,0,1.493,1.929,10.192,36.028,66,48,1.375,1.1575,30.65
R0005730,2025-05-13 21:17:00,Tech Park,Comfort,20,0,0.265,1.601,8.531,30.688,55,30,1.8333,1.35,37.81
R0005731,2025-02-26 00:16:00,Central,Economy,2,0,0.212,0.616,13.67,39.142,51,55,0.9273,1.0,25.7
R0005732,2025-08-14 20:17:00,Central,Comfort,20,0,0.205,1.548,9.274,31.654,59,42,1.4048,1.17,33.36
R0005733,2025-03-31 12:08:00,Tech Park,Comfort,9,0,0.955,1.835,30.004,111.288,75,37,2.027,1.4314,153.1
R0005734,2025-08-14 06:08:00,Tech Park,Economy,15,1,0.435,1.028,7.776,28.587,56,57,0.9825,1.0,19.22
R0005735,2025-08-27 02:11:00,Central,Comfort,13,0,1.535,1.331,14.619,48.028,58,49,1.1837,1.0771,50.2
R0005736,2025-12-26 14:01:00,Tech Park,Comfort,7,0,2.711,1.998,9.906,38.123,92,44,2.0909,1.4582,66.37
R0005737,2025-03-05 00:28:00,North,Economy,22,0,0.667,1.162,9.888,32.573,43,40,1.075,1.0315,24.15
R0005738,2025-07-28 06:10:00,Central,Comfort,5,1,0.736,1.385,6.365,22.437,71,43,1.6512,1.2735,27.43
R0005739,2025-01-12 22:45:00,Tech Park,Economy,0,0,0.41,1.215,6.383,21.74,62,49,1.2653,1.1114,16.51
R0005740,2025-07-10 06:08:00,South,Economy,18,0,0.64,1.432,10.208,34.452,59,44,1.3409,1.1432,27.29
R0005741,2025-04-20 11:03:00,North,Premium,14,0,0.802,0.846,4.818,14.277,47,49,0.9592,1.0,19.07
R0005742,2025-04-10 09:42:00,Tech Park,Economy,21,0,1.264,1.857,5.66,19.829,72,43,1.6744,1.2833,20.3
R0005743,2025-08-23 18:22:00,South,Economy,10,1,0.146,1.787,7.834,30.804,68,39,1.7436,1.3123,31.45
R0005744,2025-01-14 09:23:00,University,Economy,0,0,2.355,1.125,15.367,45.409,48,55,0.8727,1.0,40.34
R0005745,2025-06-28 23:01:00,Tech Park,Premium,0,0,0.303,1.017,8.12,23.365,46,42,1.0952,1.04,28.88
R0005746,2025-09-17 03:19:00,Central,Economy,10,0,1.874,2.314,8.049,31.201,84,31,2.7097,1.7181,43.84
R0005747,2025-12-16 05:16:00,North,Economy,5,1,1.034,1.138,4.34,13.875,42,39,1.0769,1.0323,13.17
R0005748,2025-12-18 23:35:00,University,Comfort,22,1,0.124,1.477,19.74,66.804,37,45,0.8222,1.0,56.59
R0005749,2025-02-19 01:31:00,University,Comfort,2,0,1.463,1.115,14.281,41.891,42,33,1.2727,1.1145,45.64
R0005750,2025-01-18 22:09:00,Central,Economy,21,1,0.565,1.535,15.193,51.887,90,45,2.0,1.42,49.82
R0005751,2025-12-05 16:19:00,Central,Premium,5,0,0.878,1.031,3.494,12.082,58,49,1.1837,1.0771,19.02
R0005752,2025-10-26 01:16:00,Central,Economy,2,1,0.421,0.846,9.425,24.143,66,41,1.6098,1.2561,19.75
R0005753,2025-06-22 14:18:00,University,Economy,6,1,0.493,0.784,4.637,12.425,52,34,1.5294,1.2224,12.83
R0005754,2025-05-27 02:43:00,University,Economy,3,0,0.051,0.969,11.875,39.598,41,39,1.0513,1.0215,25.84
R0005755,2025-12-11 06:55:00,Tech Park,Economy,9,0,0.94,1.745,9.271,32.701,81,36,2.25,1.525,38.45
R0005756,2025-06-19 11:30:00,Central,Premium,7,0,0.552,1.52,10.333,37.595,80,40,2.0,1.42,66.62
R0005757,2025-03-07 15:52:00,University,Economy,12,0,0.742,1.048,5.238,15.786,42,56,0.75,1.0,13.89
R0005758,2025-03-31 01:28:00,Airport,Economy,12,0,0.9,1.422,4.385,16.229,52,55,0.9455,1.0,11.19
R0005759,2025-04-06 01:49:00,North,Economy,0,0,0.84,1.326,5.461,17.096,45,47,0.9574,1.0,14.99
R0005760,2025-08-08 11:21:00,North,Economy,2,0,0.975,1.129,9.201,25.007,45,36,1.25,1.105,20.89
R0005761,2025-05-12 22:29:00,South,Premium,3,0,0.049,1.086,6.799,20.745,33,43,0.7674,1.0,24.05
R0005762,2025-04-21 07:19:00,South,Economy,4,0,0.433,0.783,8.928,26.721,39,39,1.0,1.0,18.52
R0005763,2025-02-15 11:12:00,Central,Premium,2,0,0.12,1.07,4.423,16.083,53,43,1.2326,1.0977,21.6
R0005764,2025-02-28 16:37:00,Central,Economy,7,0,0.863,1.694,7.74,28.827,74,51,1.451,1.1894,26.01
R0005765,2025-03-11 22:34:00,Tech Park,Premium,13,0,2.67,1.413,16.732,54.19,66,40,1.65,1.273,92.07
R0005766,2025-02-16 06:17:00,Airport,Comfort,7,1,0.946,1.726,9.326,36.325,92,39,2.359,1.5708,55.3
R0005767,2025-05-30 16:45:00,North,Economy,7,1,0.384,1.596,9.652,32.792,62,36,1.7222,1.3033,29.76
R0005768,2025-08-24 12:06:00,Central,Economy,11,0,0.496,0.853,9.695,26.949,54,48,1.125,1.0525,20.08
R0005769,2025-07-23 21:32:00,Central,Comfort,13,0,0.918,1.468,5.862,18.672,54,51,1.0588,1.0247,19.47
R0005770,2025-02-14 05:15:00,Central,Economy,7,0,0.804,1.866,19.057,69.861,75,34,2.2059,1.5065,80.76
R0005771,2025-07-29 09:24:00,Tech Park,Economy,5,1,0.421,1.006,9.453,28.312,64,44,1.4545,1.1909,22.49
R0005772,2025-06-23 05:53:00,North,Comfort,9,0,0.304,1.288,8.563,29.073,63,31,2.0323,1.4335,33.94
R0005773,2025-01-03 11:53:00,Central,Premium,0,1,0.812,0.704,11.334,28.542,57,37,1.5405,1.227,42.09
R0005774,2025-03-03 15:02:00,Tech Park,Comfort,11,0,0.017,1.364,13.032,42.31,54,48,1.125,1.0525,36.73
R0005775,2025-10-20 00:48:00,Airport,Comfort,22,0,0.91,1.133,3.915,11.534,54,36,1.5,1.21,15.47
R0005776,2025-04-05 16:58:00,Tech Park,Economy,9,0,0.385,1.757,8.012,30.831,67,39,1.7179,1.3015,28.06
R0005777,2025-04-21 12:05:00,Central,Comfort,2,1,1.73,1.141,26.558,82.358,60,56,1.0714,1.03,80.59
R0005778,2025-03-04 08:21:00,University,Economy,16,1,0.541,1.042,19.306,55.912,56,42,1.3333,1.14,40.92
R0005779,2025-09-26 21:22:00,Airport,Comfort,3,0,1.658,1.252,7.326,25.401,55,55,1.0,1.0,26.23
R0005780,2025-05-25 18:50:00,South,Comfort,4,0,0.17,1.074,11.593,35.735,31,44,0.7045,1.0,33.48
R0005781,2025-04-10 00:04:00,South,Economy,3,0,0.152,1.044,6.491,22.308,44,40,1.1,1.042,15.98
R0005782,2025-06-20 03:52:00,South,Premium,21,1,0.233,1.426,9.436,30.859,64,35,1.8286,1.348,46.93
R0005783,2025-04-14 18:01:00,Tech Park,Economy,23,0,1.986,1.19,6.037,21.279,52,43,1.2093,1.0879,17.99
R0005784,2025-07-06 13:34:00,Airport,Economy,13,1,0.519,1.079,5.981,21.148,56,49,1.1429,1.06,13.47
R0005785,2025-08-06 11:20:00,North,Economy,14,0,0.29,0.736,5.61,16.663,36,52,0.6923,1.0,11.0
R0005786,2025-01-28 04:59:00,University,Economy,15,0,0.798,0.996,19.595,62.866,29,46,0.6304,1.0,30.26
R0005787,2025-01-07 04:16:00,University,Economy,14,0,0.25,1.017,5.964,19.964,43,60,0.7167,1.0,15.53
R0005788,2025-10-11 10:08:00,North,Premium,13,0,0.79,1.214,14.556,50.233,41,38,1.0789,1.0332,57.36
R0005789,2025-02-13 08:37:00,South,Economy,23,1,0.515,1.363,6.126,26.707,57,44,1.2955,1.1241,22.37
R0005790,2025-02-05 13:55:00,Tech Park,Comfort,17,1,0.278,1.514,5.752,17.016,75,31,2.4194,1.5961,25.96
R0005791,2025-12-20 10:41:00,Tech Park,Economy,2,1,0.546,1.105,9.623,32.797,55,46,1.1957,1.0822,23.27
R0005792,2025-11-23 16:33:00,University,Comfort,9,0,0.547,1.312,3.803,14.673,74,43,1.7209,1.3028,21.78
R0005793,2025-06-17 14:23:00,Tech Park,Comfort,23,1,1.164,1.27,11.196,37.071,63,41,1.5366,1.2254,41.75
R0005794,2025-01-25 11:22:00,North,Economy,9,0,0.112,1.406,7.208,23.438,65,45,1.4444,1.1867,17.85
R0005795,2025-10-29 12:49:00,South,Economy,4,0,0.333,1.004,5.738,16.201,37,39,0.9487,1.0,11.28
R0005796,2025-12-04 13:32:00,North,Comfort,20,0,0.68,1.758,5.099,17.254,70,37,1.8919,1.3746,22.84
R0005797,2025-10-27 05:46:00,Airport,Economy,14,0,0.217,1.132,22.971,75.59,44,43,1.0233,1.0098,49.21
R0005798,2025-12-15 13:15:00,Tech Park,Economy,13,0,0.454,0.82,7.623,23.512,72,39,1.8462,1.3554,22.93
R0005799,2025-01-03 04:34:00,South,Economy,10,0,0.271,1.743,7.448,24.814,60,34,1.7647,1.3212,23.88
R0005800,2025-12-01 04:57:00,Airport,Economy,2,0,0.368,1.059,12.555,36.226,42,43,0.9767,1.0,25.63
R0005801,2025-06-18 15:14:00,Tech Park,Premium,9,0,0.154,1.806,4.89,14.573,74,50,1.48,1.2016,25.11
R0005802,2025-04-27 03:55:00,Central,Premium,10,0,2.677,2.295,14.496,62.114,87,55,1.5818,1.2444,118.08
R0005803,2025-08-16 04:02:00,Airport,Comfort,22,0,0.019,1.293,7.617,25.582,45,37,1.2162,1.0908,25.03
R0005804,2025-12-28 20:41:00,South,Economy,7,1,0.269,1.342,3.629,14.199,63,38,1.6579,1.2763,13.73
R0005805,2025-10-17 19:21:00,Tech Park,Premium,3,0,0.537,1.169,5.802,19.166,51,38,1.3421,1.1437,26.06
R0005806,2025-05-07 00:09:00,North,Economy,10,0,0.532,1.362,4.253,17.227,53,25,2.12,1.4704,14.88
R0005807,2025-12-19 14:24:00,Airport,Premium,23,1,1.51,1.506,8.122,27.676,63,47,1.3404,1.143,42.1
R0005808,2025-04-05 07:28:00,South,Economy,11,1,0.11,1.28,5.02,17.903,49,53,0.9245,1.0,12.98
R0005809,2025-02-22 00:05:00,Airport,Economy,9,1,0.055,1.736,4.725,18.763,74,34,2.1765,1.4941,18.81
R0005810,2025-11-04 06:41:00,University,Comfort,16,1,0.316,0.98,9.122,25.25,52,39,1.3333,1.14,27.24
R0005811,2025-09-14 19:58:00,Central,Premium,15,1,0.538,1.195,7.958,24.305,55,39,1.4103,1.1723,34.43
R0005812,2025-02-09 12:37:00,University,Economy,7,0,0.396,1.522,15.105,51.34,61,33,1.8485,1.3564,47.5
R0005813,2025-06-10 15:47:00,Airport,Economy,23,1,1.252,1.228,14.742,47.812,59,49,1.2041,1.0857,36.88
R0005814,2025-02-11 02:44:00,Airport,Economy,14,1,0.132,1.007,8.035,27.904,49,31,1.5806,1.2439,22.43
R0005815,2025-05-24 20:23:00,North,Premium,1,0,0.282,0.691,10.225,28.721,32,43,0.7442,1.0,31.36
R0005816,2025-07-29 12:00:00,Tech Park,Comfort,9,1,0.898,1.566,3.582,13.417,89,42,2.119,1.47,20.19
R0005817,2025-01-01 09:15:00,University,Premium,22,1,0.547,1.507,11.391,40.127,56,43,1.3023,1.127,50.79
R0005818,2025-05-12 15:02:00,South,Comfort,9,1,1.536,1.811,9.737,36.102,67,49,1.3673,1.1543,45.94
R0005819,2025-12-28 09:54:00,Central,Comfort,13,1,0.548,1.128,13.128,40.945,59,47,1.2553,1.1072,40.14
R0005820,2025-05-06 15:46:00,Airport,Economy,14,0,0.108,1.018,6.564,23.97,52,53,0.9811,1.0,14.07
R0005821,2025-08-14 14:14:00,South,Economy,16,0,1.383,1.175,6.595,21.117,40,36,1.1111,1.0467,18.29
R0005822,2025-05-12 19:20:00,North,Comfort,20,0,1.255,1.782,6.618,25.67,64,31,2.0645,1.4471,36.08
R0005823,2025-08-18 18:01:00,University,Economy,3,1,0.789,1.069,17.099,50.667,67,49,1.3673,1.1543,40.21
R0005824,2025-03-25 08:09:00,North,Economy,12,1,3.0,1.129,9.076,31.589,51,46,1.1087,1.0457,28.04
R0005825,2025-12-08 16:12:00,Tech Park,Economy,12,1,0.574,1.245,3.412,10.099,57,53,1.0755,1.0317,8.22
R0005826,2025-04-29 04:15:00,Tech Park,Comfort,3,1,0.618,1.402,11.072,37.23,53,48,1.1042,1.0438,31.59
R0005827,2025-03-27 12:08:00,Airport,Comfort,16,1,1.228,1.012,6.021,21.18,51,50,1.02,1.0084,19.73
R0005828,2025-02-05 17:52:00,North,Economy,2,0,0.711,1.054,14.105,41.142,37,44,0.8409,1.0,27.77
R0005829,2025-09-14 23:59:00,University,Premium,10,1,0.611,1.93,10.447,41.964,73,40,1.825,1.3465,68.65
R0005830,2025-09-30 17:56:00,North,Economy,7,0,0.053,1.421,15.367,47.051,52,49,1.0612,1.0257,29.56
R0005831,2025-06-17 21:39:00,South,Economy,3,0,0.09,1.086,13.755,39.991,33,39,0.8462,1.0,28.46
R0005832,2025-02-10 21:44:00,University,Economy,19,0,0.09,2.345,13.008,53.886,64,43,1.4884,1.2051,47.41
R0005833,2025-06-28 01:58:00,Central,Economy,5,0,0.376,1.182,14.497,51.081,53,49,1.0816,1.0343,40.3
R0005834,2025-08-07 13:28:00,University,Economy,6,0,1.598,1.3,12.162,40.19,46,51,0.902,1.0,30.48
R0005835,2025-10-14 08:13:00,North,Comfort,20,0,2.284,2.12,5.304,22.295,82,43,1.907,1.3809,36.13
R0005836,2025-02-01 16:17:00,South,Comfort,21,0,1.774,2.009,4.141,19.588,66,47,1.4043,1.1698,24.43
R0005837,2025-04-09 03:43:00,Central,Economy,0,1,1.838,1.212,4.92,14.264,68,40,1.7,1.294,14.57
R0005838,2025-12-16 16:17:00,South,Premium,6,0,0.188,0.721,11.61,25.745,36,49,0.7347,1.0,30.36
R0005839,2025-12-08 19:33:00,Airport,Premium,17,0,0.547,1.755,2.287,13.414,82,48,1.7083,1.2975,22.87
R0005840,2025-05-26 12:50:00,Airport,Economy,18,0,0.157,1.712,7.702,29.83,66,43,1.5349,1.2247,25.1
R0005841,2025-06-28 03:43:00,North,Economy,23,0,0.76,1.083,6.711,20.457,40,61,0.6557,1.0,15.49
R0005842,2025-06-14 08:43:00,Central,Economy,13,0,0.38,1.365,15.228,50.506,58,46,1.2609,1.1096,34.86
R0005843,2025-07-08 11:46:00,South,Comfort,0,0,0.056,1.27,7.283,26.607,35,49,0.7143,1.0,24.79
R0005844,2025-10-12 16:11:00,Airport,Economy,20,1,0.852,1.843,6.343,24.154,68,25,2.72,1.7224,33.33
R0005845,2025-05-23 22:38:00,Central,Comfort,3,0,0.242,0.993,16.02,48.185,51,49,1.0408,1.0171,39.01
R0005846,2025-04-04 17:38:00,Central,Comfort,2,1,0.492,0.712,7.385,25.587,62,56,1.1071,1.045,23.51
R0005847,2025-01-28 19:19:00,North,Economy,16,0,0.307,1.024,6.757,18.498,33,49,0.6735,1.0,9.44
R0005848,2025-06-22 04:15:00,Central,Economy,14,1,0.958,0.842,5.935,19.053,65,44,1.4773,1.2005,17.72
R0005849,2025-07-22 04:21:00,Central,Economy,1,1,0.634,0.69,9.089,22.774,65,39,1.6667,1.28,21.36
R0005850,2025-09-06 20:08:00,South,Economy,4,0,0.54,1.214,6.473,24.887,43,44,0.9773,1.0,13.45
R0005851,2025-08-28 15:31:00,Tech Park,Comfort,14,0,1.725,1.522,6.486,23.83,52,43,1.2093,1.0879,23.6
R0005852,2025-05-09 08:25:00,Tech Park,Comfort,6,0,0.331,0.709,17.247,45.732,60,46,1.3043,1.1278,41.92
R0005853,2025-01-19 12:29:00,Central,Comfort,16,0,0.806,1.099,7.98,22.01,62,44,1.4091,1.1718,23.54
R0005854,2025-06-15 10:56:00,Tech Park,Comfort,9,0,0.345,1.609,6.071,21.477,77,37,2.0811,1.4541,30.0
R0005855,2025-04-19 06:22:00,South,Economy,14,0,3.0,1.487,4.494,16.802,44,44,1.0,1.0,16.01
R0005856,2025-03-24 00:17:00,South,Economy,11,1,1.427,1.009,8.664,29.239,41,44,0.9318,1.0,24.43
R0005857,2025-10-30 20:10:00,Central,Economy,8,1,2.181,2.182,5.71,21.389,79,47,1.6809,1.286,25.17
R0005858,2025-06-15 06:11:00,Central,Economy,8,0,0.617,1.418,6.343,20.335,70,49,1.4286,1.18,19.34
R0005859,2025-06-30 18:43:00,North,Economy,16,0,1.477,0.915,4.863,14.158,37,48,0.7708,1.0,11.18
R0005860,2025-08-18 12:14:00,Central,Economy,12,0,0.108,0.772,8.656,23.22,43,59,0.7288,1.0,16.34
R0005861,2025-08-08 22:55:00,Tech Park,Comfort,14,0,0.438,1.165,3.793,11.901,53,36,1.4722,1.1983,14.03
R0005862,2025-12-07 15:19:00,Central,Economy,13,1,0.74,1.085,9.741,28.373,74,48,1.5417,1.2275,21.92
R0005863,2025-05-14 22:13:00,Central,Economy,4,0,1.608,1.151,5.751,19.834,62,43,1.4419,1.1856,17.68
R0005864,2025-08-17 19:40:00,Central,Economy,21,0,0.57,1.748,11.521,41.169,82,49,1.6735,1.2829,38.46
R0005865,2025-01-21 20:51:00,Central,Economy,13,0,0.432,1.138,10.144,32.129,52,46,1.1304,1.0548,20.37
R0005866,2025-01-05 07:35:00,North,Economy,17,0,1.129,1.338,8.225,28.385,59,37,1.5946,1.2497,26.36
R0005867,2025-07-24 13:01:00,Airport,Economy,21,0,2.087,2.019,12.371,45.056,70,43,1.6279,1.2637,47.66
R0005868,2025-02-03 02:40:00,South,Economy,22,0,1.196,1.428,18.289,62.498,37,52,0.7115,1.0,44.25
R0005869,2025-04-04 00:40:00,Central,Premium,16,0,0.859,1.132,15.606,48.976,48,52,0.9231,1.0,59.99
R0005870,2025-09-15 00:34:00,South,Economy,18,0,1.467,1.772,3.777,15.395,56,41,1.3659,1.1537,19.26
R0005871,2025-09-17 02:51:00,University,Economy,11,1,1.374,1.588,5.568,20.138,65,49,1.3265,1.1371,16.5
R0005872,2025-05-07 11:43:00,University,Economy,17,0,1.201,1.638,5.956,21.411,67,38,1.7632,1.3205,22.11
R0005873,2025-05-25 11:22:00,South,Economy,7,1,1.402,1.772,11.037,40.872,65,37,1.7568,1.3178,40.84
R0005874,2025-11-27 08:37:00,North,Economy,17,0,0.761,1.747,5.829,22.312,77,39,1.9744,1.4092,23.65
R0005875,2025-07-05 16:32:00,Tech Park,Economy,2,0,2.432,1.446,5.704,17.61,71,42,1.6905,1.29,22.7
R0005876,2025-05-11 03:48:00,University,Premium,21,1,0.112,1.521,5.187,22.306,65,46,1.413,1.1735,33.85
R0005877,2025-07-24 22:33:00,North,Premium,5,0,0.996,1.195,9.156,28.042,50,44,1.1364,1.0573,41.74
R0005878,2025-05-28 20:11:00,Airport,Comfort,15,0,0.265,1.33,11.013,36.674,48,52,0.9231,1.0,31.63
R0005879,2025-09-21 15:46:00,Tech Park,Economy,0,0,0.692,1.27,3.989,16.548,43,45,0.9556,1.0,10.75
R0005880,2025-06-05 15:00:00,Airport,Economy,3,1,0.124,1.009,5.854,17.769,45,44,1.0227,1.0095,12.42
R0005881,2025-10-24 09:06:00,Tech Park,Economy,23,1,0.368,0.911,2.739,9.758,60,35,1.7143,1.3,9.16
R0005882,2025-03-20 12:35:00,Airport,Comfort,20,0,0.424,1.495,2.085,3.601,71,40,1.775,1.3255,9.31
R0005883,2025-02-06 19:45:00,Airport,Economy,5,0,0.893,1.332,10.141,29.408,57,43,1.3256,1.1367,26.0
R0005884,2025-09-16 16:10:00,Tech Park,Comfort,3,0,0.334,0.773,9.239,26.458,52,49,1.0612,1.0257,25.05
R0005885,2025-02-04 01:37:00,Tech Park,Economy,19,0,0.462,2.066,8.541,34.421,51,40,1.275,1.1155,33.38
R0005886,2025-07-18 03:45:00,South,Economy,23,0,1.173,1.205,18.594,61.103,38,39,0.9744,1.0,41.41
R0005887,2025-02-28 15:50:00,Tech Park,Economy,4,0,1.638,1.047,3.091,12.348,49,42,1.1667,1.07,10.56
R0005888,2025-03-05 08:04:00,Tech Park,Economy,15,1,0.405,1.106,2.474,5.395,57,44,1.2955,1.1241,6.75
R0005889,2025-08-29 04:01:00,North,Comfort,6,0,1.852,1.189,4.188,17.108,41,46,0.8913,1.0,16.47
R0005890,2025-12-15 17:55:00,University,Economy,17,1,1.105,1.674,2.421,7.288,53,26,2.0385,1.4362,10.52
R0005891,2025-04-02 15:34:00,Central,Economy,10,0,1.832,1.608,5.544,22.339,80,40,2.0,1.42,26.36
R0005892,2025-03-28 07:59:00,Central,Economy,3,1,0.65,1.074,10.704,32.22,69,39,1.7692,1.3231,30.25
R0005893,2025-10-10 08:43:00,Tech Park,Comfort,7,0,0.453,1.25,9.144,35.932,65,44,1.4773,1.2005,35.53
R0005894,2025-06-04 08:11:00,North,Economy,12,0,0.557,0.992,13.669,39.752,43,37,1.1622,1.0681,25.0
R0005895,2025-05-21 03:46:00,University,Economy,19,0,0.871,1.558,9.525,33.477,57,36,1.5833,1.245,31.83
R0005896,2025-05-02 21:57:00,Airport,Economy,0,0,0.637,1.024,6.22,20.014,49,51,0.9608,1.0,13.02
R0005897,2025-06-03 03:56:00,Airport,Economy,22,0,0.655,0.98,5.817,17.737,40,39,1.0256,1.0108,13.68
R0005898,2025-06-13 06:08:00,Airport,Economy,15,0,1.097,1.204,9.881,29.67,44,34,1.2941,1.1235,26.68
R0005899,2025-07-23 21:52:00,South,Economy,21,0,0.339,1.771,3.348,18.253,49,38,1.2895,1.1216,17.22
R0005900,2025-07-16 12:22:00,Tech Park,Economy,22,0,0.718,1.194,1.353,4.303,39,48,0.8125,1.0,6.31
R0005901,2025-08-13 23:14:00,North,Economy,3,1,0.122,1.256,9.627,30.09,45,31,1.4516,1.1897,26.25
R0005902,2025-07-18 03:44:00,Airport,Economy,2,1,0.59,1.017,8.836,27.009,48,40,1.2,1.084,20.76
R0005903,2025-01-07 15:52:00,North,Comfort,18,0,0.417,1.683,18.414,66.023,65,43,1.5116,1.2149,67.81
R0005904,2025-09-17 22:44:00,Central,Economy,4,1,0.433,1.144,11.393,34.424,65,45,1.4444,1.1867,32.74
R0005905,2025-06-01 04:02:00,South,Economy,3,0,0.163,1.237,9.208,32.152,36,39,0.9231,1.0,22.13
R0005906,2025-01-26 08:48:00,South,Comfort,11,0,0.318,0.926,6.543,20.397,31,59,0.5254,1.0,19.23
R0005907,2025-10-26 01:26:00,Airport,Comfort,21,1,0.893,1.853,4.972,19.568,62,31,2.0,1.42,29.57
R0005908,2025-05-11 00:54:00,North,Economy,19,0,0.212,1.434,6.658,24.492,56,50,1.12,1.0504,14.86
R0005909,2025-08-11 17:57:00,South,Comfort,12,0,0.046,0.906,13.136,36.672,40,43,0.9302,1.0,28.46
R0005910,2025-11-15 10:30:00,Central,Economy,4,0,1.249,1.16,10.024,30.65,48,50,0.96,1.0,25.81
R0005911,2025-04-11 08:16:00,North,Comfort,8,0,1.295,1.865,12.985,48.653,60,31,1.9355,1.3929,62.34
R0005912,2025-02-06 20:19:00,South,Economy,16,0,2.888,1.324,8.237,29.705,40,43,0.9302,1.0,24.61
R0005913,2025-12-06 07:23:00,North,Comfort,3,0,0.999,1.009,4.736,14.736,37,48,0.7708,1.0,15.47
R0005914,2025-09-02 23:30:00,Airport,Economy,12,0,0.104,0.903,14.707,42.236,52,48,1.0833,1.035,26.47
R0005915,2025-12-20 12:07:00,Central,Economy,0,0,0.218,1.048,13.993,38.012,69,59,1.1695,1.0712,31.07
R0005916,2025-07-10 06:00:00,Tech Park,Comfort,7,0,2.563,1.843,8.602,31.083,82,32,2.5625,1.6562,54.91
R0005917,2025-06-19 18:11:00,Central,Economy,5,0,0.674,1.169,10.546,29.967,56,54,1.037,1.0156,19.95
R0005918,2025-08-29 02:07:00,Tech Park,Economy,16,1,1.263,1.163,10.232,29.507,59,38,1.5526,1.2321,27.59
R0005919,2025-05-07 17:27:00,North,Economy,21,1,0.013,1.671,6.004,23.138,61,33,1.8485,1.3564,23.38
R0005920,2025-09-16 18:11:00,North,Economy,3,0,0.546,1.11,6.733,28.953,30,38,0.7895,1.0,19.64
R0005921,2025-11-15 14:21:00,Tech Park,Economy,19,1,0.596,1.973,4.71,19.48,84,39,2.1538,1.4846,24.12
R0005922,2025-10-28 09:20:00,North,Economy,15,0,1.27,1.25,6.719,23.147,32,47,0.6809,1.0,16.49
R0005923,2025-04-13 22:39:00,Central,Economy,23,0,0.699,0.907,13.694,38.451,45,40,1.125,1.0525,26.26
R0005924,2025-06-28 18:31:00,Airport,Economy,21,0,0.566,1.614,12.337,41.404,54,32,1.6875,1.2888,34.93
R0005925,2025-09-23 15:28:00,Tech Park,Premium,2,0,0.07,1.016,10.561,36.797,50,48,1.0417,1.0175,42.03
R0005926,2025-01-26 15:08:00,North,Economy,17,1,0.395,1.457,13.165,43.025,74,32,2.3125,1.5512,40.96
R0005927,2025-09-08 11:27:00,Tech Park,Economy,14,1,0.33,1.332,6.354,17.322,59,48,1.2292,1.0962,12.23
R0005928,2025-06-29 11:19:00,North,Economy,2,0,0.539,1.041,4.074,13.998,37,44,0.8409,1.0,12.37
R0005929,2025-08-20 09:59:00,North,Economy,6,0,0.27,0.933,7.126,20.811,51,31,1.6452,1.271,17.45
R0005930,2025-05-01 13:59:00,Central,Comfort,22,0,0.401,1.105,7.443,25.059,51,48,1.0625,1.0263,27.61
R0005931,2025-02-28 18:07:00,Central,Comfort,13,0,1.764,1.154,11.264,39.094,59,61,0.9672,1.0,36.48
R0005932,2025-02-28 00:03:00,Tech Park,Comfort,8,0,1.226,1.945,10.291,40.42,82,38,2.1579,1.4863,59.55
R0005933,2025-03-06 05:29:00,Airport,Premium,7,1,0.197,1.723,13.542,49.596,82,37,2.2162,1.5108,92.94
R0005934,2025-12-10 07:48:00,University,Economy,20,1,1.392,1.824,2.565,12.185,88,36,2.4444,1.6067,20.03
R0005935,2025-05-22 10:30:00,Airport,Comfort,6,1,0.623,1.219,5.008,22.905,57,32,1.7812,1.3281,27.36
R0005936,2025-02-17 07:50:00,South,Economy,3,0,2.155,1.298,7.387,29.807,40,40,1.0,1.0,23.15
R0005937,2025-07-17 22:10:00,Airport,Premium,13,0,0.794,0.872,10.111,29.031,70,55,1.2727,1.1145,40.91
R0005938,2025-12-08 03:51:00,Tech Park,Economy,23,0,0.753,1.077,24.579,76.478,64,39,1.641,1.2692,62.63
R0005939,2025-05-14 01:20:00,Central,Economy,4,1,0.399,0.981,4.538,18.518,56,54,1.037,1.0156,12.75
R0005940,2025-04-24 02:35:00,South,Comfort,6,0,1.049,0.822,5.257,17.477,30,42,0.7143,1.0,16.66
R0005941,2025-09-25 04:28:00,University,Economy,11,0,1.242,1.033,6.154,19.375,45,37,1.2162,1.0908,19.92
R0005942,2025-09-03 07:08:00,South,Premium,4,0,0.476,0.864,5.155,14.759,29,48,0.6042,1.0,18.04
R0005943,2025-04-12 06:57:00,Central,Comfort,15,1,1.222,1.03,4.766,15.661,62,34,1.8235,1.3459,21.07
R0005944,2025-01-01 21:14:00,Tech Park,Comfort,6,1,0.786,1.382,7.967,24.679,53,39,1.359,1.1508,27.29
R0005945,2025-08-10 05:59:00,North,Economy,3,0,1.27,1.321,13.343,45.802,35,52,0.6731,1.0,32.47
R0005946,2025-12-03 19:51:00,Airport,Economy,6,0,0.75,1.309,8.295,30.791,41,36,1.1389,1.0583,21.31
R0005947,2025-03-31 13:13:00,North,Comfort,22,1,1.299,1.325,4.841,16.005,55,47,1.1702,1.0715,20.89
R0005948,2025-06-10 07:44:00,Tech Park,Economy,22,0,0.334,1.255,6.973,22.243,44,50,0.88,1.0,15.24
R0005949,2025-06-11 00:14:00,North,Economy,12,0,0.137,1.03,4.388,12.011,35,35,1.0,1.0,10.38
R0005950,2025-06-21 09:59:00,Tech Park,Premium,9,0,0.321,1.881,13.339,51.193,64,32,2.0,1.42,93.86
R0005951,2025-06-05 03:34:00,Tech Park,Premium,19,0,0.502,1.419,17.446,58.28,75,53,1.4151,1.1743,79.51
R0005952,2025-06-09 16:15:00,North,Premium,4,0,0.18,1.02,3.231,7.749,45,35,1.2857,1.12,13.03
R0005953,2025-07-06 01:03:00,Central,Economy,15,1,0.321,0.873,8.811,32.515,61,46,1.3261,1.137,21.08
R0005954,2025-12-17 04:52:00,Tech Park,Economy,16,0,1.058,1.414,5.063,14.052,68,51,1.3333,1.14,12.62
R0005955,2025-10-02 19:22:00,Central,Premium,17,0,0.14,1.651,8.041,26.1,70,48,1.4583,1.1925,38.98
R0005956,2025-03-09 01:30:00,Central,Economy,5,0,1.075,1.407,7.411,27.623,52,38,1.3684,1.1547,22.86
R0005957,2025-05-05 11:39:00,Central,Economy,17,0,1.951,1.649,3.715,15.768,93,43,2.1628,1.4884,22.48
R0005958,2025-11-02 15:29:00,University,Economy,14,0,0.846,1.044,15.102,44.288,48,44,1.0909,1.0382,29.74
R0005959,2025-08-24 08:02:00,Central,Comfort,21,0,0.615,1.34,7.146,22.573,91,43,2.1163,1.4688,31.18
R0005960,2025-06-28 11:18:00,Central,Economy,4,0,0.613,1.175,5.998,20.797,52,49,1.0612,1.0257,14.48
R0005961,2025-11-24 10:15:00,Central,Economy,14,0,0.283,0.974,8.281,26.162,57,50,1.14,1.0588,20.84
R0005962,2025-06-24 12:03:00,Airport,Economy,19,0,0.281,1.737,4.812,16.92,56,36,1.5556,1.2333,16.36
R0005963,2025-04-25 03:59:00,University,Economy,6,0,1.371,1.252,7.022,25.556,48,50,0.96,1.0,18.08
R0005964,2025-09-21 07:31:00,South,Comfort,17,0,1.041,1.354,2.828,11.809,58,39,1.4872,1.2046,14.14
R0005965,2025-07-07 15:52:00,Tech Park,Economy,2,0,0.37,0.768,2.125,10.182,47,47,1.0,1.0,6.54
R0005966,2025-02-23 04:38:00,Tech Park,Economy,17,0,1.112,1.765,4.556,17.566,72,47,1.5319,1.2234,19.39
R0005967,2025-04-21 06:37:00,Central,Economy,14,0,0.542,1.181,5.796,20.985,56,40,1.4,1.168,17.59
R0005968,2025-11-02 08:56:00,Tech Park,Economy,4,1,0.891,0.761,2.955,8.969,56,52,1.0769,1.0323,12.9
R0005969,2025-10-31 00:04:00,University,Economy,1,0,0.256,1.031,5.908,19.981,49,48,1.0208,1.0088,13.21
R0005970,2025-09-23 18:01:00,Tech Park,Premium,17,1,3.0,1.907,5.792,23.548,85,38,2.2368,1.5195,53.86
R0005971,2025-04-16 22:25:00,Tech Park,Economy,5,0,1.457,1.062,7.509,25.541,65,38,1.7105,1.2984,24.48
R0005972,2025-03-03 06:26:00,North,Economy,11,1,0.817,1.029,10.889,34.492,48,39,1.2308,1.0969,30.77
R0005973,2025-12-26 13:47:00,Tech Park,Economy,1,0,0.418,1.098,19.919,56.759,41,49,0.8367,1.0,37.29
R0005974,2025-07-07 21:44:00,Airport,Premium,23,0,0.094,0.89,9.831,27.71,40,53,0.7547,1.0,31.31
R0005975,2025-01-25 06:15:00,Tech Park,Comfort,13,0,0.419,0.718,4.521,13.71,47,42,1.119,1.05,12.96
R0005976,2025-11-18 16:28:00,Central,Economy,22,0,0.901,1.183,11.207,36.77,72,61,1.1803,1.0757,26.67
R0005977,2025-11-23 11:28:00,South,Economy,3,1,0.229,0.978,16.782,51.671,27,38,0.7105,1.0,35.18
R0005978,2025-06-23 02:50:00,University,Economy,4,1,0.411,0.905,4.195,14.534,48,46,1.0435,1.0183,9.77
R0005979,2025-10-20 17:52:00,South,Comfort,14,0,0.926,1.111,4.325,12.902,42,43,0.9767,1.0,13.68
R0005980,2025-11-15 18:55:00,Airport,Premium,14,0,2.048,1.306,3.555,14.755,57,35,1.6286,1.264,27.36
R0005981,2025-02-26 07:54:00,Tech Park,Comfort,18,0,0.731,1.69,5.695,19.572,63,44,1.4318,1.1814,23.72
R0005982,2025-08-02 02:45:00,University,Comfort,22,0,0.333,1.015,9.538,32.063,28,40,0.7,1.0,26.78
R0005983,2025-09-01 10:12:00,South,Economy,19,1,0.913,1.744,17.562,66.464,60,41,1.4634,1.1946,51.19
R0005984,2025-12-30 16:51:00,University,Economy,3,0,0.39,1.062,12.685,38.928,50,48,1.0417,1.0175,26.35
R0005985,2025-01-14 12:59:00,Tech Park,Comfort,7,1,0.627,1.81,9.603,34.536,89,38,2.3421,1.5637,51.4
R0005986,2025-02-16 05:35:00,University,Comfort,21,0,0.653,1.953,7.966,29.521,56,40,1.4,1.168,37.02
R0005987,2025-01-20 23:45:00,Central,Economy,13,1,0.255,1.043,9.634,27.386,59,36,1.6389,1.2683,23.21
R0005988,2025-12-04 06:25:00,North,Economy,20,0,0.317,1.495,9.952,32.519,55,49,1.1224,1.0514,23.66
R0005989,2025-07-27 03:16:00,Tech Park,Economy,13,0,1.404,0.994,15.907,47.153,36,47,0.766,1.0,33.28
R0005990,2025-04-13 22:16:00,University,Economy,1,1,2.38,1.545,7.679,26.095,69,62,1.1129,1.0474,24.09
R0005991,2025-08-03 04:14:00,Central,Comfort,11,0,0.233,0.88,8.971,23.054,49,48,1.0208,1.0088,17.39
R0005992,2025-04-05 16:40:00,Central,Economy,19,0,0.266,2.021,6.205,23.812,78,41,1.9024,1.379,26.14
R0005993,2025-04-24 04:29:00,Central,Comfort,15,0,0.725,1.631,8.268,30.113,64,36,1.7778,1.3267,34.7
R0005994,2025-02-16 08:53:00,Tech Park,Economy,3,0,0.604,1.07,6.747,20.723,64,39,1.641,1.2692,18.51
R0005995,2025-11-15 01:14:00,University,Comfort,5,1,0.466,0.784,4.038,10.5,56,36,1.5556,1.2333,14.52
R0005996,2025-08-13 03:44:00,South,Premium,20,1,0.802,1.812,12.557,41.322,84,46,1.8261,1.347,77.19
R0005997,2025-08-09 21:09:00,Airport,Comfort,23,0,0.137,1.402,17.611,61.117,41,36,1.1389,1.0583,51.28
R0005998,2025-04-29 09:13:00,Central,Comfort,18,1,0.999,1.494,7.61,26.673,93,47,1.9787,1.4111,35.06
R0005999,2025-08-23 20:08:00,Tech Park,Economy,2,0,0.364,1.407,9.324,32.474,54,50,1.08,1.0336,19.46
